Method,trial_num,Bounds,Dimensions,Samples,Iterations,Function,Fitness_Value,Run_Time_Sec
HDS,0,"[(-100, 100)]",10,1000,100,F102017,1030.1489921235118,13.197512865066528
HDS,0,"[(-100, 100)]",50,1000,100,F102017,265375.80180353863,14.626643896102903
HDS,0,"[(-100, 100)]",30,1000,100,F102017,115309.33397456634,14.575648069381714
HDS,0,"[(-100, 100)]",100,1000,100,F102017,1447265.9926705826,14.92371702194214
HDS,0,"[(-100, 100)]",10,1000,100,F112017,185599.71087044975,17.353888988494873
HDS,0,"[(-100, 100)]",30,1000,100,F112017,31267385.30779171,17.543477058410645
HDS,0,"[(-100, 100)]",50,1000,100,F112017,157067252.5218249,17.696208000183105
HDS,0,"[(-100, 100)]",100,1000,100,F112017,2609109584.9377856,18.91977906227112
Sobol,0,"[(-100, 100)]",10,1000,100,F102017,1038.4448467371035,14.385634899139404
Sobol,0,"[(-100, 100)]",50,1000,100,F102017,310359.3763623857,14.334174871444702
Sobol,0,"[(-100, 100)]",30,1000,100,F102017,67750.20621788607,14.62328600883484
Sobol,0,"[(-100, 100)]",100,1000,100,F102017,1192436.8492591528,14.632447957992554
Sobol,0,"[(-100, 100)]",30,1000,100,F112017,73790696.86272275,17.56480884552002
Sobol,0,"[(-100, 100)]",50,1000,100,F112017,213451106.5244055,17.593202829360962
Sobol,0,"[(-100, 100)]",10,1000,100,F112017,93814.42071665544,17.909343957901
Sobol,0,"[(-100, 100)]",100,1000,100,F112017,3998469074.0286913,18.46941900253296
HDS,0,"[(-100, 100)]",10,1000,100,F12017,11292.015020524506,11.408370018005373
HDS,0,"[(-100, 100)]",30,1000,100,F12017,13091473.260192318,11.99463987350464
HDS,0,"[(-100, 100)]",100,1000,100,F12017,52026907108.63132,12.886906147003174
HDS,0,"[(-100, 100)]",50,1000,100,F12017,185908656.3634407,13.256832122802734
HDS,0,"[(-100, 100)]",10,1000,100,F122017,1644.2279461702258,14.958882093429564
Sobol,0,"[(-100, 100)]",10,1000,100,F12017,10324.472210652972,11.427390813827516
HDS,0,"[(-100, 100)]",50,1000,100,F122017,69395818.65163124,15.976745128631592
HDS,0,"[(-100, 100)]",30,1000,100,F122017,437005.3448393608,16.19674587249756
Sobol,0,"[(-100, 100)]",30,1000,100,F12017,22808488.97164345,11.599161148071287
HDS,0,"[(-100, 100)]",100,1000,100,F122017,1859575989.902438,16.89951801300049
Sobol,0,"[(-100, 100)]",100,1000,100,F12017,35637938042.02019,12.171154975891112
Sobol,0,"[(-100, 100)]",50,1000,100,F12017,852866590.617806,12.514845848083496
Sobol,0,"[(-100, 100)]",10,1000,100,F122017,1466.3892554977128,15.698917865753174
HDS,0,"[(-100, 100)]",10,1000,100,F132017,1366.473491879328,15.728652000427246
Sobol,0,"[(-100, 100)]",50,1000,100,F122017,28350143.93673056,15.941729068756104
Sobol,0,"[(-100, 100)]",30,1000,100,F122017,822674.7062269108,16.487428188323975
HDS,0,"[(-100, 100)]",30,1000,100,F132017,295533.67458275845,17.19831109046936
Sobol,0,"[(-100, 100)]",100,1000,100,F122017,7135391289.6258135,16.03815197944641
HDS,0,"[(-100, 100)]",50,1000,100,F132017,3054172.776897264,19.416751861572266
HDS,0,"[(-100, 100)]",100,1000,100,F132017,23121813.833656013,22.350929975509644
HDS,0,"[(-100, 100)]",10,1000,100,F142017,1689.993632152662,15.81865096092224
Sobol,0,"[(-100, 100)]",10,1000,100,F132017,1394.4440382923308,15.901979207992554
HDS,0,"[(-100, 100)]",30,1000,100,F142017,1136509.3236558645,16.205688953399658
HDS,0,"[(-100, 100)]",50,1000,100,F142017,10409802.932690164,17.361140966415405
Sobol,0,"[(-100, 100)]",30,1000,100,F132017,283419.9905371431,17.482124090194702
HDS,0,"[(-100, 100)]",100,1000,100,F142017,1166037188.6633615,18.30805802345276
Sobol,0,"[(-100, 100)]",50,1000,100,F132017,1985124.81061668,19.20041584968567
HDS,0,"[(-100, 100)]",10,1000,100,F152017,1338.0488815619944,14.635212182998655
Sobol,0,"[(-100, 100)]",10,1000,100,F142017,2432.042480137568,15.948645114898682
Sobol,0,"[(-100, 100)]",100,1000,100,F132017,43137596.38969012,22.00276803970337
Sobol,0,"[(-100, 100)]",30,1000,100,F142017,2166046.42597744,16.350115060806274
Sobol,0,"[(-100, 100)]",50,1000,100,F142017,4969045.31999814,17.321176052093506
Sobol,0,"[(-100, 100)]",100,1000,100,F142017,204474564.6583404,17.334309101104736
Sobol,0,"[(-100, 100)]",10,1000,100,F152017,1337.5562921244416,15.412564039230348
HDS,0,"[(-100, 100)]",30,1000,100,F152017,1864.3390181067305,28.301167726516724
HDS,0,"[(-100, 100)]",50,1000,100,F152017,46636.8438006885,33.0690438747406
HDS,0,"[(-100, 100)]",10,1000,100,F172017,,18.17441821098328
HDS,0,"[(-100, 100)]",10,1000,100,F162017,1496.7138488752933,39.73663687705994
HDS,0,"[(-100, 100)]",100,1000,100,F152017,357686.099022066,46.676801919937134
Sobol,0,"[(-100, 100)]",30,1000,100,F152017,2958.5987870291915,29.336833953857425
Sobol,0,"[(-100, 100)]",10,1000,100,F172017,,19.017677068710327
Sobol,0,"[(-100, 100)]",50,1000,100,F152017,10082.913048215329,34.2159149646759
HDS,0,"[(-100, 100)]",30,1000,100,F172017,169256.44486537745,19.14193272590637
HDS,0,"[(-100, 100)]",50,1000,100,F172017,950025.689376484,18.8199360370636
HDS,0,"[(-100, 100)]",30,1000,100,F162017,19289.794175524527,72.85129594802856
HDS,0,"[(-100, 100)]",100,1000,100,F172017,4650691.4515707465,19.90898108482361
Sobol,0,"[(-100, 100)]",10,1000,100,F162017,1654.6773310738192,41.36093306541443
Sobol,0,"[(-100, 100)]",30,1000,100,F172017,147870.3556995471,18.64588093757629
Sobol,0,"[(-100, 100)]",50,1000,100,F172017,1263574.7397774064,18.46792817115784
Sobol,0,"[(-100, 100)]",100,1000,100,F152017,266345.0561110613,47.15729308128357
HDS,0,"[(-100, 100)]",10,1000,100,F182017,1809.9682503978688,18.995012998580933
Sobol,0,"[(-100, 100)]",100,1000,100,F172017,8348294.876736409,19.27261209487915
HDS,0,"[(-100, 100)]",50,1000,100,F162017,38775663.80353618,108.19601488113403
Sobol,0,"[(-100, 100)]",10,1000,100,F182017,1810.8769758645883,19.544028282165527
HDS,0,"[(-100, 100)]",30,1000,100,F182017,242283.05348832716,42.61441993713379
HDS,0,"[(-100, 100)]",10,1000,100,F192017,1843.818770092999,40.25192499160767
HDS,0,"[(-100, 100)]",50,1000,100,F182017,6606557.901137295,56.14804410934448
Sobol,0,"[(-100, 100)]",30,1000,100,F162017,85524.92178421347,74.27855372428894
Sobol,0,"[(-100, 100)]",30,1000,100,F182017,842024.230367193,41.915525913238525
Sobol,0,"[(-100, 100)]",10,1000,100,F192017,1849.0921690827156,39.65544509887695
HDS,0,"[(-100, 100)]",100,1000,100,F182017,3032048109.3612785,92.41711378097534
HDS,0,"[(-100, 100)]",10,1000,100,F202017,2142.2333941748448,9.424059867858888
HDS,0,"[(-100, 100)]",30,1000,100,F192017,2149.492506641329,75.47624278068542
Sobol,0,"[(-100, 100)]",10,1000,100,F202017,2142.276505736341,6.775487899780273
HDS,0,"[(-100, 100)]",100,1000,100,F162017,76042601647.43219,190.4195508956909
Sobol,0,"[(-100, 100)]",50,1000,100,F182017,9530878.614700112,55.81390905380249
Sobol,0,"[(-100, 100)]",50,1000,100,F162017,1116060.691470205,107.53160881996156
HDS,0,"[(-100, 100)]",30,1000,100,F202017,2423.0678506065656,22.629873991012573
HDS,0,"[(-100, 100)]",50,1000,100,F202017,4396.980220472446,22.550981283187863
Sobol,0,"[(-100, 100)]",30,1000,100,F202017,2615.0558726356694,22.56720805168152
Sobol,0,"[(-100, 100)]",50,1000,100,F202017,4419.912264580549,21.950746059417725
HDS,0,"[(-100, 100)]",100,1000,100,F202017,33887.656848214174,25.321651935577396
HDS,0,"[(-100, 100)]",10,1000,100,F212017,2215.242344525489,3.231220006942749
Sobol,0,"[(-100, 100)]",10,1000,100,F212017,2216.761605896396,3.317359685897827
HDS,0,"[(-100, 100)]",50,1000,100,F192017,3244.879778079944,111.2456352710724
Sobol,0,"[(-100, 100)]",100,1000,100,F202017,34694.72434392902,24.389063835144043
HDS,0,"[(-100, 100)]",30,1000,100,F212017,2321.913035583509,26.59857416152954
Sobol,0,"[(-100, 100)]",30,1000,100,F192017,2372.6120871835715,76.79288697242737
HDS,0,"[(-100, 100)]",50,1000,100,F212017,2448.4120712360136,27.40753507614136
Sobol,0,"[(-100, 100)]",100,1000,100,F182017,563334792.849776,92.66616320610046
HDS,0,"[(-100, 100)]",10,1000,100,F22017,204.740171677212,14.857266902923584
HDS,0,"[(-100, 100)]",30,1000,100,F22017,19868.332519033225,14.19390106201172
Sobol,0,"[(-100, 100)]",30,1000,100,F212017,2297.8340878485683,25.921606063842773
HDS,0,"[(-100, 100)]",100,1000,100,F212017,3337.7232056844605,29.70751690864563
Sobol,0,"[(-100, 100)]",10,1000,100,F22017,200.348518930959,13.246803998947144
Sobol,0,"[(-100, 100)]",50,1000,100,F212017,2490.694741320656,26.97962212562561
Sobol,0,"[(-100, 100)]",30,1000,100,F22017,16203.24105485891,13.656167030334473
HDS,0,"[(-100, 100)]",50,1000,100,F22017,59259.18236089218,14.261438131332396
HDS,0,"[(-100, 100)]",10,1000,100,F222017,2364.9422253464595,9.3607759475708
HDS,0,"[(-100, 100)]",100,1000,100,F22017,299026.4053929431,16.59877896308899
Sobol,0,"[(-100, 100)]",10,1000,100,F222017,2374.2380576082323,9.74688196182251
Sobol,0,"[(-100, 100)]",50,1000,100,F22017,62577.835441291805,14.139425992965698
Sobol,0,"[(-100, 100)]",100,1000,100,F212017,3609.955166665647,28.57814884185791
Sobol,0,"[(-100, 100)]",100,1000,100,F22017,272350.89148571674,15.445630073547363
HDS,0,"[(-100, 100)]",30,1000,100,F222017,3162.830379681472,29.371934175491333
HDS,0,"[(-100, 100)]",10,1000,100,F232017,2546.057960889266,9.143609046936035
Sobol,0,"[(-100, 100)]",10,1000,100,F232017,2540.0772047417804,9.347784042358398
HDS,0,"[(-100, 100)]",50,1000,100,F222017,9220.850767071926,32.05916714668274
HDS,0,"[(-100, 100)]",30,1000,100,F232017,3234.935826996489,25.08308219909668
HDS,0,"[(-100, 100)]",100,1000,100,F222017,30959.519321723103,33.308977127075195
Sobol,0,"[(-100, 100)]",30,1000,100,F222017,2813.374966473185,29.919809818267822
HDS,0,"[(-100, 100)]",100,1000,100,F192017,3885.1059042806105,202.66534090042117
HDS,0,"[(-100, 100)]",50,1000,100,F232017,6198.394956085427,25.573405742645264
Sobol,0,"[(-100, 100)]",50,1000,100,F192017,2566.6729176660915,113.56719994544984
Sobol,0,"[(-100, 100)]",30,1000,100,F232017,2939.681945504803,24.35757303237915
Sobol,0,"[(-100, 100)]",50,1000,100,F222017,10578.829551265528,30.501708030700684
HDS,0,"[(-100, 100)]",10,1000,100,F242017,2892.2262894469445,12.220556735992432
Sobol,0,"[(-100, 100)]",100,1000,100,F222017,33386.98284209063,31.88214087486267
Sobol,0,"[(-100, 100)]",10,1000,100,F242017,2913.4974740883263,6.253977060317993
HDS,0,"[(-100, 100)]",100,1000,100,F232017,38048.13744691307,28.213622093200684
Sobol,0,"[(-100, 100)]",100,1000,100,F162017,239738241712.9217,197.117692232132
Sobol,0,"[(-100, 100)]",50,1000,100,F232017,6152.369467081038,25.29258394241333
HDS,0,"[(-100, 100)]",10,1000,100,F252017,2965.8174563084144,14.014972925186155
HDS,0,"[(-100, 100)]",30,1000,100,F242017,2878.7195088297794,26.15504288673401
HDS,0,"[(-100, 100)]",50,1000,100,F242017,4598.921165101794,28.63876891136169
Sobol,0,"[(-100, 100)]",100,1000,100,F232017,43043.2097680928,27.59353494644165
Sobol,0,"[(-100, 100)]",10,1000,100,F252017,2508.334074229035,16.00011396408081
HDS,0,"[(-100, 100)]",100,1000,100,F242017,8288.937560869843,31.328528881073
Sobol,0,"[(-100, 100)]",30,1000,100,F242017,2875.234950272271,24.952843189239506
Sobol,0,"[(-100, 100)]",50,1000,100,F242017,4013.7926727532704,27.04626703262329
Sobol,0,"[(-100, 100)]",100,1000,100,F242017,6053.51876854229,29.577430963516235
HDS,0,"[(-100, 100)]",30,1000,100,F252017,3420.2281322822264,72.16800618171692
HDS,0,"[(-100, 100)]",10,1000,100,F262017,2573.794633969877,46.79720401763916
Sobol,0,"[(-100, 100)]",10,1000,100,F262017,2999.376719584575,13.12213373184204
HDS,0,"[(-100, 100)]",10,1000,100,F272017,2830.608392781268,9.50711178779602
HDS,0,"[(-100, 100)]",50,1000,100,F252017,5182.023083080745,98.89546275138856
Sobol,0,"[(-100, 100)]",10,1000,100,F272017,2835.8862942936084,10.152774810791016
HDS,0,"[(-100, 100)]",30,1000,100,F262017,3203.300024166965,72.08791494369507
Sobol,0,"[(-100, 100)]",30,1000,100,F252017,3444.377887655109,71.20496678352356
HDS,0,"[(-100, 100)]",50,1000,100,F262017,3584.6299212629283,100.23236417770386
HDS,0,"[(-100, 100)]",30,1000,100,F272017,2895.743938834001,47.55351996421814
Sobol,0,"[(-100, 100)]",100,1000,100,F192017,4914.183242994287,205.8194501399994
Sobol,0,"[(-100, 100)]",30,1000,100,F262017,3190.358402632485,72.77765727043152
HDS,0,"[(-100, 100)]",100,1000,100,F252017,18905.1006882298,163.74476885795593
Sobol,0,"[(-100, 100)]",50,1000,100,F252017,4903.239282865297,97.5059778690338
Sobol,0,"[(-100, 100)]",30,1000,100,F272017,2890.2869437577165,61.63692212104797
HDS,0,"[(-100, 100)]",100,1000,100,F262017,5089.986196632357,165.5637412071228
HDS,0,"[(-100, 100)]",50,1000,100,F272017,3209.317025513124,94.77003002166748
Sobol,0,"[(-100, 100)]",50,1000,100,F262017,3727.9839217564886,99.52229189872742
HDS,0,"[(-100, 100)]",10,1000,100,F282017,4065.6628502929634,63.95914888381958
HDS,0,"[(-100, 100)]",30,1000,100,F282017,37644999.26799987,104.52997016906738
Sobol,0,"[(-100, 100)]",10,1000,100,F282017,4121.714975863884,62.786110162734985
Sobol,0,"[(-100, 100)]",50,1000,100,F272017,3243.8690057613967,87.04888677597046
HDS,0,"[(-100, 100)]",100,1000,100,F272017,5719.775416901712,159.2958791255951
Sobol,0,"[(-100, 100)]",100,1000,100,F252017,20406.125136324063,161.7412872314453
HDS,0,"[(-100, 100)]",10,1000,100,F292017,,44.21606802940369
HDS,0,"[(-100, 100)]",50,1000,100,F282017,407137221.9034117,147.50599694252014
HDS,0,"[(-100, 100)]",30,1000,100,F292017,6304904.670989426,59.605063915252686
Sobol,0,"[(-100, 100)]",100,1000,100,F262017,5267.846436866648,163.09791588783264
Sobol,0,"[(-100, 100)]",10,1000,100,F292017,,44.3931052684784
HDS,0,"[(-100, 100)]",10,1000,100,F32017,304.1125992859593,6.465587854385376
Sobol,0,"[(-100, 100)]",30,1000,100,F282017,16477941.973728271,103.43452596664427
Sobol,0,"[(-100, 100)]",10,1000,100,F32017,309.3489164000399,5.738904714584351
HDS,0,"[(-100, 100)]",30,1000,100,F32017,395.77655532257984,15.326237916946411
HDS,0,"[(-100, 100)]",50,1000,100,F32017,1212.4043124174195,15.287786960601808
HDS,0,"[(-100, 100)]",50,1000,100,F292017,709469515.9589907,76.22475981712341
Sobol,0,"[(-100, 100)]",30,1000,100,F32017,418.7905861122944,14.920050144195557
Sobol,0,"[(-100, 100)]",50,1000,100,F32017,899.3204536023669,14.874022245407104
Sobol,0,"[(-100, 100)]",30,1000,100,F292017,13002157.830621732,59.33511519432068
HDS,0,"[(-100, 100)]",100,1000,100,F32017,4210.967910571575,16.462990045547485
HDS,0,"[(-100, 100)]",10,1000,100,F42017,428.50515972629233,14.14752197265625
HDS,0,"[(-100, 100)]",30,1000,100,F42017,703.2825711483267,14.41003704071045
Sobol,0,"[(-100, 100)]",100,1000,100,F32017,4625.3004608830615,15.337496995925903
Sobol,0,"[(-100, 100)]",10,1000,100,F42017,432.6251328343604,14.305905103683472
Sobol,0,"[(-100, 100)]",30,1000,100,F42017,844.0894480709231,14.260523080825806
HDS,0,"[(-100, 100)]",10,1000,100,F52017,500.0068815898957,0.3944249153137207
Sobol,0,"[(-100, 100)]",10,1000,100,F52017,500.00705871261255,0.1852409839630127
HDS,0,"[(-100, 100)]",30,1000,100,F52017,500.0531912819093,0.6432909965515137
Sobol,0,"[(-100, 100)]",30,1000,100,F52017,500.0464648234901,0.2952051162719726
HDS,0,"[(-100, 100)]",50,1000,100,F52017,500.0510433521383,0.8831238746643066
Sobol,0,"[(-100, 100)]",50,1000,100,F52017,500.0887262606181,0.4126710891723633
HDS,0,"[(-100, 100)]",100,1000,100,F52017,500.1048687293763,1.8868720531463623
Sobol,0,"[(-100, 100)]",100,1000,100,F52017,500.1041209297655,0.6470811367034912
HDS,0,"[(-100, 100)]",50,1000,100,F42017,2779.9456982684187,15.105774164199827
HDS,0,"[(-100, 100)]",100,1000,100,F42017,51872.09108012121,17.08187699317932
HDS,0,"[(-100, 100)]",10,1000,100,F62017,632.3619628281908,15.935296058654783
HDS,0,"[(-100, 100)]",100,1000,100,F282017,21744421133.6314,250.19724011421204
Sobol,0,"[(-100, 100)]",50,1000,100,F42017,1601.9140097681595,14.51018476486206
HDS,0,"[(-100, 100)]",100,1000,100,F292017,5627208809.958501,113.95878195762634
Sobol,0,"[(-100, 100)]",100,1000,100,F272017,4154.462822174632,158.890056848526
Sobol,0,"[(-100, 100)]",100,1000,100,F42017,48586.90694678821,15.80107593536377
Sobol,0,"[(-100, 100)]",50,1000,100,F292017,1997280923.3534288,74.79523921012878
Sobol,0,"[(-100, 100)]",10,1000,100,F62017,636.0330188548484,15.847041130065918
Sobol,0,"[(-100, 100)]",50,1000,100,F282017,491806536.7613084,148.14534497261047
HDS,0,"[(-100, 100)]",30,1000,100,F62017,1742.067689577154,16.372656106948853
HDS,0,"[(-100, 100)]",50,1000,100,F62017,63403.0239928871,17.058670043945312
HDS,0,"[(-100, 100)]",100,1000,100,F62017,1115745.7280834331,18.679930210113525
HDS,0,"[(-100, 100)]",10,1000,100,F72017,742.0149824623304,19.721331119537357
HDS,0,"[(-100, 100)]",30,1000,100,F72017,1102.2648512240837,20.12274408340454
Sobol,0,"[(-100, 100)]",30,1000,100,F62017,1343.4859227082284,16.03614592552185
HDS,0,"[(-100, 100)]",50,1000,100,F72017,1609.4522176241148,20.608186960220337
Sobol,0,"[(-100, 100)]",50,1000,100,F62017,70001.93312401707,16.331485986709595
HDS,0,"[(-100, 100)]",10,1000,100,F82017,802.4041418739616,0.8882851600646973
Sobol,0,"[(-100, 100)]",10,1000,100,F82017,800.4625355366009,0.6723721027374268
Sobol,0,"[(-100, 100)]",100,1000,100,F62017,823454.8043891847,17.47968888282776
HDS,0,"[(-100, 100)]",30,1000,100,F82017,808.7448983368465,3.95019006729126
Sobol,0,"[(-100, 100)]",10,1000,100,F72017,738.0,19.716788291931152
Sobol,0,"[(-100, 100)]",30,1000,100,F82017,810.2506897649818,3.679941892623901
HDS,0,"[(-100, 100)]",50,1000,100,F82017,816.3317814315795,10.734063148498535
Sobol,0,"[(-100, 100)]",30,1000,100,F72017,1127.2884669983036,19.777003049850464
Sobol,0,"[(-100, 100)]",50,1000,100,F72017,1705.3677598483864,20.394026041030884
HDS,0,"[(-100, 100)]",100,1000,100,F72017,3027.8322880582778,23.065063953399655
HDS,0,"[(-100, 100)]",100,1000,100,F82017,1030.8576015640692,18.639132738113403
HDS,0,"[(-100, 100)]",10,1000,100,F92017,-1142.7050820931136,20.133247137069706
Sobol,0,"[(-100, 100)]",50,1000,100,F82017,816.8165407604728,14.56269598007202
HDS,0,"[(-100, 100)]",30,1000,100,F92017,3101.5859065772056,20.02385711669922
HDS,0,"[(-100, 100)]",50,1000,100,F92017,9187.938467418013,20.668774127960205
Sobol,0,"[(-100, 100)]",100,1000,100,F72017,2915.323567729618,21.468333959579468
Sobol,0,"[(-100, 100)]",100,1000,100,F82017,880.5495382413015,16.760684728622437
Sobol,0,"[(-100, 100)]",10,1000,100,F92017,-463.93362808501934,19.34444808959961
HDS,0,"[(-100, 100)]",100,1000,100,F92017,25269.63970710806,23.042288303375244
Sobol,0,"[(-100, 100)]",30,1000,100,F92017,3222.050954517776,19.53960394859314
Sobol,0,"[(-100, 100)]",50,1000,100,F92017,8974.704355122525,20.25952196121216
HDS,1,"[(-100, 100)]",10,1000,100,F102017,1088.9002669821357,18.11005806922913
HDS,1,"[(-100, 100)]",30,1000,100,F102017,128448.68861113656,17.4931161403656
HDS,1,"[(-100, 100)]",50,1000,100,F102017,237690.83758162856,17.976311922073364
HDS,1,"[(-100, 100)]",100,1000,100,F102017,3502899.854020955,19.18600177764893
Sobol,0,"[(-100, 100)]",100,1000,100,F92017,25155.32344124919,22.149933099746704
Sobol,1,"[(-100, 100)]",10,1000,100,F102017,1026.611730494989,17.584754943847656
Sobol,1,"[(-100, 100)]",30,1000,100,F102017,90702.2577895106,17.096103191375732
Sobol,0,"[(-100, 100)]",100,1000,100,F292017,8430880397.076717,113.4688937664032
HDS,1,"[(-100, 100)]",10,1000,100,F112017,123271.28722753785,21.262211084365845
Sobol,1,"[(-100, 100)]",50,1000,100,F102017,263090.53333340626,17.474130153656006
HDS,1,"[(-100, 100)]",10,1000,100,F12017,8648.46207292645,13.592601299285889
Sobol,1,"[(-100, 100)]",100,1000,100,F102017,1643816.51220098,17.97585415840149
HDS,1,"[(-100, 100)]",30,1000,100,F112017,46514391.2413848,22.67407512664795
HDS,1,"[(-100, 100)]",30,1000,100,F12017,36158809.48633624,14.184669971466064
HDS,1,"[(-100, 100)]",50,1000,100,F112017,212675779.6881586,22.652081727981567
HDS,1,"[(-100, 100)]",100,1000,100,F112017,4121725774.217617,23.32072925567627
Sobol,1,"[(-100, 100)]",10,1000,100,F112017,306109.13891862705,21.0353000164032
Sobol,1,"[(-100, 100)]",10,1000,100,F12017,4237.075176344498,13.416261196136476
HDS,1,"[(-100, 100)]",50,1000,100,F12017,1888255205.112187,14.334128856658936
Sobol,1,"[(-100, 100)]",30,1000,100,F12017,80938356.51159285,14.14574694633484
HDS,1,"[(-100, 100)]",100,1000,100,F12017,8994903823.009659,15.545715808868408
Sobol,1,"[(-100, 100)]",30,1000,100,F112017,53507990.38230644,22.61050701141357
Sobol,1,"[(-100, 100)]",50,1000,100,F12017,2412600743.066698,13.583670139312744
Sobol,1,"[(-100, 100)]",50,1000,100,F112017,481198670.7417084,22.351155042648315
HDS,1,"[(-100, 100)]",10,1000,100,F122017,1321.6628696341943,18.11026096343994
Sobol,1,"[(-100, 100)]",100,1000,100,F112017,7000546264.464725,22.94829797744751
HDS,1,"[(-100, 100)]",30,1000,100,F122017,1498994.870910716,18.60971212387085
Sobol,1,"[(-100, 100)]",100,1000,100,F12017,50621156085.54263,14.47533392906189
HDS,1,"[(-100, 100)]",50,1000,100,F122017,50865790.642456405,19.92623805999756
HDS,1,"[(-100, 100)]",100,1000,100,F122017,4142351005.956223,20.06366205215454
HDS,1,"[(-100, 100)]",10,1000,100,F132017,1385.9594076051394,18.972869157791138
Sobol,1,"[(-100, 100)]",10,1000,100,F122017,2365.040725657685,17.5238299369812
HDS,1,"[(-100, 100)]",30,1000,100,F132017,303416.64589792467,19.35755014419556
Sobol,1,"[(-100, 100)]",30,1000,100,F122017,183634.5651970632,18.13365602493286
HDS,1,"[(-100, 100)]",50,1000,100,F132017,1296844.4569721862,21.51718688011169
Sobol,1,"[(-100, 100)]",100,1000,100,F122017,2643779454.184758,18.56832003593445
Sobol,1,"[(-100, 100)]",50,1000,100,F122017,142758383.75958446,19.131614923477173
Sobol,1,"[(-100, 100)]",10,1000,100,F132017,1377.2764456651462,18.78750896453857
Sobol,1,"[(-100, 100)]",30,1000,100,F132017,269065.8715041303,19.34396004676819
HDS,1,"[(-100, 100)]",100,1000,100,F132017,36497174.20397806,25.8155210018158
HDS,1,"[(-100, 100)]",10,1000,100,F142017,1743.7852808321193,18.17052698135376
Sobol,1,"[(-100, 100)]",50,1000,100,F132017,1596804.021173965,21.08842706680298
HDS,1,"[(-100, 100)]",30,1000,100,F142017,2460129.138714917,18.33611011505127
HDS,1,"[(-100, 100)]",50,1000,100,F142017,25680498.456667405,18.72895097732544
HDS,1,"[(-100, 100)]",100,1000,100,F142017,197120946.2129233,19.962160110473636
Sobol,1,"[(-100, 100)]",10,1000,100,F142017,2081.895912674708,17.935111045837402
HDS,1,"[(-100, 100)]",10,1000,100,F152017,1340.642917189074,25.38660502433777
Sobol,1,"[(-100, 100)]",100,1000,100,F132017,31287763.11874792,24.55311369895935
Sobol,1,"[(-100, 100)]",30,1000,100,F142017,786780.23887075,18.148138999938965
Sobol,1,"[(-100, 100)]",50,1000,100,F142017,2852180.3528853813,18.210144996643063
Sobol,1,"[(-100, 100)]",100,1000,100,F142017,1606167190.9740372,18.699798107147217
Sobol,1,"[(-100, 100)]",10,1000,100,F152017,1340.22571705379,15.79261589050293
HDS,1,"[(-100, 100)]",30,1000,100,F152017,1728.7316410478627,31.86700701713562
Sobol,0,"[(-100, 100)]",100,1000,100,F282017,21212922819.05542,249.3591811656952
HDS,1,"[(-100, 100)]",50,1000,100,F152017,6630.465053887595,36.82031679153442
HDS,1,"[(-100, 100)]",10,1000,100,F172017,,19.824907064437863
Sobol,1,"[(-100, 100)]",30,1000,100,F152017,4623.435861345257,30.984303951263428
HDS,1,"[(-100, 100)]",10,1000,100,F162017,1492.3363033807664,42.95392203330994
HDS,1,"[(-100, 100)]",100,1000,100,F152017,25629.85026078417,51.71174478530884
Sobol,1,"[(-100, 100)]",10,1000,100,F172017,,19.89809465408325
HDS,1,"[(-100, 100)]",30,1000,100,F172017,87000.02495946534,20.58956289291382
Sobol,1,"[(-100, 100)]",50,1000,100,F152017,11746.707176394895,36.19324207305908
HDS,1,"[(-100, 100)]",50,1000,100,F172017,1644204.9123086818,20.58415198326111
HDS,1,"[(-100, 100)]",30,1000,100,F162017,155830.15488806006,77.67448902130127
Sobol,1,"[(-100, 100)]",30,1000,100,F172017,133588.54409692457,20.416311979293823
HDS,1,"[(-100, 100)]",100,1000,100,F172017,11157212.63743275,21.69047784805298
Sobol,1,"[(-100, 100)]",10,1000,100,F162017,1500.6270338026166,42.71170592308045
Sobol,1,"[(-100, 100)]",50,1000,100,F172017,1057230.763181222,19.84716010093689
Sobol,1,"[(-100, 100)]",100,1000,100,F152017,99985.44111286386,50.76891803741455
HDS,1,"[(-100, 100)]",10,1000,100,F182017,1808.360261687363,20.13351798057556
Sobol,1,"[(-100, 100)]",100,1000,100,F172017,24193389.96111582,20.75444293022156
HDS,1,"[(-100, 100)]",50,1000,100,F162017,27913233.904253263,113.42933821678162
Sobol,1,"[(-100, 100)]",10,1000,100,F182017,1810.48116644394,19.6982479095459
HDS,1,"[(-100, 100)]",30,1000,100,F182017,104731.9252262019,44.33016991615296
HDS,1,"[(-100, 100)]",10,1000,100,F192017,1851.3585871318453,42.61655187606812
HDS,1,"[(-100, 100)]",50,1000,100,F182017,7514486.430972638,59.74397087097168
Sobol,1,"[(-100, 100)]",30,1000,100,F162017,183475.3207244392,77.67734718322754
Sobol,1,"[(-100, 100)]",30,1000,100,F182017,239723.60942915815,44.11414313316345
Sobol,1,"[(-100, 100)]",10,1000,100,F192017,1843.283848812872,42.49833917617798
HDS,1,"[(-100, 100)]",100,1000,100,F182017,1901127294.0001411,97.4636869430542
HDS,1,"[(-100, 100)]",10,1000,100,F202017,2133.979031934465,8.476075172424316
HDS,1,"[(-100, 100)]",30,1000,100,F192017,3093.3210856785563,81.30582928657532
Sobol,1,"[(-100, 100)]",10,1000,100,F202017,2135.636124130356,8.350151062011719
HDS,1,"[(-100, 100)]",100,1000,100,F162017,66124468000.95483,205.6551489830017
Sobol,1,"[(-100, 100)]",50,1000,100,F182017,815193.0239199707,58.91633987426758
Sobol,1,"[(-100, 100)]",50,1000,100,F162017,178448151.20583397,113.05094194412231
HDS,1,"[(-100, 100)]",30,1000,100,F202017,2279.428382277901,23.017526865005493
HDS,1,"[(-100, 100)]",50,1000,100,F202017,4843.190080837441,24.41972613334656
Sobol,1,"[(-100, 100)]",30,1000,100,F202017,2286.340973706784,22.965691089630127
HDS,1,"[(-100, 100)]",100,1000,100,F202017,19670.41390591559,26.109778881073
HDS,1,"[(-100, 100)]",10,1000,100,F212017,2217.242947613447,3.144325256347656
Sobol,1,"[(-100, 100)]",10,1000,100,F212017,2217.647010313968,2.813744068145752
Sobol,1,"[(-100, 100)]",50,1000,100,F202017,4243.355090784575,24.046196937561035
HDS,1,"[(-100, 100)]",50,1000,100,F192017,2567.4970211822915,115.44233202934264
Sobol,1,"[(-100, 100)]",100,1000,100,F202017,39065.8159823851,25.2971830368042
Sobol,1,"[(-100, 100)]",30,1000,100,F192017,2709.9951060461863,81.32053923606873
HDS,1,"[(-100, 100)]",30,1000,100,F212017,2303.265301301524,27.53787493705749
HDS,1,"[(-100, 100)]",50,1000,100,F212017,2502.969689985249,28.866841316223145
Sobol,1,"[(-100, 100)]",100,1000,100,F182017,500881676.47983634,96.73215389251708
HDS,1,"[(-100, 100)]",10,1000,100,F22017,200.3476109752737,13.628516912460327
HDS,1,"[(-100, 100)]",30,1000,100,F22017,25534.94712439263,14.557788133621216
HDS,1,"[(-100, 100)]",100,1000,100,F212017,3490.8570782101638,30.880473136901852
Sobol,1,"[(-100, 100)]",10,1000,100,F22017,200.2869357615028,14.118002891540527
Sobol,1,"[(-100, 100)]",30,1000,100,F212017,2334.497426273714,27.26335906982422
Sobol,1,"[(-100, 100)]",50,1000,100,F212017,2507.644780776899,28.53732705116272
Sobol,1,"[(-100, 100)]",30,1000,100,F22017,14495.957254833487,14.192899942398071
HDS,1,"[(-100, 100)]",50,1000,100,F22017,83261.41668509488,14.943809986114502
HDS,1,"[(-100, 100)]",100,1000,100,F22017,242968.4364091229,16.178997039794922
HDS,1,"[(-100, 100)]",10,1000,100,F222017,2361.444712071836,10.4288809299469
Sobol,1,"[(-100, 100)]",100,1000,100,F212017,3043.7307197839605,29.41632580757141
Sobol,1,"[(-100, 100)]",50,1000,100,F22017,58280.43626702325,14.285491228103638
Sobol,1,"[(-100, 100)]",10,1000,100,F222017,2360.844196868888,12.411445140838625
Sobol,1,"[(-100, 100)]",100,1000,100,F22017,205521.3747560147,14.983359813690186
HDS,1,"[(-100, 100)]",30,1000,100,F222017,3342.896851530428,29.90114188194275
HDS,1,"[(-100, 100)]",10,1000,100,F232017,2662.570198237688,10.135730981826782
Sobol,1,"[(-100, 100)]",10,1000,100,F232017,2446.4013733732813,10.482425928115845
HDS,1,"[(-100, 100)]",30,1000,100,F232017,3199.062761461708,25.392615795135494
HDS,1,"[(-100, 100)]",50,1000,100,F222017,3343.2469524338658,32.291210889816284
HDS,1,"[(-100, 100)]",100,1000,100,F222017,29021.41433800447,33.946341037750244
Sobol,1,"[(-100, 100)]",30,1000,100,F222017,3770.288886313479,29.442131996154785
HDS,1,"[(-100, 100)]",100,1000,100,F192017,4712.470798850813,206.54755091667172
Sobol,1,"[(-100, 100)]",50,1000,100,F192017,2892.4530157417275,115.3831069469452
HDS,1,"[(-100, 100)]",50,1000,100,F232017,4320.315292476809,26.76676893234253
Sobol,1,"[(-100, 100)]",30,1000,100,F232017,2927.421016551136,25.182661056518555
HDS,1,"[(-100, 100)]",10,1000,100,F242017,2890.6372079817247,11.374016046524048
Sobol,1,"[(-100, 100)]",50,1000,100,F222017,10710.633947005275,31.09834909439087
Sobol,1,"[(-100, 100)]",100,1000,100,F222017,26029.09024359393,32.60802698135376
Sobol,1,"[(-100, 100)]",10,1000,100,F242017,2885.824568879185,10.579760789871216
HDS,1,"[(-100, 100)]",100,1000,100,F232017,39078.34454149083,29.73972797393799
Sobol,1,"[(-100, 100)]",50,1000,100,F232017,4825.014061067112,26.732338905334476
HDS,1,"[(-100, 100)]",30,1000,100,F242017,2869.428296665468,22.62254524230957
Sobol,1,"[(-100, 100)]",100,1000,100,F162017,153918712683.06335,206.21279430389404
HDS,1,"[(-100, 100)]",10,1000,100,F252017,2970.5370348321194,11.895488977432253
HDS,1,"[(-100, 100)]",50,1000,100,F242017,4587.888225125459,29.293091773986816
Sobol,1,"[(-100, 100)]",100,1000,100,F232017,49587.8878582403,28.72154688835144
HDS,1,"[(-100, 100)]",100,1000,100,F242017,6030.308422077045,31.366066932678223
Sobol,1,"[(-100, 100)]",30,1000,100,F242017,2860.8186661592367,27.470945835113525
Sobol,1,"[(-100, 100)]",50,1000,100,F242017,4485.13987891808,28.33578586578369
Sobol,1,"[(-100, 100)]",10,1000,100,F252017,2974.423866471048,46.125449895858765
Sobol,1,"[(-100, 100)]",100,1000,100,F242017,6498.298662125664,29.54170179367065
HDS,1,"[(-100, 100)]",30,1000,100,F252017,3374.1100680571526,56.80122089385986
HDS,1,"[(-100, 100)]",10,1000,100,F262017,3004.9549901740243,38.60638117790222
HDS,1,"[(-100, 100)]",50,1000,100,F252017,4796.4924979412,99.39158916473389
Sobol,1,"[(-100, 100)]",10,1000,100,F262017,2543.464014591522,47.79315614700317
HDS,1,"[(-100, 100)]",30,1000,100,F262017,3223.014716026302,74.13063907623291
HDS,1,"[(-100, 100)]",10,1000,100,F272017,2848.687519716534,11.4499089717865
Sobol,1,"[(-100, 100)]",30,1000,100,F252017,3390.5369932154435,72.24043393135071
Sobol,1,"[(-100, 100)]",10,1000,100,F272017,2837.3041315249607,9.440510988235474
HDS,1,"[(-100, 100)]",50,1000,100,F262017,3673.5174611165767,101.856853723526
Sobol,1,"[(-100, 100)]",100,1000,100,F192017,5693.788354007936,204.8947069644928
HDS,1,"[(-100, 100)]",100,1000,100,F252017,16960.599527444505,167.05392599105835
HDS,1,"[(-100, 100)]",30,1000,100,F272017,2916.3909945613536,60.86652708053589
Sobol,1,"[(-100, 100)]",30,1000,100,F262017,3241.267573287787,74.55831217765808
Sobol,1,"[(-100, 100)]",50,1000,100,F252017,5180.423814803855,99.4822130203247
HDS,1,"[(-100, 100)]",100,1000,100,F262017,5304.652588160917,169.33341073989868
HDS,1,"[(-100, 100)]",50,1000,100,F272017,3226.739198937632,96.42199397087096
Sobol,1,"[(-100, 100)]",30,1000,100,F272017,2880.0110447936736,53.551281690597534
Sobol,1,"[(-100, 100)]",50,1000,100,F262017,3658.5104237213673,101.51484394073486
HDS,1,"[(-100, 100)]",10,1000,100,F282017,4106.283516797432,64.53870272636414
HDS,1,"[(-100, 100)]",30,1000,100,F282017,4266517.336132539,108.05902194976808
Sobol,1,"[(-100, 100)]",10,1000,100,F282017,4184.652369541076,63.95994400978088
Sobol,1,"[(-100, 100)]",50,1000,100,F272017,3321.7894751691506,95.10808396339417
HDS,1,"[(-100, 100)]",100,1000,100,F272017,4571.6272860085,162.10918402671814
Sobol,1,"[(-100, 100)]",100,1000,100,F252017,19245.891303769924,165.45908403396606
HDS,1,"[(-100, 100)]",10,1000,100,F292017,,45.67438793182373
Sobol,1,"[(-100, 100)]",100,1000,100,F262017,5200.125908845441,166.35263991355896
HDS,1,"[(-100, 100)]",30,1000,100,F292017,44255449.58687853,61.24283576011658
HDS,1,"[(-100, 100)]",50,1000,100,F282017,317429254.48144025,149.26970195770264
Sobol,1,"[(-100, 100)]",10,1000,100,F292017,,44.90652203559876
Sobol,1,"[(-100, 100)]",30,1000,100,F282017,49961642.76223873,106.55023097991943
HDS,1,"[(-100, 100)]",10,1000,100,F32017,309.2703539371074,7.406259059906006
Sobol,1,"[(-100, 100)]",10,1000,100,F32017,309.6049322132533,4.747061014175415
HDS,1,"[(-100, 100)]",50,1000,100,F292017,882065502.1094722,76.83549404144287
HDS,1,"[(-100, 100)]",30,1000,100,F32017,354.263065200294,15.245890617370604
HDS,1,"[(-100, 100)]",50,1000,100,F32017,818.5033154273362,15.634944915771484
Sobol,1,"[(-100, 100)]",30,1000,100,F32017,395.9701148799904,15.028332710266112
Sobol,1,"[(-100, 100)]",30,1000,100,F292017,16956674.59410787,59.99793028831482
Sobol,1,"[(-100, 100)]",50,1000,100,F32017,920.9567275149687,15.419962882995604
HDS,1,"[(-100, 100)]",10,1000,100,F42017,430.3689961031615,14.76907515525818
HDS,1,"[(-100, 100)]",100,1000,100,F32017,6629.241150508965,16.895135164260864
HDS,1,"[(-100, 100)]",30,1000,100,F42017,708.3128559178546,15.571417808532717
Sobol,1,"[(-100, 100)]",10,1000,100,F42017,429.75975706083017,15.976315021514893
Sobol,1,"[(-100, 100)]",100,1000,100,F32017,3650.4961752655777,17.522727966308594
Sobol,1,"[(-100, 100)]",30,1000,100,F42017,683.0886086906056,15.779022932052612
HDS,1,"[(-100, 100)]",10,1000,100,F52017,500.00429438424703,0.4088451862335205
Sobol,1,"[(-100, 100)]",10,1000,100,F52017,500.00257512422513,0.1985139846801757
HDS,1,"[(-100, 100)]",30,1000,100,F52017,500.047324246765,0.5752458572387695
Sobol,1,"[(-100, 100)]",30,1000,100,F52017,500.06713848524726,0.267894983291626
HDS,1,"[(-100, 100)]",50,1000,100,F52017,500.0692092031969,0.8314518928527832
Sobol,1,"[(-100, 100)]",50,1000,100,F52017,500.087310896711,0.356518030166626
HDS,1,"[(-100, 100)]",100,1000,100,F52017,500.0787933209606,1.920964241027832
Sobol,1,"[(-100, 100)]",100,1000,100,F272017,5071.928352655983,161.879145860672
Sobol,1,"[(-100, 100)]",100,1000,100,F52017,500.135942467821,0.7569408416748047
HDS,1,"[(-100, 100)]",50,1000,100,F42017,2472.380723544744,15.676526069641112
HDS,1,"[(-100, 100)]",100,1000,100,F42017,40509.71040491551,16.792670965194702
HDS,1,"[(-100, 100)]",100,1000,100,F292017,7344125212.836057,118.3491349220276
HDS,1,"[(-100, 100)]",100,1000,100,F282017,1873776549.770346,253.62564992904663
HDS,1,"[(-100, 100)]",10,1000,100,F62017,641.0900356135973,16.40073013305664
HDS,1,"[(-100, 100)]",30,1000,100,F62017,2892.9910550481045,16.637026071548462
Sobol,1,"[(-100, 100)]",50,1000,100,F42017,2755.011373208524,14.677023887634276
Sobol,1,"[(-100, 100)]",50,1000,100,F292017,1198277770.749002,78.69663000106812
Sobol,1,"[(-100, 100)]",100,1000,100,F42017,28613.979020887436,15.09455180168152
Sobol,1,"[(-100, 100)]",10,1000,100,F62017,642.032583656687,16.097182035446167
Sobol,1,"[(-100, 100)]",30,1000,100,F62017,1302.7799789450985,16.093870162963867
HDS,1,"[(-100, 100)]",50,1000,100,F62017,43188.18969027077,16.683559894561768
HDS,1,"[(-100, 100)]",100,1000,100,F62017,971920.1999382788,19.02749490737915
HDS,1,"[(-100, 100)]",10,1000,100,F72017,743.0487797848658,19.899102926254272
Sobol,1,"[(-100, 100)]",50,1000,100,F62017,54324.14480766581,16.333858013153076
Sobol,1,"[(-100, 100)]",50,1000,100,F282017,897734842.1832058,150.76928997039795
HDS,1,"[(-100, 100)]",10,1000,100,F82017,802.129325923105,0.8575658798217773
HDS,1,"[(-100, 100)]",30,1000,100,F72017,1108.8542561546178,20.119981050491333
Sobol,1,"[(-100, 100)]",10,1000,100,F82017,801.1738879209083,0.8333280086517334
HDS,1,"[(-100, 100)]",50,1000,100,F72017,1722.275711244436,20.579262256622314
Sobol,1,"[(-100, 100)]",100,1000,100,F62017,1306390.53220247,17.433520317077637
HDS,1,"[(-100, 100)]",30,1000,100,F82017,808.3353001094654,3.7154390811920166
Sobol,1,"[(-100, 100)]",10,1000,100,F72017,732.7629194281099,19.73647117614746
Sobol,1,"[(-100, 100)]",30,1000,100,F82017,806.9781375552851,4.136696100234985
HDS,1,"[(-100, 100)]",50,1000,100,F82017,817.3425695115726,10.72833514213562
Sobol,1,"[(-100, 100)]",30,1000,100,F72017,1150.0036159854903,19.793228149414062
HDS,1,"[(-100, 100)]",100,1000,100,F72017,3152.463239230655,22.374177932739254
Sobol,1,"[(-100, 100)]",50,1000,100,F72017,1567.2715980146795,20.43879508972168
Sobol,1,"[(-100, 100)]",50,1000,100,F82017,816.850291099317,13.44701099395752
HDS,1,"[(-100, 100)]",100,1000,100,F82017,893.0187034554865,18.39820384979248
HDS,1,"[(-100, 100)]",10,1000,100,F92017,-808.8361730778515,19.65966486930847
HDS,1,"[(-100, 100)]",30,1000,100,F92017,3636.868813458577,20.44446110725403
Sobol,1,"[(-100, 100)]",100,1000,100,F72017,3196.998582202611,21.1559739112854
HDS,1,"[(-100, 100)]",50,1000,100,F92017,8951.68377554728,20.802908182144165
Sobol,1,"[(-100, 100)]",100,1000,100,F82017,921.1276302254572,17.013128995895386
Sobol,1,"[(-100, 100)]",10,1000,100,F92017,-1360.2590574811084,19.3183388710022
HDS,1,"[(-100, 100)]",100,1000,100,F92017,24550.830777262086,23.405272245407104
HDS,2,"[(-100, 100)]",10,1000,100,F102017,1075.8028135252018,17.257470846176147
Sobol,1,"[(-100, 100)]",30,1000,100,F92017,2686.793233450509,19.85006332397461
HDS,2,"[(-100, 100)]",30,1000,100,F102017,107153.74198753122,17.4511821269989
Sobol,1,"[(-100, 100)]",50,1000,100,F92017,9526.2805636632,20.21743893623352
HDS,2,"[(-100, 100)]",50,1000,100,F102017,242758.65215786,18.035934925079346
Sobol,1,"[(-100, 100)]",100,1000,100,F92017,26000.05077899009,22.32207179069519
Sobol,2,"[(-100, 100)]",10,1000,100,F102017,1051.6628905746102,17.112658739089966
Sobol,1,"[(-100, 100)]",100,1000,100,F292017,18069571542.30497,114.23246002197266
Sobol,2,"[(-100, 100)]",30,1000,100,F102017,97708.85148544487,17.06173610687256
HDS,2,"[(-100, 100)]",100,1000,100,F102017,1379680.1231002894,18.928527116775516
Sobol,2,"[(-100, 100)]",50,1000,100,F102017,182665.5403417473,17.372434854507446
HDS,2,"[(-100, 100)]",10,1000,100,F112017,519125.3186149756,21.30943918228149
HDS,2,"[(-100, 100)]",10,1000,100,F12017,16099.14723917766,13.713258028030396
HDS,2,"[(-100, 100)]",30,1000,100,F112017,42024220.17483796,22.45491671562195
HDS,2,"[(-100, 100)]",30,1000,100,F12017,45152783.0852892,14.05661392211914
Sobol,2,"[(-100, 100)]",100,1000,100,F102017,2530635.75198597,17.842799186706543
HDS,2,"[(-100, 100)]",50,1000,100,F112017,132414775.0252237,22.31190013885498
HDS,2,"[(-100, 100)]",100,1000,100,F112017,5668455773.204115,24.05975770950317
Sobol,2,"[(-100, 100)]",10,1000,100,F112017,125348.36122879766,20.914506196975708
Sobol,2,"[(-100, 100)]",10,1000,100,F12017,56379.896990254085,13.5950448513031
Sobol,2,"[(-100, 100)]",30,1000,100,F12017,29567070.163153376,13.898910284042358
HDS,2,"[(-100, 100)]",50,1000,100,F12017,259987298.58328912,14.66636610031128
Sobol,2,"[(-100, 100)]",30,1000,100,F112017,36540622.135654986,22.16938281059265
Sobol,2,"[(-100, 100)]",50,1000,100,F112017,206960566.44138157,22.059306144714355
HDS,2,"[(-100, 100)]",100,1000,100,F12017,12673470685.686066,15.885231971740724
Sobol,2,"[(-100, 100)]",100,1000,100,F112017,4150329140.956978,22.780944108963013
HDS,2,"[(-100, 100)]",10,1000,100,F122017,1524.5349828179371,18.318944931030277
Sobol,2,"[(-100, 100)]",50,1000,100,F12017,1710269862.3876638,13.942067861557009
HDS,2,"[(-100, 100)]",30,1000,100,F122017,494311.4491152981,18.88804030418396
Sobol,2,"[(-100, 100)]",100,1000,100,F12017,38016892739.64261,14.346088886260986
HDS,2,"[(-100, 100)]",50,1000,100,F122017,68258671.24203773,19.98777198791504
HDS,2,"[(-100, 100)]",100,1000,100,F122017,6636036434.181942,20.126912593841556
HDS,2,"[(-100, 100)]",10,1000,100,F132017,1361.781417285148,18.28834080696106
Sobol,2,"[(-100, 100)]",10,1000,100,F122017,1273.606282049073,17.992105960845947
HDS,2,"[(-100, 100)]",30,1000,100,F132017,239199.2806894128,19.52839088439941
Sobol,2,"[(-100, 100)]",30,1000,100,F122017,483061.2917329068,18.145705938339237
Sobol,2,"[(-100, 100)]",50,1000,100,F122017,12393470.636193415,19.023410081863403
HDS,2,"[(-100, 100)]",50,1000,100,F132017,2101464.1971722078,21.046508073806763
Sobol,2,"[(-100, 100)]",100,1000,100,F122017,3400578914.600967,18.73768186569214
Sobol,2,"[(-100, 100)]",10,1000,100,F132017,1372.595566678816,18.08840799331665
Sobol,2,"[(-100, 100)]",30,1000,100,F132017,197065.12872201903,19.42246675491333
HDS,2,"[(-100, 100)]",10,1000,100,F142017,1735.982069145487,18.160115003585812
HDS,2,"[(-100, 100)]",100,1000,100,F132017,36583879.30170854,25.198351860046387
HDS,2,"[(-100, 100)]",30,1000,100,F142017,1094274.1014277055,19.167497158050537
Sobol,2,"[(-100, 100)]",50,1000,100,F132017,2412237.196886253,20.46472668647766
HDS,2,"[(-100, 100)]",50,1000,100,F142017,2862364.938192636,18.902788877487183
HDS,2,"[(-100, 100)]",100,1000,100,F142017,351037264.8072881,19.78113102912903
Sobol,2,"[(-100, 100)]",10,1000,100,F142017,1587.303850722711,17.82263493537903
HDS,2,"[(-100, 100)]",10,1000,100,F152017,1337.2249175965862,20.74323606491089
Sobol,2,"[(-100, 100)]",100,1000,100,F132017,29382616.4054344,23.857457160949707
Sobol,2,"[(-100, 100)]",30,1000,100,F142017,1255957.3491307958,19.185946226119995
Sobol,2,"[(-100, 100)]",50,1000,100,F142017,7897293.27464967,18.45094394683838
Sobol,2,"[(-100, 100)]",100,1000,100,F142017,828152372.15291,19.032305240631104
HDS,2,"[(-100, 100)]",30,1000,100,F152017,5418.361728492069,31.1405291557312
Sobol,2,"[(-100, 100)]",10,1000,100,F152017,1341.061997328158,24.28050208091736
Sobol,1,"[(-100, 100)]",100,1000,100,F282017,9109819015.547012,250.6707100868225
HDS,2,"[(-100, 100)]",50,1000,100,F152017,7634.923734250749,36.83823370933533
HDS,2,"[(-100, 100)]",10,1000,100,F172017,,20.810702085494995
HDS,2,"[(-100, 100)]",10,1000,100,F162017,1534.9962601076295,44.106886863708496
Sobol,2,"[(-100, 100)]",30,1000,100,F152017,1616.3863598717876,30.818766117095947
HDS,2,"[(-100, 100)]",100,1000,100,F152017,63235.74419956815,51.3123939037323
Sobol,2,"[(-100, 100)]",10,1000,100,F172017,,20.452953100204468
Sobol,2,"[(-100, 100)]",50,1000,100,F152017,15971.678494524622,36.2573082447052
HDS,2,"[(-100, 100)]",30,1000,100,F172017,89184.69798288264,19.937984228134155
HDS,2,"[(-100, 100)]",50,1000,100,F172017,641712.4205499805,21.17121195793152
HDS,2,"[(-100, 100)]",30,1000,100,F162017,109703.44066246136,80.90505313873291
Sobol,2,"[(-100, 100)]",30,1000,100,F172017,122379.68343741204,19.87841296195984
HDS,2,"[(-100, 100)]",100,1000,100,F172017,31865718.78906196,22.27337408065796
Sobol,2,"[(-100, 100)]",10,1000,100,F162017,1659.4225618306527,43.265000104904175
Sobol,2,"[(-100, 100)]",100,1000,100,F152017,105068.14737061394,50.08892178535461
Sobol,2,"[(-100, 100)]",50,1000,100,F172017,1455547.0595802232,21.13212013244629
Sobol,2,"[(-100, 100)]",100,1000,100,F172017,13967417.363534331,20.635438680648804
HDS,2,"[(-100, 100)]",10,1000,100,F182017,1808.8758905726688,22.643620252609253
HDS,2,"[(-100, 100)]",50,1000,100,F162017,5625340.192850778,116.08941388130188
Sobol,2,"[(-100, 100)]",10,1000,100,F182017,1812.570897246901,21.056867122650143
HDS,2,"[(-100, 100)]",30,1000,100,F182017,139247.8657516535,45.80570387840271
HDS,2,"[(-100, 100)]",10,1000,100,F192017,1827.293977966324,42.92748498916626
HDS,2,"[(-100, 100)]",50,1000,100,F182017,16249787.478961073,60.1311469078064
Sobol,2,"[(-100, 100)]",30,1000,100,F162017,91139.08567639488,79.56303405761719
Sobol,2,"[(-100, 100)]",30,1000,100,F182017,128376.26590425464,44.93348479270935
Sobol,2,"[(-100, 100)]",10,1000,100,F192017,1925.9243715633029,42.24305582046509
HDS,2,"[(-100, 100)]",10,1000,100,F202017,2119.642730905342,7.741003036499023
HDS,2,"[(-100, 100)]",100,1000,100,F182017,2700395301.4946117,98.01434898376463
Sobol,2,"[(-100, 100)]",10,1000,100,F202017,2129.0257197864767,7.5312111377716064
HDS,2,"[(-100, 100)]",30,1000,100,F192017,2867.3325045830243,78.50346207618713
HDS,2,"[(-100, 100)]",100,1000,100,F162017,273830593229.1109,201.0414800643921
Sobol,2,"[(-100, 100)]",50,1000,100,F182017,2954557.363409483,59.24554324150085
HDS,2,"[(-100, 100)]",30,1000,100,F202017,2470.744471791952,23.00443696975708
Sobol,2,"[(-100, 100)]",50,1000,100,F162017,14919220.669518383,115.55534076690674
HDS,2,"[(-100, 100)]",50,1000,100,F202017,4111.485631543779,23.44970011711121
Sobol,2,"[(-100, 100)]",30,1000,100,F202017,2296.493384790203,22.86929988861084
HDS,2,"[(-100, 100)]",100,1000,100,F202017,34533.58351246633,26.107717990875244
Sobol,2,"[(-100, 100)]",50,1000,100,F202017,4632.54542172745,23.14290714263916
HDS,2,"[(-100, 100)]",10,1000,100,F212017,725.1949141738614,26.57525897026062
HDS,2,"[(-100, 100)]",50,1000,100,F192017,2881.12025653166,118.1463418006897
Sobol,2,"[(-100, 100)]",30,1000,100,F192017,2509.093094427926,78.0801191329956
Sobol,2,"[(-100, 100)]",100,1000,100,F202017,35410.61061569319,24.841243028640747
HDS,2,"[(-100, 100)]",30,1000,100,F212017,2326.100235892358,27.790639877319336
Sobol,2,"[(-100, 100)]",100,1000,100,F182017,1197799016.100518,97.01284408569336
Sobol,2,"[(-100, 100)]",10,1000,100,F212017,901.9461722198504,26.72109293937683
HDS,2,"[(-100, 100)]",10,1000,100,F22017,200.5395192136728,13.1748468875885
HDS,2,"[(-100, 100)]",50,1000,100,F212017,2524.148172654003,28.096999883651733
HDS,2,"[(-100, 100)]",100,1000,100,F212017,3323.2894410465733,30.6232271194458
Sobol,2,"[(-100, 100)]",30,1000,100,F212017,2316.499755128389,27.02262592315674
HDS,2,"[(-100, 100)]",30,1000,100,F22017,21013.192400249456,14.625770092010498
Sobol,2,"[(-100, 100)]",10,1000,100,F22017,200.53494952445988,14.06757402420044
HDS,2,"[(-100, 100)]",50,1000,100,F22017,70331.04731969543,14.878594160079956
Sobol,2,"[(-100, 100)]",30,1000,100,F22017,27744.22275554073,14.335225105285645
Sobol,2,"[(-100, 100)]",50,1000,100,F212017,2550.8944535080645,27.88539695739746
HDS,2,"[(-100, 100)]",100,1000,100,F22017,302259.28845171136,16.46468210220337
HDS,2,"[(-100, 100)]",10,1000,100,F222017,2350.555281922455,11.316752195358276
Sobol,2,"[(-100, 100)]",100,1000,100,F212017,3739.720687378541,30.11658906936645
Sobol,2,"[(-100, 100)]",50,1000,100,F22017,84932.22844914762,14.556823968887327
Sobol,2,"[(-100, 100)]",10,1000,100,F222017,2353.0276132891786,10.120987176895142
Sobol,2,"[(-100, 100)]",100,1000,100,F22017,285177.5230728482,15.209768056869509
HDS,2,"[(-100, 100)]",10,1000,100,F232017,2462.456948965477,11.153444766998293
HDS,2,"[(-100, 100)]",30,1000,100,F222017,3434.3361987668404,30.77711510658264
Sobol,2,"[(-100, 100)]",10,1000,100,F232017,2445.3537763520912,8.958584070205688
HDS,2,"[(-100, 100)]",50,1000,100,F222017,13761.191047592669,31.275150060653687
HDS,2,"[(-100, 100)]",30,1000,100,F232017,3002.0517942318934,25.80476713180542
HDS,2,"[(-100, 100)]",100,1000,100,F222017,34110.895170877106,34.05062007904053
HDS,2,"[(-100, 100)]",100,1000,100,F192017,4873.123702222766,209.11409187316892
Sobol,2,"[(-100, 100)]",50,1000,100,F192017,2863.4694615058056,117.16292881965636
Sobol,2,"[(-100, 100)]",30,1000,100,F222017,3142.8008859794054,30.17010307312012
HDS,2,"[(-100, 100)]",50,1000,100,F232017,7792.860466704074,26.192797899246216
Sobol,2,"[(-100, 100)]",30,1000,100,F232017,3313.282671845629,26.20741295814514
Sobol,2,"[(-100, 100)]",50,1000,100,F222017,9850.810025639026,30.751038074493408
HDS,2,"[(-100, 100)]",10,1000,100,F242017,2890.9889175215017,12.215938091278076
Sobol,2,"[(-100, 100)]",100,1000,100,F222017,26042.335659026638,32.52766275405884
Sobol,2,"[(-100, 100)]",100,1000,100,F162017,36324053457.08219,200.8815128803253
Sobol,2,"[(-100, 100)]",10,1000,100,F242017,2892.582089318595,9.192805290222168
HDS,2,"[(-100, 100)]",100,1000,100,F232017,35973.42910792739,29.16065001487732
Sobol,2,"[(-100, 100)]",50,1000,100,F232017,6257.850760598454,25.71833872795105
HDS,2,"[(-100, 100)]",10,1000,100,F252017,2957.6174359022675,15.782423973083496
HDS,2,"[(-100, 100)]",30,1000,100,F242017,2869.665830549682,27.530558109283447
HDS,2,"[(-100, 100)]",50,1000,100,F242017,4250.372862027942,29.02174687385559
HDS,2,"[(-100, 100)]",100,1000,100,F242017,6506.879509228856,31.11769700050354
Sobol,2,"[(-100, 100)]",100,1000,100,F232017,45955.96002133122,28.072475910186768
Sobol,2,"[(-100, 100)]",10,1000,100,F252017,2503.44413105726,24.41563892364502
Sobol,2,"[(-100, 100)]",30,1000,100,F242017,2863.497248132,25.95343279838562
Sobol,2,"[(-100, 100)]",50,1000,100,F242017,3801.522411383932,28.91197681427002
HDS,2,"[(-100, 100)]",10,1000,100,F262017,2998.626987319499,13.173857927322388
Sobol,2,"[(-100, 100)]",100,1000,100,F242017,8863.132767676867,30.632898807525635
Sobol,2,"[(-100, 100)]",10,1000,100,F262017,2999.387809490552,14.799746751785278
HDS,2,"[(-100, 100)]",30,1000,100,F252017,3353.0329845311803,73.77689290046692
HDS,2,"[(-100, 100)]",10,1000,100,F272017,2834.365421440863,11.685314178466797
Sobol,2,"[(-100, 100)]",10,1000,100,F272017,2813.562763348914,9.697893142700195
HDS,2,"[(-100, 100)]",50,1000,100,F252017,4844.37079096317,100.66215991973876
HDS,2,"[(-100, 100)]",30,1000,100,F262017,3235.6031308580177,75.68449306488037
HDS,2,"[(-100, 100)]",50,1000,100,F262017,3733.346778345018,101.2120041847229
Sobol,2,"[(-100, 100)]",30,1000,100,F252017,3359.375549655604,72.38773822784424
HDS,2,"[(-100, 100)]",30,1000,100,F272017,3013.6405003318973,69.90616798400879
Sobol,2,"[(-100, 100)]",100,1000,100,F192017,4343.004783740707,207.3531877994537
Sobol,2,"[(-100, 100)]",30,1000,100,F262017,3206.78841436444,75.36572694778442
Sobol,2,"[(-100, 100)]",30,1000,100,F272017,2906.5309365199887,43.86873912811279
HDS,2,"[(-100, 100)]",100,1000,100,F252017,14262.557079261916,167.6888382434845
Sobol,2,"[(-100, 100)]",50,1000,100,F252017,5074.011708876255,98.25831508636476
HDS,2,"[(-100, 100)]",100,1000,100,F262017,5018.213659387141,168.6506621837616
HDS,2,"[(-100, 100)]",50,1000,100,F272017,3263.103065901707,96.14206981658936
Sobol,2,"[(-100, 100)]",50,1000,100,F262017,3700.961426346508,101.30707597732544
HDS,2,"[(-100, 100)]",10,1000,100,F282017,4065.354842027041,65.65441489219666
HDS,2,"[(-100, 100)]",30,1000,100,F282017,30364994.13968153,106.00713992118835
Sobol,2,"[(-100, 100)]",10,1000,100,F282017,4226.792943187353,65.10411429405212
Sobol,2,"[(-100, 100)]",50,1000,100,F272017,3219.085668750044,79.76528716087341
HDS,2,"[(-100, 100)]",100,1000,100,F272017,4456.907210285169,162.9832570552826
HDS,2,"[(-100, 100)]",50,1000,100,F282017,178707082.1793385,150.11937522888184
Sobol,2,"[(-100, 100)]",100,1000,100,F252017,22560.351719066268,165.70398688316345
HDS,2,"[(-100, 100)]",10,1000,100,F292017,,46.76951575279236
HDS,2,"[(-100, 100)]",30,1000,100,F292017,19264937.931419957,61.19999504089356
Sobol,2,"[(-100, 100)]",100,1000,100,F262017,5333.205720727342,167.29618191719055
Sobol,2,"[(-100, 100)]",30,1000,100,F282017,16741059.512129694,105.04968500137328
Sobol,2,"[(-100, 100)]",10,1000,100,F292017,,46.634440898895264
HDS,2,"[(-100, 100)]",10,1000,100,F32017,309.8785665691641,5.603184223175049
Sobol,2,"[(-100, 100)]",10,1000,100,F32017,304.64811573497354,5.156292676925659
HDS,2,"[(-100, 100)]",30,1000,100,F32017,374.2982631029499,16.120305061340332
HDS,2,"[(-100, 100)]",50,1000,100,F32017,1205.5458924408117,15.402086734771729
HDS,2,"[(-100, 100)]",50,1000,100,F292017,911241475.7077922,76.53030300140381
Sobol,2,"[(-100, 100)]",30,1000,100,F292017,9557810.9266395,60.50532197952271
Sobol,2,"[(-100, 100)]",30,1000,100,F32017,367.4846385405034,15.94338583946228
Sobol,2,"[(-100, 100)]",50,1000,100,F32017,1186.2525944189083,14.820762872695925
HDS,2,"[(-100, 100)]",100,1000,100,F32017,5626.972261682549,16.740604877471924
HDS,2,"[(-100, 100)]",10,1000,100,F42017,437.8914677945113,15.563079833984377
HDS,2,"[(-100, 100)]",30,1000,100,F42017,714.8461271380347,14.825883865356444
Sobol,2,"[(-100, 100)]",100,1000,100,F32017,4528.734924117196,15.75749897956848
Sobol,2,"[(-100, 100)]",10,1000,100,F42017,431.5246560144504,15.382869005203249
Sobol,2,"[(-100, 100)]",30,1000,100,F42017,826.8358651739877,14.30198884010315
HDS,2,"[(-100, 100)]",10,1000,100,F52017,500.0075889017334,0.4004530906677246
Sobol,2,"[(-100, 100)]",10,1000,100,F52017,500.0092164866637,0.192854642868042
HDS,2,"[(-100, 100)]",30,1000,100,F52017,500.05301462352656,0.5736980438232422
Sobol,2,"[(-100, 100)]",30,1000,100,F52017,500.0739861385584,0.3065741062164306
HDS,2,"[(-100, 100)]",50,1000,100,F52017,500.063574964979,0.8874750137329102
Sobol,2,"[(-100, 100)]",50,1000,100,F52017,500.0678809218055,0.4255168437957763
HDS,2,"[(-100, 100)]",100,1000,100,F52017,500.0833788934324,1.952059030532837
Sobol,2,"[(-100, 100)]",100,1000,100,F52017,500.1426936691619,0.699836015701294
HDS,2,"[(-100, 100)]",50,1000,100,F42017,1630.4278511978407,14.928643941879272
HDS,2,"[(-100, 100)]",100,1000,100,F42017,28660.418918599597,16.425673961639404
Sobol,2,"[(-100, 100)]",100,1000,100,F272017,4605.684473750067,161.01086115837097
HDS,2,"[(-100, 100)]",100,1000,100,F282017,6226442824.126871,250.37564516067505
HDS,2,"[(-100, 100)]",10,1000,100,F62017,632.4683987795048,16.70252799987793
Sobol,2,"[(-100, 100)]",50,1000,100,F282017,40223205.20108095,148.35447001457214
HDS,2,"[(-100, 100)]",100,1000,100,F292017,7214502960.894758,114.74211502075195
Sobol,2,"[(-100, 100)]",50,1000,100,F42017,2571.27009110512,14.463450193405151
Sobol,2,"[(-100, 100)]",100,1000,100,F42017,46237.088027139296,15.24170422554016
HDS,2,"[(-100, 100)]",30,1000,100,F62017,2890.2495949210934,16.862063884735107
Sobol,2,"[(-100, 100)]",50,1000,100,F292017,1384309073.8083842,75.68094301223755
Sobol,2,"[(-100, 100)]",10,1000,100,F62017,639.6050264650914,16.742268085479736
HDS,2,"[(-100, 100)]",50,1000,100,F62017,20326.5277078229,16.88903498649597
HDS,2,"[(-100, 100)]",100,1000,100,F62017,1003708.380588166,18.121586084365845
HDS,2,"[(-100, 100)]",10,1000,100,F72017,739.2793295624091,20.011823892593384
Sobol,2,"[(-100, 100)]",30,1000,100,F62017,2059.5874515790474,16.583488941192627
Sobol,2,"[(-100, 100)]",50,1000,100,F62017,24058.389503325703,16.42524480819702
HDS,2,"[(-100, 100)]",10,1000,100,F82017,801.9819070554933,1.176133155822754
Sobol,2,"[(-100, 100)]",10,1000,100,F82017,802.3604196147888,0.908066987991333
HDS,2,"[(-100, 100)]",30,1000,100,F72017,1084.481661969237,20.386316776275635
HDS,2,"[(-100, 100)]",50,1000,100,F72017,1608.051523587516,21.405111074447632
Sobol,2,"[(-100, 100)]",100,1000,100,F62017,1358004.0519215434,16.854048013687134
HDS,2,"[(-100, 100)]",30,1000,100,F82017,808.7855031504093,4.213071823120117
Sobol,2,"[(-100, 100)]",30,1000,100,F82017,808.0112994187616,5.082384824752808
Sobol,2,"[(-100, 100)]",10,1000,100,F72017,724.0378386652212,19.932334899902344
HDS,2,"[(-100, 100)]",100,1000,100,F72017,3036.0454749714345,22.042853116989136
HDS,2,"[(-100, 100)]",50,1000,100,F82017,812.8676668902498,12.91875696182251
Sobol,2,"[(-100, 100)]",30,1000,100,F72017,1130.9074827768418,20.256757974624637
Sobol,2,"[(-100, 100)]",50,1000,100,F72017,1683.6054763805903,20.89974594116211
Sobol,2,"[(-100, 100)]",50,1000,100,F82017,814.0093557167306,9.50785994529724
HDS,2,"[(-100, 100)]",100,1000,100,F82017,903.9827283226912,18.47582483291626
HDS,2,"[(-100, 100)]",10,1000,100,F92017,-607.0039883423506,19.840633153915405
Sobol,2,"[(-100, 100)]",100,1000,100,F72017,3304.629795630044,21.24178409576416
HDS,2,"[(-100, 100)]",30,1000,100,F92017,4038.7971751052737,20.21390008926392
HDS,2,"[(-100, 100)]",50,1000,100,F92017,9810.964424209546,20.677648067474365
Sobol,2,"[(-100, 100)]",100,1000,100,F82017,866.0922392169225,17.153019905090332
HDS,2,"[(-100, 100)]",100,1000,100,F92017,26154.642824469363,22.699522972106934
Sobol,2,"[(-100, 100)]",10,1000,100,F92017,-702.2988649971294,19.76737093925476
HDS,3,"[(-100, 100)]",10,1000,100,F102017,1122.0025079097154,17.232524156570435
Sobol,2,"[(-100, 100)]",30,1000,100,F92017,2887.995316948638,19.993916034698486
HDS,3,"[(-100, 100)]",30,1000,100,F102017,106029.96481740086,17.694015979766846
Sobol,2,"[(-100, 100)]",50,1000,100,F92017,9977.763614351845,20.30452370643616
HDS,3,"[(-100, 100)]",50,1000,100,F102017,259058.4209827353,17.671485900878906
Sobol,3,"[(-100, 100)]",10,1000,100,F102017,1159.098283311657,17.022042274475098
Sobol,2,"[(-100, 100)]",100,1000,100,F92017,23094.23642009963,21.622090101242065
Sobol,3,"[(-100, 100)]",30,1000,100,F102017,120141.74166704288,17.45026707649231
HDS,3,"[(-100, 100)]",100,1000,100,F102017,2924870.204578962,19.36731481552124
Sobol,2,"[(-100, 100)]",100,1000,100,F292017,5434217612.481116,114.94104719161987
HDS,3,"[(-100, 100)]",10,1000,100,F112017,159843.64888554777,21.555466890335083
Sobol,3,"[(-100, 100)]",50,1000,100,F102017,208725.58570005867,17.549736261367798
HDS,3,"[(-100, 100)]",30,1000,100,F112017,40512749.99697428,22.136327981948853
HDS,3,"[(-100, 100)]",50,1000,100,F112017,166436939.39664146,22.35861706733704
HDS,3,"[(-100, 100)]",10,1000,100,F12017,10462.00323372592,13.73712420463562
Sobol,3,"[(-100, 100)]",100,1000,100,F102017,1168772.6185789567,18.370999813079838
HDS,3,"[(-100, 100)]",30,1000,100,F12017,129713687.8628615,14.233123779296877
HDS,3,"[(-100, 100)]",100,1000,100,F112017,3883153685.327768,23.896679878234863
Sobol,3,"[(-100, 100)]",10,1000,100,F112017,116600.06099320436,20.872437000274655
Sobol,3,"[(-100, 100)]",10,1000,100,F12017,9062.997165712315,13.90762495994568
Sobol,3,"[(-100, 100)]",30,1000,100,F112017,47890532.35447057,21.590696096420288
HDS,3,"[(-100, 100)]",50,1000,100,F12017,1627184954.9831789,14.28144097328186
Sobol,3,"[(-100, 100)]",30,1000,100,F12017,2799312.8926224094,13.881922960281372
Sobol,3,"[(-100, 100)]",50,1000,100,F112017,272393892.31766653,22.065855979919437
HDS,3,"[(-100, 100)]",100,1000,100,F12017,19527970006.229027,15.79714584350586
Sobol,3,"[(-100, 100)]",100,1000,100,F112017,4489017248.434521,22.471869945526123
Sobol,3,"[(-100, 100)]",50,1000,100,F12017,1827746687.0130024,14.038743019104004
HDS,3,"[(-100, 100)]",10,1000,100,F122017,1450.0720281855592,18.27445197105408
HDS,3,"[(-100, 100)]",30,1000,100,F122017,110775.23225152,18.903172731399536
HDS,3,"[(-100, 100)]",50,1000,100,F122017,54668150.54340457,19.725788831710812
HDS,3,"[(-100, 100)]",100,1000,100,F122017,2546425055.231298,20.053920030593872
Sobol,3,"[(-100, 100)]",100,1000,100,F12017,35823044187.49255,14.394314765930176
HDS,3,"[(-100, 100)]",10,1000,100,F132017,1359.4794598929268,18.40850186347961
Sobol,3,"[(-100, 100)]",10,1000,100,F122017,1823.9198741225264,18.03426313400269
HDS,3,"[(-100, 100)]",30,1000,100,F132017,206257.129576081,20.296910285949707
Sobol,3,"[(-100, 100)]",30,1000,100,F122017,3343441.390114123,18.049337148666385
Sobol,3,"[(-100, 100)]",50,1000,100,F122017,62667639.21940023,19.219359874725345
Sobol,3,"[(-100, 100)]",100,1000,100,F122017,5790031909.744926,18.866113901138306
HDS,3,"[(-100, 100)]",50,1000,100,F132017,3126308.4139261167,20.9205219745636
Sobol,3,"[(-100, 100)]",10,1000,100,F132017,1404.7160975369825,18.36469674110413
Sobol,3,"[(-100, 100)]",30,1000,100,F132017,389705.8385965201,19.831183195114136
HDS,3,"[(-100, 100)]",10,1000,100,F142017,2792.974024984044,18.26892113685608
HDS,3,"[(-100, 100)]",100,1000,100,F132017,29028233.71349456,25.25118374824524
HDS,3,"[(-100, 100)]",50,1000,100,F142017,23204655.823894706,18.842714309692383
HDS,3,"[(-100, 100)]",30,1000,100,F142017,691176.3574451604,19.395918130874637
Sobol,3,"[(-100, 100)]",50,1000,100,F132017,1239505.3231389814,20.8448178768158
HDS,3,"[(-100, 100)]",100,1000,100,F142017,261746476.14166385,20.091488122940063
HDS,3,"[(-100, 100)]",10,1000,100,F152017,1338.0135473607972,16.801079034805298
Sobol,3,"[(-100, 100)]",10,1000,100,F142017,2433.572234670028,17.63152289390564
Sobol,3,"[(-100, 100)]",50,1000,100,F142017,6071963.064841352,18.41358494758606
Sobol,3,"[(-100, 100)]",30,1000,100,F142017,1196400.588345585,18.99009323120117
Sobol,3,"[(-100, 100)]",100,1000,100,F132017,34036212.06781625,24.286723852157596
Sobol,3,"[(-100, 100)]",100,1000,100,F142017,276036588.6798045,18.84062886238098
Sobol,3,"[(-100, 100)]",10,1000,100,F152017,1340.4275841086533,18.932920932769772
Sobol,2,"[(-100, 100)]",100,1000,100,F282017,4220196018.359201,249.26127004623413
HDS,3,"[(-100, 100)]",30,1000,100,F152017,6199.156975133042,31.11920928955078
HDS,3,"[(-100, 100)]",50,1000,100,F152017,5873.211513097102,37.02309894561768
HDS,3,"[(-100, 100)]",10,1000,100,F172017,,20.44059705734253
HDS,3,"[(-100, 100)]",10,1000,100,F162017,1491.6900924865297,44.25498294830322
Sobol,3,"[(-100, 100)]",30,1000,100,F152017,2953.58254600104,31.08867597579956
HDS,3,"[(-100, 100)]",100,1000,100,F152017,327674.39439608064,51.23424911499024
Sobol,3,"[(-100, 100)]",10,1000,100,F172017,,19.863715887069706
Sobol,3,"[(-100, 100)]",50,1000,100,F152017,8085.896269452318,36.74030494689941
HDS,3,"[(-100, 100)]",30,1000,100,F172017,87186.55054841422,20.029762983322144
HDS,3,"[(-100, 100)]",50,1000,100,F172017,708700.7055844476,20.58564281463623
HDS,3,"[(-100, 100)]",30,1000,100,F162017,44817.91957811472,79.5046329498291
Sobol,3,"[(-100, 100)]",10,1000,100,F162017,1652.773452702322,43.34848165512085
Sobol,3,"[(-100, 100)]",30,1000,100,F172017,128009.31376821756,19.66682195663452
HDS,3,"[(-100, 100)]",100,1000,100,F172017,22177881.844974663,21.68400287628174
Sobol,3,"[(-100, 100)]",50,1000,100,F172017,1324948.4192649345,20.04513692855835
Sobol,3,"[(-100, 100)]",100,1000,100,F152017,250726.91453010525,49.84456920623779
HDS,3,"[(-100, 100)]",10,1000,100,F182017,1809.9713132652969,18.35480618476868
Sobol,3,"[(-100, 100)]",100,1000,100,F172017,11470684.584408728,20.76433897018433
Sobol,3,"[(-100, 100)]",10,1000,100,F182017,1809.9401356414296,19.355448007583615
HDS,3,"[(-100, 100)]",50,1000,100,F162017,36396217.72978047,115.63750505447388
HDS,3,"[(-100, 100)]",30,1000,100,F182017,158835.44632310976,44.19755411148071
HDS,3,"[(-100, 100)]",10,1000,100,F192017,1837.3386013404208,42.89520001411438
HDS,3,"[(-100, 100)]",50,1000,100,F182017,13796108.455449415,59.86514115333557
Sobol,3,"[(-100, 100)]",30,1000,100,F162017,55749.68259993399,79.58998513221741
Sobol,3,"[(-100, 100)]",30,1000,100,F182017,328940.66556308203,44.08641576766968
Sobol,3,"[(-100, 100)]",10,1000,100,F192017,1845.2351362914112,42.33618378639221
HDS,3,"[(-100, 100)]",100,1000,100,F182017,594967189.6489533,98.24933099746704
HDS,3,"[(-100, 100)]",10,1000,100,F202017,2144.4926040259666,9.220667839050291
HDS,3,"[(-100, 100)]",30,1000,100,F192017,3028.294915351838,80.46813726425171
Sobol,3,"[(-100, 100)]",10,1000,100,F202017,2139.06118966715,10.489424228668211
HDS,3,"[(-100, 100)]",100,1000,100,F162017,46513245986.32785,204.01407408714292
Sobol,3,"[(-100, 100)]",50,1000,100,F182017,11151724.379525855,59.22068214416504
HDS,3,"[(-100, 100)]",30,1000,100,F202017,2924.4637706740987,22.880125045776367
HDS,3,"[(-100, 100)]",50,1000,100,F202017,4033.600942911573,23.913659811019897
Sobol,3,"[(-100, 100)]",50,1000,100,F162017,1592694644.3250132,115.41965699195862
Sobol,3,"[(-100, 100)]",30,1000,100,F202017,2339.111886813153,22.77002596855164
Sobol,3,"[(-100, 100)]",50,1000,100,F202017,3054.845527821356,23.946561098098755
HDS,3,"[(-100, 100)]",100,1000,100,F202017,22547.70477314372,25.80447793006897
HDS,3,"[(-100, 100)]",50,1000,100,F192017,2251.4397022296253,117.29704594612122
Sobol,3,"[(-100, 100)]",30,1000,100,F192017,2198.142703674829,80.27612066268921
HDS,3,"[(-100, 100)]",30,1000,100,F212017,2302.168591012988,21.92099666595459
HDS,3,"[(-100, 100)]",10,1000,100,F212017,325.1146712087027,26.65658807754517
Sobol,3,"[(-100, 100)]",10,1000,100,F212017,2215.25670778954,3.705057859420776
Sobol,3,"[(-100, 100)]",100,1000,100,F202017,41992.02800709719,24.73016786575317
Sobol,3,"[(-100, 100)]",100,1000,100,F182017,2389172238.90219,97.04729008674622
HDS,3,"[(-100, 100)]",10,1000,100,F22017,200.41359004913377,14.220126867294312
HDS,3,"[(-100, 100)]",30,1000,100,F22017,15047.966932916606,14.55907702445984
Sobol,3,"[(-100, 100)]",30,1000,100,F212017,2303.4863551367184,26.636487007141117
HDS,3,"[(-100, 100)]",50,1000,100,F212017,2467.205460770494,28.132417678833008
Sobol,3,"[(-100, 100)]",10,1000,100,F22017,202.13293258073276,14.031406164169312
HDS,3,"[(-100, 100)]",100,1000,100,F212017,3035.913462370356,31.338073015213013
Sobol,3,"[(-100, 100)]",30,1000,100,F22017,14321.220865845422,14.359057188034058
HDS,3,"[(-100, 100)]",50,1000,100,F22017,47698.97339793061,14.963467836380005
HDS,3,"[(-100, 100)]",10,1000,100,F222017,2364.096220925374,10.497068881988524
HDS,3,"[(-100, 100)]",100,1000,100,F22017,221333.95543624024,15.980674028396606
Sobol,3,"[(-100, 100)]",50,1000,100,F212017,2514.074166419411,28.170396089553837
Sobol,3,"[(-100, 100)]",50,1000,100,F22017,82096.94404023935,14.423980951309204
Sobol,3,"[(-100, 100)]",10,1000,100,F222017,2356.528692033241,9.710462808609009
Sobol,3,"[(-100, 100)]",100,1000,100,F22017,267345.489709601,15.109994173049929
Sobol,3,"[(-100, 100)]",100,1000,100,F212017,3863.968727716721,30.32530689239502
HDS,3,"[(-100, 100)]",10,1000,100,F232017,2552.343979452634,11.333364248275757
Sobol,3,"[(-100, 100)]",10,1000,100,F232017,2543.3507064382766,9.582480907440186
HDS,3,"[(-100, 100)]",30,1000,100,F222017,2910.679477909589,30.882925033569336
HDS,3,"[(-100, 100)]",50,1000,100,F222017,4341.506590751427,31.97407603263855
HDS,3,"[(-100, 100)]",30,1000,100,F232017,2839.240361364992,25.088210821151733
HDS,3,"[(-100, 100)]",100,1000,100,F222017,33579.741503091514,33.59155797958374
HDS,3,"[(-100, 100)]",100,1000,100,F192017,7132.709002793667,206.40077710151672
Sobol,3,"[(-100, 100)]",50,1000,100,F192017,3322.2011346409017,117.10980987548828
HDS,3,"[(-100, 100)]",50,1000,100,F232017,7423.040302146783,26.069459915161133
Sobol,3,"[(-100, 100)]",30,1000,100,F232017,3228.508064588133,25.267054796218872
Sobol,3,"[(-100, 100)]",30,1000,100,F222017,3219.91844614002,30.96077609062195
Sobol,3,"[(-100, 100)]",50,1000,100,F222017,4615.236482497738,31.611927032470703
Sobol,3,"[(-100, 100)]",100,1000,100,F222017,36633.61804521392,32.50574588775635
HDS,3,"[(-100, 100)]",10,1000,100,F242017,2890.159603572873,10.429235219955444
Sobol,3,"[(-100, 100)]",100,1000,100,F162017,63934764791.32734,204.3164088726044
Sobol,3,"[(-100, 100)]",10,1000,100,F242017,2893.8996301267057,8.260052919387817
Sobol,3,"[(-100, 100)]",50,1000,100,F232017,9152.833047454596,25.866671085357662
HDS,3,"[(-100, 100)]",30,1000,100,F242017,2873.06018943618,21.03489828109741
HDS,3,"[(-100, 100)]",100,1000,100,F232017,49366.25477843757,28.925431966781616
HDS,3,"[(-100, 100)]",50,1000,100,F242017,4305.226235937945,28.790998935699463
HDS,3,"[(-100, 100)]",10,1000,100,F252017,2962.63942628582,15.753882646560667
HDS,3,"[(-100, 100)]",100,1000,100,F242017,6137.543522744887,31.023067951202396
Sobol,3,"[(-100, 100)]",30,1000,100,F242017,2868.728202958549,20.61347007751465
Sobol,3,"[(-100, 100)]",10,1000,100,F252017,2975.2351405933227,13.554609298706056
Sobol,3,"[(-100, 100)]",100,1000,100,F232017,44932.67561165402,27.634939908981323
HDS,3,"[(-100, 100)]",10,1000,100,F262017,3002.5639761646426,9.418115854263306
Sobol,3,"[(-100, 100)]",50,1000,100,F242017,4354.892292767796,28.22801804542541
Sobol,3,"[(-100, 100)]",10,1000,100,F262017,2999.363229222047,10.678593158721924
Sobol,3,"[(-100, 100)]",100,1000,100,F242017,7016.976034195249,29.814131259918213
HDS,3,"[(-100, 100)]",10,1000,100,F272017,2823.7240677048194,11.536250829696655
Sobol,3,"[(-100, 100)]",10,1000,100,F272017,2831.0860220215736,9.589497804641724
HDS,3,"[(-100, 100)]",30,1000,100,F252017,3425.613129684056,73.35300397872925
HDS,3,"[(-100, 100)]",50,1000,100,F252017,4722.974202382351,100.47330594062804
HDS,3,"[(-100, 100)]",30,1000,100,F262017,3269.0023314578966,75.18920683860779
HDS,3,"[(-100, 100)]",30,1000,100,F272017,2890.6772565555893,57.54233598709106
HDS,3,"[(-100, 100)]",50,1000,100,F262017,3869.3694286276855,101.40266299247742
Sobol,3,"[(-100, 100)]",30,1000,100,F252017,3417.254563829024,73.09569001197815
Sobol,3,"[(-100, 100)]",100,1000,100,F192017,7691.404338921951,207.1338222026825
Sobol,3,"[(-100, 100)]",30,1000,100,F262017,3205.674208300756,75.05583786964417
HDS,3,"[(-100, 100)]",100,1000,100,F252017,21514.273951688352,167.17066717147827
Sobol,3,"[(-100, 100)]",30,1000,100,F272017,2870.964776199659,67.81907820701599
Sobol,3,"[(-100, 100)]",50,1000,100,F252017,4954.776815632585,100.49813199043274
HDS,3,"[(-100, 100)]",100,1000,100,F262017,5151.580861408911,169.95087671279907
HDS,3,"[(-100, 100)]",50,1000,100,F272017,3221.2456079698336,97.53128910064696
Sobol,3,"[(-100, 100)]",50,1000,100,F262017,3921.988150307077,102.55831027030943
HDS,3,"[(-100, 100)]",10,1000,100,F282017,4108.080136405318,65.31152296066284
HDS,3,"[(-100, 100)]",30,1000,100,F282017,7797475.862009685,108.52226996421814
Sobol,3,"[(-100, 100)]",10,1000,100,F282017,4216.901078099773,64.92995882034302
HDS,3,"[(-100, 100)]",100,1000,100,F272017,4853.834173824362,163.51858520507812
Sobol,3,"[(-100, 100)]",50,1000,100,F272017,3323.0836127780863,95.85591506958008
HDS,3,"[(-100, 100)]",50,1000,100,F282017,205551992.11218363,151.0372622013092
Sobol,3,"[(-100, 100)]",100,1000,100,F252017,23396.865046160165,165.55883693695068
HDS,3,"[(-100, 100)]",10,1000,100,F292017,,45.91112327575684
Sobol,3,"[(-100, 100)]",100,1000,100,F262017,5417.265137141083,168.66284275054932
HDS,3,"[(-100, 100)]",30,1000,100,F292017,23778793.742861245,62.70752811431885
Sobol,3,"[(-100, 100)]",10,1000,100,F292017,,46.182743072509766
HDS,3,"[(-100, 100)]",10,1000,100,F32017,309.74717217209826,5.82239294052124
Sobol,3,"[(-100, 100)]",30,1000,100,F282017,44369886.50533044,107.9308249950409
Sobol,3,"[(-100, 100)]",10,1000,100,F32017,309.7559929549037,7.254265069961548
HDS,3,"[(-100, 100)]",30,1000,100,F32017,415.631696209517,16.229949951171875
HDS,3,"[(-100, 100)]",50,1000,100,F32017,981.7448286875716,15.677433967590332
HDS,3,"[(-100, 100)]",50,1000,100,F292017,2717953555.657967,78.48960185050964
Sobol,3,"[(-100, 100)]",30,1000,100,F32017,395.75662596244666,15.462378025054932
Sobol,3,"[(-100, 100)]",50,1000,100,F32017,949.560205158426,15.191444158554075
HDS,3,"[(-100, 100)]",100,1000,100,F32017,9479.929363106228,17.6185519695282
HDS,3,"[(-100, 100)]",10,1000,100,F42017,435.3448638883112,14.536859273910522
Sobol,3,"[(-100, 100)]",30,1000,100,F292017,50359633.95255188,62.12718486785889
Sobol,3,"[(-100, 100)]",10,1000,100,F42017,429.24723738527945,14.303641080856323
Sobol,3,"[(-100, 100)]",100,1000,100,F32017,9933.347178926791,16.36465096473694
HDS,3,"[(-100, 100)]",30,1000,100,F42017,684.1463514541622,15.875725984573364
HDS,3,"[(-100, 100)]",50,1000,100,F42017,3399.033651828648,15.212006092071531
Sobol,3,"[(-100, 100)]",100,1000,100,F272017,4965.460099302644,162.75048279762268
HDS,3,"[(-100, 100)]",10,1000,100,F52017,500.006320553383,0.404865026473999
HDS,3,"[(-100, 100)]",100,1000,100,F42017,49639.366706146095,16.850281238555908
Sobol,3,"[(-100, 100)]",10,1000,100,F52017,500.0107580483107,0.1899831295013427
Sobol,3,"[(-100, 100)]",30,1000,100,F42017,722.0927710756787,15.392547130584717
HDS,3,"[(-100, 100)]",30,1000,100,F52017,500.0490062943754,0.6489300727844238
Sobol,3,"[(-100, 100)]",30,1000,100,F52017,500.0701700185019,0.3136940002441406
HDS,3,"[(-100, 100)]",50,1000,100,F52017,500.06038254267423,0.9065151214599608
Sobol,3,"[(-100, 100)]",50,1000,100,F52017,500.093882040801,0.461857795715332
HDS,3,"[(-100, 100)]",100,1000,100,F52017,500.09921438056085,1.9266057014465328
Sobol,3,"[(-100, 100)]",100,1000,100,F52017,500.1414431126722,0.7470929622650146
HDS,3,"[(-100, 100)]",100,1000,100,F282017,7766913816.963708,254.07502794265747
HDS,3,"[(-100, 100)]",100,1000,100,F292017,9280737893.000916,117.53255605697632
Sobol,3,"[(-100, 100)]",50,1000,100,F282017,468728124.2439748,151.08541798591614
Sobol,3,"[(-100, 100)]",50,1000,100,F42017,2319.9618608981664,14.76779580116272
Sobol,3,"[(-100, 100)]",100,1000,100,F42017,52592.22661903339,15.324798345565796
Sobol,3,"[(-100, 100)]",50,1000,100,F292017,1021044020.283951,77.37196397781372
HDS,3,"[(-100, 100)]",10,1000,100,F62017,647.6326832244334,16.307761192321777
HDS,3,"[(-100, 100)]",30,1000,100,F62017,2889.0076162318123,16.521595001220703
HDS,3,"[(-100, 100)]",50,1000,100,F62017,55649.30575173751,17.090116262435913
HDS,3,"[(-100, 100)]",100,1000,100,F62017,1413256.7143031985,18.56439518928528
Sobol,3,"[(-100, 100)]",10,1000,100,F62017,645.0847015933894,16.03184485435486
HDS,3,"[(-100, 100)]",10,1000,100,F72017,732.7713359483674,20.02596402168274
Sobol,3,"[(-100, 100)]",30,1000,100,F62017,3543.6623803309108,16.16188406944275
HDS,3,"[(-100, 100)]",30,1000,100,F72017,1130.3334735344852,21.322204113006592
Sobol,3,"[(-100, 100)]",50,1000,100,F62017,70379.8604355702,16.42644190788269
HDS,3,"[(-100, 100)]",10,1000,100,F82017,801.7426395525142,1.1122441291809082
Sobol,3,"[(-100, 100)]",10,1000,100,F82017,802.1689689789157,0.8512320518493652
Sobol,3,"[(-100, 100)]",100,1000,100,F62017,1694870.1098488264,16.71618914604187
HDS,3,"[(-100, 100)]",30,1000,100,F82017,809.9855201543901,4.182112216949463
Sobol,3,"[(-100, 100)]",10,1000,100,F72017,741.3067082780532,19.93294382095337
HDS,3,"[(-100, 100)]",50,1000,100,F72017,1620.9286880027523,21.47927618026733
Sobol,3,"[(-100, 100)]",30,1000,100,F82017,808.0553559600392,5.9402689933776855
HDS,3,"[(-100, 100)]",100,1000,100,F72017,3252.887303300059,22.02915906906128
Sobol,3,"[(-100, 100)]",30,1000,100,F72017,1140.1312631425335,21.008307933807373
HDS,3,"[(-100, 100)]",50,1000,100,F82017,825.3616135750989,14.614724159240724
Sobol,3,"[(-100, 100)]",50,1000,100,F82017,816.0094233943761,10.05852484703064
HDS,3,"[(-100, 100)]",100,1000,100,F82017,883.5464375832694,17.959619998931885
HDS,3,"[(-100, 100)]",10,1000,100,F92017,-567.7532710245687,19.38186812400818
Sobol,3,"[(-100, 100)]",50,1000,100,F72017,1598.007118140944,20.58924126625061
Sobol,3,"[(-100, 100)]",100,1000,100,F72017,3061.677479213546,20.782675981521606
HDS,3,"[(-100, 100)]",30,1000,100,F92017,4288.134827583579,21.811397790908813
Sobol,3,"[(-100, 100)]",100,1000,100,F82017,909.2549388588812,17.23884391784668
HDS,3,"[(-100, 100)]",50,1000,100,F92017,9619.77249907922,20.99777293205261
Sobol,3,"[(-100, 100)]",10,1000,100,F92017,-1062.7665527511244,19.783273935317997
HDS,4,"[(-100, 100)]",10,1000,100,F102017,1059.7984401221083,17.25683093070984
HDS,3,"[(-100, 100)]",100,1000,100,F92017,25516.00714112077,22.905037879943848
Sobol,3,"[(-100, 100)]",30,1000,100,F92017,3569.714312692182,21.18318486213684
HDS,4,"[(-100, 100)]",30,1000,100,F102017,99750.02010424311,17.430544137954712
Sobol,3,"[(-100, 100)]",50,1000,100,F92017,7503.158238053784,20.100983142852783
HDS,4,"[(-100, 100)]",50,1000,100,F102017,242741.44887400337,18.04977512359619
Sobol,4,"[(-100, 100)]",10,1000,100,F102017,1057.4529656274754,16.866544246673584
Sobol,3,"[(-100, 100)]",100,1000,100,F92017,24286.70055393984,21.51894211769104
HDS,4,"[(-100, 100)]",100,1000,100,F102017,663877.0783944665,18.951010942459103
Sobol,3,"[(-100, 100)]",100,1000,100,F292017,11877831847.80742,115.248437166214
Sobol,4,"[(-100, 100)]",30,1000,100,F102017,106147.99786752008,17.04708194732666
Sobol,4,"[(-100, 100)]",50,1000,100,F102017,297955.9377436666,17.252490043640137
HDS,4,"[(-100, 100)]",10,1000,100,F112017,142278.46129688236,21.308977842330933
HDS,4,"[(-100, 100)]",30,1000,100,F112017,67120709.29625595,21.462875843048096
HDS,4,"[(-100, 100)]",10,1000,100,F12017,16431.388218392283,13.429084062576294
Sobol,4,"[(-100, 100)]",100,1000,100,F102017,1743721.635277995,18.07493305206299
HDS,4,"[(-100, 100)]",50,1000,100,F112017,208460261.08726695,22.16562581062317
HDS,4,"[(-100, 100)]",30,1000,100,F12017,18100632.252087187,14.041930913925173
HDS,4,"[(-100, 100)]",100,1000,100,F112017,3274927253.568388,23.716912269592285
Sobol,4,"[(-100, 100)]",10,1000,100,F12017,16954.83470193731,13.335294008255005
HDS,4,"[(-100, 100)]",50,1000,100,F12017,625778295.1125848,14.599855899810793
Sobol,4,"[(-100, 100)]",10,1000,100,F112017,124918.7529368362,21.37600612640381
Sobol,4,"[(-100, 100)]",30,1000,100,F112017,50528423.07850975,21.422367095947266
Sobol,4,"[(-100, 100)]",30,1000,100,F12017,88716277.23353244,13.759497880935667
Sobol,4,"[(-100, 100)]",50,1000,100,F112017,147208256.7524739,21.835963010787964
HDS,4,"[(-100, 100)]",100,1000,100,F12017,38736857170.276,15.688317775726318
Sobol,4,"[(-100, 100)]",50,1000,100,F12017,1137058705.770417,14.22896933555603
Sobol,4,"[(-100, 100)]",100,1000,100,F112017,4020398171.076617,22.5226309299469
HDS,4,"[(-100, 100)]",10,1000,100,F122017,1679.1095702347686,18.68122220039368
HDS,4,"[(-100, 100)]",30,1000,100,F122017,646863.1544538973,19.00535297393799
HDS,4,"[(-100, 100)]",50,1000,100,F122017,7879224.725533345,19.264302015304565
Sobol,4,"[(-100, 100)]",100,1000,100,F12017,13683169879.232613,14.638121366500854
HDS,4,"[(-100, 100)]",100,1000,100,F122017,6580977777.93774,20.185278177261356
HDS,4,"[(-100, 100)]",10,1000,100,F132017,1377.3797405722248,18.72245001792908
HDS,4,"[(-100, 100)]",30,1000,100,F132017,314275.450667501,20.544222831726078
Sobol,4,"[(-100, 100)]",10,1000,100,F122017,3007.3008033029128,18.000510215759277
Sobol,4,"[(-100, 100)]",30,1000,100,F122017,5564924.650930852,18.119605779647827
Sobol,4,"[(-100, 100)]",50,1000,100,F122017,97085746.20290984,18.19313216209412
HDS,4,"[(-100, 100)]",50,1000,100,F132017,2256438.8696446256,21.304057121276852
Sobol,4,"[(-100, 100)]",100,1000,100,F122017,1926670213.64818,18.85919523239136
Sobol,4,"[(-100, 100)]",10,1000,100,F132017,1381.084887458896,18.2792809009552
Sobol,4,"[(-100, 100)]",30,1000,100,F132017,242963.1139560371,19.3557870388031
HDS,4,"[(-100, 100)]",10,1000,100,F142017,2353.4949287216687,18.064839124679565
HDS,4,"[(-100, 100)]",30,1000,100,F142017,725362.2826247528,18.37157893180847
HDS,4,"[(-100, 100)]",100,1000,100,F132017,26474961.72106069,25.53954315185547
HDS,4,"[(-100, 100)]",50,1000,100,F142017,8265610.347733313,19.53244519233704
Sobol,4,"[(-100, 100)]",50,1000,100,F132017,1796447.021664756,21.24652910232544
HDS,4,"[(-100, 100)]",100,1000,100,F142017,161958471.6020428,20.31287670135498
Sobol,4,"[(-100, 100)]",10,1000,100,F142017,2059.9806851837457,18.020545959472656
Sobol,4,"[(-100, 100)]",30,1000,100,F142017,2014342.042251436,18.596014261245728
HDS,4,"[(-100, 100)]",10,1000,100,F152017,1338.3995139595625,25.688808917999268
Sobol,4,"[(-100, 100)]",100,1000,100,F132017,35474118.92124519,24.288791179656982
Sobol,4,"[(-100, 100)]",50,1000,100,F142017,34536320.19203889,19.32363486289978
Sobol,4,"[(-100, 100)]",100,1000,100,F142017,289439283.6737496,19.201701879501343
Sobol,4,"[(-100, 100)]",10,1000,100,F152017,1337.0372545971836,16.433812856674194
Sobol,3,"[(-100, 100)]",100,1000,100,F282017,18987265316.91681,250.61587500572205
HDS,4,"[(-100, 100)]",30,1000,100,F152017,4558.26845134842,31.34465980529785
HDS,4,"[(-100, 100)]",50,1000,100,F152017,14067.965820622396,37.42739295959473
HDS,4,"[(-100, 100)]",10,1000,100,F172017,,20.21206402778625
HDS,4,"[(-100, 100)]",100,1000,100,F152017,132845.11607082342,52.33550000190735
HDS,4,"[(-100, 100)]",10,1000,100,F162017,1868.538554000308,43.35672092437744
Sobol,4,"[(-100, 100)]",30,1000,100,F152017,3682.328567352566,31.323512077331543
Sobol,4,"[(-100, 100)]",10,1000,100,F172017,,19.984193086624146
Sobol,4,"[(-100, 100)]",50,1000,100,F152017,29040.23705603256,36.6727728843689
HDS,4,"[(-100, 100)]",30,1000,100,F172017,83585.72567744816,20.391075611114506
HDS,4,"[(-100, 100)]",50,1000,100,F172017,692891.1187285876,21.04819393157959
HDS,4,"[(-100, 100)]",30,1000,100,F162017,118337.29094225736,79.84884595870972
HDS,4,"[(-100, 100)]",100,1000,100,F172017,7090937.107961883,22.17335677146912
Sobol,4,"[(-100, 100)]",30,1000,100,F172017,118641.91968606404,19.89953374862671
Sobol,4,"[(-100, 100)]",10,1000,100,F162017,1494.1264253823815,43.71671295166016
Sobol,4,"[(-100, 100)]",100,1000,100,F152017,539702.4141662989,51.290786027908325
Sobol,4,"[(-100, 100)]",50,1000,100,F172017,1087691.9873430792,20.22261905670166
Sobol,4,"[(-100, 100)]",100,1000,100,F172017,10974158.146219973,20.541219234466556
HDS,4,"[(-100, 100)]",10,1000,100,F182017,1808.5872180911176,21.570122003555294
HDS,4,"[(-100, 100)]",50,1000,100,F162017,23338658.692570303,114.70425605773926
Sobol,4,"[(-100, 100)]",10,1000,100,F182017,1807.351765724411,20.26641201972961
HDS,4,"[(-100, 100)]",30,1000,100,F182017,337783.8245598519,44.18269896507263
HDS,4,"[(-100, 100)]",10,1000,100,F192017,1855.200677102835,41.814550161361694
HDS,4,"[(-100, 100)]",50,1000,100,F182017,9727213.084941102,58.80919885635376
Sobol,4,"[(-100, 100)]",30,1000,100,F162017,41944.21813030386,77.4314181804657
Sobol,4,"[(-100, 100)]",30,1000,100,F182017,1306394.1473383915,43.293559074401855
Sobol,4,"[(-100, 100)]",10,1000,100,F192017,1825.10709288012,41.36244702339173
HDS,4,"[(-100, 100)]",100,1000,100,F182017,366045854.8665292,96.95617294311523
HDS,4,"[(-100, 100)]",10,1000,100,F202017,2127.8935501983983,7.0561699867248535
Sobol,4,"[(-100, 100)]",10,1000,100,F202017,2139.086950823397,8.62801480293274
HDS,4,"[(-100, 100)]",30,1000,100,F192017,2974.156245115756,77.40566802024841
Sobol,4,"[(-100, 100)]",50,1000,100,F182017,5246829.532796201,58.50488591194153
HDS,4,"[(-100, 100)]",100,1000,100,F162017,74490890196.89207,204.026034116745
HDS,4,"[(-100, 100)]",30,1000,100,F202017,2308.25613248976,22.93211793899536
Sobol,4,"[(-100, 100)]",50,1000,100,F162017,57682280.79274898,112.1506712436676
HDS,4,"[(-100, 100)]",50,1000,100,F202017,4609.170278107878,23.65341806411743
Sobol,4,"[(-100, 100)]",30,1000,100,F202017,2392.498174619533,22.31125783920288
HDS,4,"[(-100, 100)]",100,1000,100,F202017,21587.2371719268,25.745066165924072
Sobol,4,"[(-100, 100)]",50,1000,100,F202017,3883.757231095352,23.18472909927368
HDS,4,"[(-100, 100)]",50,1000,100,F192017,2915.340884895312,114.7371950149536
HDS,4,"[(-100, 100)]",10,1000,100,F212017,1034.280465276069,27.205167293548584
Sobol,4,"[(-100, 100)]",100,1000,100,F202017,45411.24173311093,24.234178066253666
Sobol,4,"[(-100, 100)]",30,1000,100,F192017,2300.681228650342,78.47498202323914
HDS,4,"[(-100, 100)]",30,1000,100,F212017,2318.86004321688,27.566998958587646
Sobol,4,"[(-100, 100)]",100,1000,100,F182017,349621913.3687749,97.0554130077362
Sobol,4,"[(-100, 100)]",10,1000,100,F212017,921.5169915045954,25.98193407058716
HDS,4,"[(-100, 100)]",10,1000,100,F22017,200.86765966487127,13.498075008392334
Sobol,4,"[(-100, 100)]",30,1000,100,F212017,2317.1907356998327,19.888744831085205
HDS,4,"[(-100, 100)]",50,1000,100,F212017,2437.797177040261,28.14314293861389
HDS,4,"[(-100, 100)]",100,1000,100,F212017,3032.9314155556926,30.000625133514404
HDS,4,"[(-100, 100)]",30,1000,100,F22017,13688.269408966771,14.575066089630129
Sobol,4,"[(-100, 100)]",10,1000,100,F22017,205.8607885823128,14.324960947036743
HDS,4,"[(-100, 100)]",50,1000,100,F22017,73128.91683525324,14.637332916259766
Sobol,4,"[(-100, 100)]",30,1000,100,F22017,20856.80407637828,13.650805950164797
HDS,4,"[(-100, 100)]",100,1000,100,F22017,249898.35151807548,16.258240938186646
Sobol,4,"[(-100, 100)]",50,1000,100,F22017,92023.5943092924,13.90645694732666
Sobol,4,"[(-100, 100)]",50,1000,100,F212017,2418.8658104810543,27.513806104660038
HDS,4,"[(-100, 100)]",10,1000,100,F222017,2372.1084100131125,10.768261909484863
Sobol,4,"[(-100, 100)]",100,1000,100,F212017,3649.010637005402,28.96425700187683
Sobol,4,"[(-100, 100)]",100,1000,100,F22017,324870.2895298297,14.879750728607178
Sobol,4,"[(-100, 100)]",10,1000,100,F222017,2371.3077445980207,10.44470191001892
HDS,4,"[(-100, 100)]",10,1000,100,F232017,2532.713679416211,9.535583972930908
HDS,4,"[(-100, 100)]",30,1000,100,F222017,2773.537055012353,29.832789182662964
HDS,4,"[(-100, 100)]",50,1000,100,F222017,8670.678424866517,30.59796094894409
Sobol,4,"[(-100, 100)]",10,1000,100,F232017,2530.681113435528,13.025969982147217
HDS,4,"[(-100, 100)]",100,1000,100,F222017,29823.38437012955,33.02535009384155
HDS,4,"[(-100, 100)]",30,1000,100,F232017,2988.320328007625,24.842121839523315
HDS,4,"[(-100, 100)]",100,1000,100,F192017,6207.976680299163,210.1793110370636
Sobol,4,"[(-100, 100)]",50,1000,100,F192017,2927.469896372363,112.6612458229065
Sobol,4,"[(-100, 100)]",30,1000,100,F222017,3662.540336169306,28.99623703956604
Sobol,4,"[(-100, 100)]",50,1000,100,F222017,10828.101292561205,30.28826904296875
HDS,4,"[(-100, 100)]",50,1000,100,F232017,8993.186482428555,26.32620978355408
Sobol,4,"[(-100, 100)]",30,1000,100,F232017,3300.6035703499037,25.04696083068848
HDS,4,"[(-100, 100)]",10,1000,100,F242017,2891.231907569766,10.45574188232422
Sobol,4,"[(-100, 100)]",100,1000,100,F222017,32907.89034518221,32.08122897148132
Sobol,4,"[(-100, 100)]",10,1000,100,F242017,2915.1855463221173,9.313541889190674
HDS,4,"[(-100, 100)]",100,1000,100,F232017,48813.42218284656,28.849987030029297
Sobol,4,"[(-100, 100)]",100,1000,100,F162017,1159516114593.3523,204.2254922389984
HDS,4,"[(-100, 100)]",30,1000,100,F242017,2876.4339793281533,23.78599500656128
Sobol,4,"[(-100, 100)]",50,1000,100,F232017,6311.936139246045,26.050116062164307
HDS,4,"[(-100, 100)]",10,1000,100,F252017,2972.3885164187677,12.722591161727903
HDS,4,"[(-100, 100)]",50,1000,100,F242017,4684.295867614228,28.452965259552
HDS,4,"[(-100, 100)]",100,1000,100,F242017,7160.447466478425,30.722696781158447
Sobol,4,"[(-100, 100)]",10,1000,100,F252017,2975.2165152465445,13.285769939422607
Sobol,4,"[(-100, 100)]",100,1000,100,F232017,37432.06055532312,28.768476963043213
Sobol,4,"[(-100, 100)]",30,1000,100,F242017,2897.7281729044853,27.33694696426392
Sobol,4,"[(-100, 100)]",50,1000,100,F242017,4953.506396068287,27.69814968109131
Sobol,4,"[(-100, 100)]",100,1000,100,F242017,8083.2955632921985,29.618488788604736
HDS,4,"[(-100, 100)]",10,1000,100,F262017,2172.4879045285697,47.58286070823669
HDS,4,"[(-100, 100)]",30,1000,100,F252017,3407.596183920932,72.73472285270691
Sobol,4,"[(-100, 100)]",10,1000,100,F262017,2996.3013230498204,11.71877408027649
HDS,4,"[(-100, 100)]",10,1000,100,F272017,2839.675695097917,11.089787006378174
HDS,4,"[(-100, 100)]",30,1000,100,F262017,3193.7161744523123,72.88944005966187
HDS,4,"[(-100, 100)]",50,1000,100,F252017,4920.4421610599775,98.46766209602356
Sobol,4,"[(-100, 100)]",10,1000,100,F272017,2801.1145823559405,10.403296947479248
HDS,4,"[(-100, 100)]",50,1000,100,F262017,3813.876972921404,99.95547795295715
Sobol,4,"[(-100, 100)]",30,1000,100,F252017,3396.1392287697454,71.43014097213745
HDS,4,"[(-100, 100)]",30,1000,100,F272017,2877.611893568305,49.78282904624939
Sobol,4,"[(-100, 100)]",30,1000,100,F262017,3229.232613502099,73.2158031463623
Sobol,4,"[(-100, 100)]",100,1000,100,F192017,5070.214915021452,208.72139382362369
HDS,4,"[(-100, 100)]",100,1000,100,F252017,17536.934856932603,164.74580121040344
Sobol,4,"[(-100, 100)]",50,1000,100,F252017,5059.689797226363,98.10433673858644
Sobol,4,"[(-100, 100)]",30,1000,100,F272017,2905.491316990647,54.62111186981201
HDS,4,"[(-100, 100)]",100,1000,100,F262017,5275.584400259986,167.57406902313232
Sobol,4,"[(-100, 100)]",50,1000,100,F262017,3781.90979299886,100.79273319244383
HDS,4,"[(-100, 100)]",50,1000,100,F272017,3255.148205783108,96.72200012207033
HDS,4,"[(-100, 100)]",10,1000,100,F282017,4178.488414547124,65.49011468887329
Sobol,4,"[(-100, 100)]",10,1000,100,F282017,4171.746116320264,64.79117894172668
HDS,4,"[(-100, 100)]",30,1000,100,F282017,35214010.24085648,107.4584550857544
Sobol,4,"[(-100, 100)]",50,1000,100,F272017,3268.926120951318,96.06774497032166
HDS,4,"[(-100, 100)]",100,1000,100,F272017,4561.800142757964,163.7728590965271
Sobol,4,"[(-100, 100)]",100,1000,100,F252017,22205.067994525067,165.85180807113647
HDS,4,"[(-100, 100)]",10,1000,100,F292017,,45.79959487915039
HDS,4,"[(-100, 100)]",50,1000,100,F282017,442088080.7824253,152.48347091674805
Sobol,4,"[(-100, 100)]",100,1000,100,F262017,5713.922219973641,167.36212491989136
Sobol,4,"[(-100, 100)]",10,1000,100,F292017,,45.51746606826782
HDS,4,"[(-100, 100)]",30,1000,100,F292017,3916087.465071344,61.79371213912964
HDS,4,"[(-100, 100)]",10,1000,100,F32017,308.7427085191076,7.463005781173706
Sobol,4,"[(-100, 100)]",10,1000,100,F32017,308.7012899229999,6.13245415687561
Sobol,4,"[(-100, 100)]",30,1000,100,F282017,10674705.974952132,106.55679988861084
HDS,4,"[(-100, 100)]",30,1000,100,F32017,371.7625936307159,15.426918745040894
HDS,4,"[(-100, 100)]",50,1000,100,F292017,572884306.1795164,77.11300802230835
HDS,4,"[(-100, 100)]",50,1000,100,F32017,886.0160860001241,15.950178146362305
Sobol,4,"[(-100, 100)]",30,1000,100,F32017,399.0555834439619,15.195488929748535
Sobol,4,"[(-100, 100)]",50,1000,100,F32017,993.4047227979828,15.258007049560549
HDS,4,"[(-100, 100)]",100,1000,100,F32017,8740.467192767313,16.836050987243652
Sobol,4,"[(-100, 100)]",30,1000,100,F292017,13216720.843862075,61.3391649723053
HDS,4,"[(-100, 100)]",10,1000,100,F42017,436.10149672464615,14.473294734954834
Sobol,4,"[(-100, 100)]",100,1000,100,F32017,7533.391260488261,15.567792892456056
Sobol,4,"[(-100, 100)]",10,1000,100,F42017,442.6312607375368,14.47659182548523
HDS,4,"[(-100, 100)]",30,1000,100,F42017,669.6569374609351,15.280092000961304
HDS,4,"[(-100, 100)]",50,1000,100,F42017,1927.929127031977,15.243603944778442
HDS,4,"[(-100, 100)]",100,1000,100,F282017,3308010995.822078,249.79501104354856
Sobol,4,"[(-100, 100)]",30,1000,100,F42017,725.0021229805659,14.754674911499023
HDS,4,"[(-100, 100)]",10,1000,100,F52017,500.0050012207114,0.3700640201568603
Sobol,4,"[(-100, 100)]",10,1000,100,F52017,500.0070950425642,0.2112419605255127
HDS,4,"[(-100, 100)]",30,1000,100,F52017,500.0392282802667,0.5979089736938477
HDS,4,"[(-100, 100)]",100,1000,100,F42017,39328.75465541176,16.29532790184021
Sobol,4,"[(-100, 100)]",30,1000,100,F52017,500.07062208571466,0.3010323047637939
HDS,4,"[(-100, 100)]",50,1000,100,F52017,500.0619227409456,0.9471471309661864
Sobol,4,"[(-100, 100)]",50,1000,100,F52017,500.0641574012881,0.4343619346618652
HDS,4,"[(-100, 100)]",100,1000,100,F52017,500.0927865171918,1.9319417476654053
Sobol,4,"[(-100, 100)]",100,1000,100,F52017,500.14021395167936,0.697288990020752
Sobol,4,"[(-100, 100)]",100,1000,100,F272017,5250.526031080446,160.74367094039917
HDS,4,"[(-100, 100)]",100,1000,100,F292017,6140781253.102147,116.520849943161
Sobol,4,"[(-100, 100)]",50,1000,100,F42017,2417.169809637344,14.92968201637268
Sobol,4,"[(-100, 100)]",50,1000,100,F292017,1790797746.017027,77.56592202186584
Sobol,4,"[(-100, 100)]",100,1000,100,F42017,47160.12528987592,15.877141952514648
HDS,4,"[(-100, 100)]",10,1000,100,F62017,635.8309330485122,16.793703079223633
Sobol,4,"[(-100, 100)]",50,1000,100,F282017,620656105.1917138,151.373126745224
HDS,4,"[(-100, 100)]",30,1000,100,F62017,1511.4741733534254,17.228976726531982
HDS,4,"[(-100, 100)]",50,1000,100,F62017,14738.761874541446,17.010469913482666
HDS,4,"[(-100, 100)]",100,1000,100,F62017,646022.9225470028,18.337896823883057
HDS,4,"[(-100, 100)]",10,1000,100,F72017,738.9380190640912,20.29749894142151
Sobol,4,"[(-100, 100)]",10,1000,100,F62017,645.6337570939602,16.149112939834595
Sobol,4,"[(-100, 100)]",30,1000,100,F62017,1678.6072925211963,16.398253917694092
HDS,4,"[(-100, 100)]",30,1000,100,F72017,1151.3588372737274,21.375046730041504
Sobol,4,"[(-100, 100)]",50,1000,100,F62017,179749.06203829657,16.538714170455933
HDS,4,"[(-100, 100)]",10,1000,100,F82017,801.5522263481586,0.8548879623413086
Sobol,4,"[(-100, 100)]",10,1000,100,F82017,801.4636276445057,0.5548763275146484
Sobol,4,"[(-100, 100)]",100,1000,100,F62017,1065985.8888746237,17.229362964630127
HDS,4,"[(-100, 100)]",30,1000,100,F82017,811.5794968242099,4.609385967254639
Sobol,4,"[(-100, 100)]",10,1000,100,F72017,726.0,19.74937081336975
Sobol,4,"[(-100, 100)]",30,1000,100,F82017,809.3549228006334,4.01669192314148
HDS,4,"[(-100, 100)]",50,1000,100,F72017,1710.6830017481082,21.430487155914307
HDS,4,"[(-100, 100)]",50,1000,100,F82017,817.6417138459993,10.758501052856444
HDS,4,"[(-100, 100)]",100,1000,100,F72017,3172.577700693365,22.437913179397583
Sobol,4,"[(-100, 100)]",30,1000,100,F72017,1129.6702763836563,21.280736923217773
HDS,4,"[(-100, 100)]",100,1000,100,F82017,1025.3719175503484,18.21637725830078
Sobol,4,"[(-100, 100)]",50,1000,100,F82017,820.6549467440315,13.343069076538086
HDS,4,"[(-100, 100)]",10,1000,100,F92017,-756.9868410337749,19.298314094543457
Sobol,4,"[(-100, 100)]",50,1000,100,F72017,1593.7045303008476,20.380326986312863
Sobol,4,"[(-100, 100)]",100,1000,100,F72017,3210.2378538278203,21.05617880821228
HDS,4,"[(-100, 100)]",30,1000,100,F92017,3182.256890836954,21.13754630088806
Sobol,4,"[(-100, 100)]",100,1000,100,F82017,867.8062381157492,17.05497908592224
Sobol,4,"[(-100, 100)]",10,1000,100,F92017,-677.4235280394596,19.62485671043396
HDS,4,"[(-100, 100)]",50,1000,100,F92017,10052.122294890529,20.812074899673465
HDS,4,"[(-100, 100)]",100,1000,100,F92017,25559.319222254704,22.621703147888184
HDS,5,"[(-100, 100)]",10,1000,100,F102017,1051.5466065917706,17.12212824821472
Sobol,4,"[(-100, 100)]",30,1000,100,F92017,3478.940428837359,20.975722074508667
HDS,5,"[(-100, 100)]",30,1000,100,F102017,79556.18941885071,17.604549884796143
HDS,5,"[(-100, 100)]",50,1000,100,F102017,227845.7609099043,18.123862981796265
Sobol,4,"[(-100, 100)]",50,1000,100,F92017,8853.979767133145,20.549547910690308
Sobol,5,"[(-100, 100)]",10,1000,100,F102017,1075.1606829947611,16.899872064590454
Sobol,4,"[(-100, 100)]",100,1000,100,F92017,23969.76252101201,21.56185913085937
Sobol,4,"[(-100, 100)]",100,1000,100,F292017,4567392718.138528,115.36599206924438
Sobol,5,"[(-100, 100)]",30,1000,100,F102017,94807.47305504512,17.39298105239868
HDS,5,"[(-100, 100)]",100,1000,100,F102017,1932523.00605946,19.29086995124817
Sobol,5,"[(-100, 100)]",50,1000,100,F102017,301573.6227615929,17.648756980895996
HDS,5,"[(-100, 100)]",10,1000,100,F112017,72484.34084397739,21.481096029281616
HDS,5,"[(-100, 100)]",10,1000,100,F12017,24609.09339836702,13.5354962348938
HDS,5,"[(-100, 100)]",30,1000,100,F112017,34700248.292377986,22.100523948669437
Sobol,5,"[(-100, 100)]",100,1000,100,F102017,1621952.1778059555,17.833137035369873
HDS,5,"[(-100, 100)]",30,1000,100,F12017,86507960.20359637,14.35580587387085
HDS,5,"[(-100, 100)]",50,1000,100,F112017,161931792.6087433,22.39883708953857
HDS,5,"[(-100, 100)]",100,1000,100,F112017,4859563037.685975,23.780301094055176
Sobol,5,"[(-100, 100)]",10,1000,100,F12017,6553.144680874469,13.971370935440063
Sobol,5,"[(-100, 100)]",10,1000,100,F112017,104052.96752682832,21.43153524398804
Sobol,5,"[(-100, 100)]",30,1000,100,F12017,28171019.694417387,13.948312997817991
HDS,5,"[(-100, 100)]",50,1000,100,F12017,2340090087.1333,15.090911865234377
Sobol,5,"[(-100, 100)]",30,1000,100,F112017,26521439.544866923,21.569905042648315
Sobol,5,"[(-100, 100)]",50,1000,100,F112017,117947884.46267408,22.19670605659485
HDS,5,"[(-100, 100)]",100,1000,100,F12017,31353502012.01922,15.665730953216553
Sobol,5,"[(-100, 100)]",100,1000,100,F112017,10678041150.530008,22.6694860458374
Sobol,5,"[(-100, 100)]",50,1000,100,F12017,857871459.4933988,14.722049951553345
HDS,5,"[(-100, 100)]",10,1000,100,F122017,1455.6455430009014,18.27504110336304
HDS,5,"[(-100, 100)]",30,1000,100,F122017,153728.96887272762,18.375488996505737
HDS,5,"[(-100, 100)]",50,1000,100,F122017,11968607.663741056,19.07237792015076
Sobol,5,"[(-100, 100)]",100,1000,100,F12017,40691339981.43718,14.680685997009276
HDS,5,"[(-100, 100)]",100,1000,100,F122017,2555805659.228855,20.183385848999023
HDS,5,"[(-100, 100)]",10,1000,100,F132017,1360.201765485028,18.630694150924683
HDS,5,"[(-100, 100)]",30,1000,100,F132017,153107.89799392538,20.858829021453857
Sobol,5,"[(-100, 100)]",10,1000,100,F122017,1302.8551967545382,18.12432312965393
Sobol,5,"[(-100, 100)]",30,1000,100,F122017,316098.0753390757,17.99873423576355
Sobol,5,"[(-100, 100)]",50,1000,100,F122017,130205382.18573752,18.681063890457157
HDS,5,"[(-100, 100)]",50,1000,100,F132017,1546259.329354843,21.50496006011963
Sobol,5,"[(-100, 100)]",100,1000,100,F122017,2523590620.762237,19.25798082351685
Sobol,5,"[(-100, 100)]",10,1000,100,F132017,1368.7009066248895,18.282039165496823
HDS,5,"[(-100, 100)]",10,1000,100,F142017,1879.693324913237,18.24582409858704
Sobol,5,"[(-100, 100)]",30,1000,100,F132017,205394.6411964272,20.7857608795166
HDS,5,"[(-100, 100)]",30,1000,100,F142017,2753364.699584672,18.455393075942997
HDS,5,"[(-100, 100)]",100,1000,100,F132017,23935023.986728203,25.7867329120636
HDS,5,"[(-100, 100)]",50,1000,100,F142017,19953488.236739237,19.13457417488098
Sobol,5,"[(-100, 100)]",50,1000,100,F132017,1067789.8305025229,21.007911920547485
HDS,5,"[(-100, 100)]",100,1000,100,F142017,744772628.1927207,20.072221755981445
Sobol,5,"[(-100, 100)]",10,1000,100,F142017,1674.5138563251835,17.84666109085083
Sobol,5,"[(-100, 100)]",30,1000,100,F142017,1911007.3014506807,18.44634699821472
HDS,5,"[(-100, 100)]",10,1000,100,F152017,1338.56464419364,24.03132200241089
Sobol,5,"[(-100, 100)]",50,1000,100,F142017,19348758.478745207,18.451706171035767
Sobol,5,"[(-100, 100)]",100,1000,100,F132017,36345664.41619846,24.009323120117188
Sobol,4,"[(-100, 100)]",100,1000,100,F282017,10097328415.918144,249.05710315704343
Sobol,5,"[(-100, 100)]",100,1000,100,F142017,243300865.2854402,18.869789838790894
Sobol,5,"[(-100, 100)]",10,1000,100,F152017,1504.8738286302917,13.966349124908447
HDS,5,"[(-100, 100)]",30,1000,100,F152017,2547.9691990419674,31.43715596199036
HDS,5,"[(-100, 100)]",50,1000,100,F152017,21881.288434282476,37.356088161468506
HDS,5,"[(-100, 100)]",10,1000,100,F172017,,20.958223819732662
HDS,5,"[(-100, 100)]",10,1000,100,F162017,1652.8484554287156,43.25678110122681
HDS,5,"[(-100, 100)]",100,1000,100,F152017,481633.6556734063,51.34520983695984
Sobol,5,"[(-100, 100)]",30,1000,100,F152017,6250.651367416015,31.395262956619263
Sobol,5,"[(-100, 100)]",10,1000,100,F172017,,20.849613189697266
Sobol,5,"[(-100, 100)]",50,1000,100,F152017,20802.60496686101,36.68255782127381
HDS,5,"[(-100, 100)]",30,1000,100,F172017,104689.34400775124,20.18697929382324
HDS,5,"[(-100, 100)]",50,1000,100,F172017,1492424.7627094374,20.42436718940735
HDS,5,"[(-100, 100)]",30,1000,100,F162017,895841.7846061484,80.12629675865173
HDS,5,"[(-100, 100)]",100,1000,100,F172017,10099000.235236345,21.65936517715454
Sobol,5,"[(-100, 100)]",30,1000,100,F172017,97891.77300192376,19.980335235595703
Sobol,5,"[(-100, 100)]",10,1000,100,F162017,1643.1861557002685,42.91803908348084
Sobol,5,"[(-100, 100)]",50,1000,100,F172017,431587.2528748442,20.386247873306274
Sobol,5,"[(-100, 100)]",100,1000,100,F152017,143928.0801854098,49.87706899642944
HDS,5,"[(-100, 100)]",10,1000,100,F182017,1807.0285810537443,18.208366632461548
Sobol,5,"[(-100, 100)]",100,1000,100,F172017,22560371.413144782,20.55009889602661
HDS,5,"[(-100, 100)]",50,1000,100,F162017,1785572.8847566806,114.2921998500824
Sobol,5,"[(-100, 100)]",10,1000,100,F182017,1809.295754291093,21.58967518806457
HDS,5,"[(-100, 100)]",30,1000,100,F182017,190457.23322972868,45.21462082862854
HDS,5,"[(-100, 100)]",10,1000,100,F192017,1843.713200097324,42.41229701042175
HDS,5,"[(-100, 100)]",50,1000,100,F182017,3568036.706759763,60.92931509017944
Sobol,5,"[(-100, 100)]",30,1000,100,F162017,95002.5230513903,78.73017978668213
Sobol,5,"[(-100, 100)]",30,1000,100,F182017,259071.7222293764,44.54906821250916
Sobol,5,"[(-100, 100)]",10,1000,100,F192017,1839.9417603217184,41.58943390846253
HDS,5,"[(-100, 100)]",100,1000,100,F182017,657111206.8815633,97.04736423492432
HDS,5,"[(-100, 100)]",10,1000,100,F202017,2138.238902031593,8.20192003250122
Sobol,5,"[(-100, 100)]",10,1000,100,F202017,2133.819490036146,7.0233259201049805
HDS,5,"[(-100, 100)]",30,1000,100,F192017,2783.4492129731148,78.76837825775146
HDS,5,"[(-100, 100)]",100,1000,100,F162017,117572572703.1424,203.9953751564026
Sobol,5,"[(-100, 100)]",50,1000,100,F182017,17930946.813199356,59.46099925041199
HDS,5,"[(-100, 100)]",30,1000,100,F202017,2511.530069817248,22.48859596252441
Sobol,5,"[(-100, 100)]",50,1000,100,F162017,332725255.02904624,111.5329089164734
HDS,5,"[(-100, 100)]",50,1000,100,F202017,3444.832712912073,24.10474705696106
Sobol,5,"[(-100, 100)]",30,1000,100,F202017,2334.484886526536,22.5066921710968
HDS,5,"[(-100, 100)]",100,1000,100,F202017,46934.16516094663,25.473751068115234
Sobol,5,"[(-100, 100)]",50,1000,100,F202017,4482.458165697031,23.696906089782715
HDS,5,"[(-100, 100)]",10,1000,100,F212017,900.071619645553,26.33914995193481
HDS,5,"[(-100, 100)]",50,1000,100,F192017,2412.622849372364,115.52224802970886
Sobol,5,"[(-100, 100)]",10,1000,100,F212017,2216.6621277786444,3.26172399520874
Sobol,5,"[(-100, 100)]",100,1000,100,F202017,36878.77665253227,23.660320043563843
Sobol,5,"[(-100, 100)]",30,1000,100,F192017,2413.174393071181,78.2971670627594
Sobol,5,"[(-100, 100)]",100,1000,100,F182017,1018750846.5213438,94.81501507759094
HDS,5,"[(-100, 100)]",30,1000,100,F212017,2301.942090337254,27.2233669757843
HDS,5,"[(-100, 100)]",10,1000,100,F22017,200.58584408984447,11.338387250900269
HDS,5,"[(-100, 100)]",30,1000,100,F22017,20416.24842413104,14.692326784133911
HDS,5,"[(-100, 100)]",50,1000,100,F212017,2420.100979758612,28.339468002319336
Sobol,5,"[(-100, 100)]",10,1000,100,F22017,200.4208518232141,13.891221046447754
HDS,5,"[(-100, 100)]",100,1000,100,F212017,3089.431575203283,31.386420011520386
Sobol,5,"[(-100, 100)]",30,1000,100,F212017,2310.037128345064,27.35870623588562
Sobol,5,"[(-100, 100)]",30,1000,100,F22017,17469.399345347767,14.11071801185608
HDS,5,"[(-100, 100)]",50,1000,100,F22017,77723.95687189857,15.05988311767578
HDS,5,"[(-100, 100)]",10,1000,100,F222017,2353.431838141441,9.235360860824583
HDS,5,"[(-100, 100)]",100,1000,100,F22017,265581.9210996588,16.422812938690186
Sobol,5,"[(-100, 100)]",50,1000,100,F212017,2594.831105990424,27.71532893180847
Sobol,5,"[(-100, 100)]",10,1000,100,F222017,2377.22588156759,9.165862798690796
Sobol,5,"[(-100, 100)]",50,1000,100,F22017,88102.4627789894,14.331363916397097
Sobol,5,"[(-100, 100)]",100,1000,100,F212017,3361.1327521510675,29.67060089111328
Sobol,5,"[(-100, 100)]",100,1000,100,F22017,271257.15248298866,15.292014837265016
HDS,5,"[(-100, 100)]",10,1000,100,F232017,2541.099419768854,8.283780097961426
Sobol,5,"[(-100, 100)]",10,1000,100,F232017,2548.318894403388,7.456610202789307
HDS,5,"[(-100, 100)]",30,1000,100,F222017,2859.889211821627,29.7793869972229
HDS,5,"[(-100, 100)]",50,1000,100,F222017,8172.3126403045235,30.60471510887146
HDS,5,"[(-100, 100)]",100,1000,100,F222017,36158.90263469912,33.610692739486694
HDS,5,"[(-100, 100)]",30,1000,100,F232017,3165.347071438311,24.981567859649655
HDS,5,"[(-100, 100)]",50,1000,100,F232017,4412.065404124548,26.29643201828003
HDS,5,"[(-100, 100)]",100,1000,100,F192017,5133.684341489576,206.25220799446103
Sobol,5,"[(-100, 100)]",50,1000,100,F192017,2570.2491390006617,115.2810959815979
Sobol,5,"[(-100, 100)]",30,1000,100,F222017,2793.138530884962,29.129345893859863
Sobol,5,"[(-100, 100)]",50,1000,100,F222017,8078.695824817004,29.902065992355347
Sobol,5,"[(-100, 100)]",30,1000,100,F232017,2664.194622246225,24.23501706123352
HDS,5,"[(-100, 100)]",10,1000,100,F242017,2889.3681271454857,8.12276291847229
Sobol,5,"[(-100, 100)]",100,1000,100,F222017,24645.991242863747,32.58639311790466
Sobol,5,"[(-100, 100)]",50,1000,100,F232017,5699.587907784509,25.71153211593628
Sobol,5,"[(-100, 100)]",100,1000,100,F162017,432899228599.7396,200.09581208229065
Sobol,5,"[(-100, 100)]",10,1000,100,F242017,2886.293566221329,10.185932159423828
HDS,5,"[(-100, 100)]",30,1000,100,F242017,2874.427320151578,21.854125022888184
HDS,5,"[(-100, 100)]",100,1000,100,F232017,40303.02893000493,29.02417206764221
HDS,5,"[(-100, 100)]",10,1000,100,F252017,2974.082359669379,14.43956995010376
HDS,5,"[(-100, 100)]",50,1000,100,F242017,3947.068389470196,28.24730610847473
HDS,5,"[(-100, 100)]",100,1000,100,F242017,7795.003828742389,30.24785304069519
Sobol,5,"[(-100, 100)]",10,1000,100,F252017,2972.741081028508,13.45095920562744
Sobol,5,"[(-100, 100)]",30,1000,100,F242017,2865.6269461857955,23.21540188789368
Sobol,5,"[(-100, 100)]",100,1000,100,F232017,36676.60766967265,27.98108530044556
Sobol,5,"[(-100, 100)]",50,1000,100,F242017,4869.073372533577,28.00876522064209
Sobol,5,"[(-100, 100)]",100,1000,100,F242017,7940.206396398276,29.51537394523621
HDS,5,"[(-100, 100)]",30,1000,100,F252017,3414.8961619029005,71.37801218032837
HDS,5,"[(-100, 100)]",10,1000,100,F262017,1852.6990552165405,47.64481806755066
Sobol,5,"[(-100, 100)]",10,1000,100,F262017,2982.59096071722,13.95818018913269
HDS,5,"[(-100, 100)]",50,1000,100,F252017,4916.140908023504,98.28656601905824
HDS,5,"[(-100, 100)]",10,1000,100,F272017,2799.671358016068,9.463696002960203
Sobol,5,"[(-100, 100)]",10,1000,100,F272017,2807.866693680045,6.929611206054688
HDS,5,"[(-100, 100)]",30,1000,100,F262017,3232.879195266854,74.84686994552612
Sobol,5,"[(-100, 100)]",30,1000,100,F252017,3397.1268251626943,71.28885507583618
HDS,5,"[(-100, 100)]",50,1000,100,F262017,3729.491257965073,100.85819482803343
HDS,5,"[(-100, 100)]",30,1000,100,F272017,2905.1992245925308,69.27519798278809
Sobol,5,"[(-100, 100)]",100,1000,100,F192017,7150.36836159944,205.74034476280207
Sobol,5,"[(-100, 100)]",30,1000,100,F262017,3228.882598934431,74.63354015350342
HDS,5,"[(-100, 100)]",100,1000,100,F252017,18760.173926367403,164.8431899547577
Sobol,5,"[(-100, 100)]",50,1000,100,F252017,4763.78093972134,97.43297004699708
HDS,5,"[(-100, 100)]",100,1000,100,F262017,5520.516370560234,166.7864489555359
Sobol,5,"[(-100, 100)]",30,1000,100,F272017,2885.7813626547068,53.68029522895813
HDS,5,"[(-100, 100)]",50,1000,100,F272017,3259.8619327678134,94.20400214195251
Sobol,5,"[(-100, 100)]",50,1000,100,F262017,3643.477577939456,101.27108502388
HDS,5,"[(-100, 100)]",10,1000,100,F282017,4155.739217383643,65.37357497215271
HDS,5,"[(-100, 100)]",30,1000,100,F282017,23540919.55120268,106.97176790237428
Sobol,5,"[(-100, 100)]",10,1000,100,F282017,4110.601974205023,65.01731824874878
Sobol,5,"[(-100, 100)]",50,1000,100,F272017,3126.028954591915,94.37721920013428
HDS,5,"[(-100, 100)]",100,1000,100,F272017,5382.402423989413,161.96906113624573
Sobol,5,"[(-100, 100)]",100,1000,100,F252017,19954.34213330443,164.03884625434875
HDS,5,"[(-100, 100)]",10,1000,100,F292017,,46.09471201896668
HDS,5,"[(-100, 100)]",50,1000,100,F282017,1606983426.9521322,147.12711191177368
Sobol,5,"[(-100, 100)]",100,1000,100,F262017,5173.495416613807,165.13017916679382
HDS,5,"[(-100, 100)]",30,1000,100,F292017,44205871.90370333,60.83983492851257
Sobol,5,"[(-100, 100)]",10,1000,100,F292017,,46.40524315834045
Sobol,5,"[(-100, 100)]",30,1000,100,F282017,26858980.90510341,107.01606822013856
HDS,5,"[(-100, 100)]",10,1000,100,F32017,307.9234112210412,4.323065042495728
Sobol,5,"[(-100, 100)]",10,1000,100,F32017,303.30103443762886,7.538733959197998
HDS,5,"[(-100, 100)]",30,1000,100,F32017,362.9577090275141,15.485900163650513
HDS,5,"[(-100, 100)]",50,1000,100,F292017,3004165286.0238094,76.65757822990417
HDS,5,"[(-100, 100)]",50,1000,100,F32017,1033.690952124302,15.796390056610107
Sobol,5,"[(-100, 100)]",30,1000,100,F32017,391.8675037463103,14.98407793045044
Sobol,5,"[(-100, 100)]",30,1000,100,F292017,21433892.109341227,61.11573100090027
Sobol,5,"[(-100, 100)]",50,1000,100,F32017,900.5344642650005,15.395287036895752
HDS,5,"[(-100, 100)]",100,1000,100,F32017,5571.89141729825,16.73200225830078
HDS,5,"[(-100, 100)]",10,1000,100,F42017,421.5441610828306,14.675766944885254
HDS,5,"[(-100, 100)]",30,1000,100,F42017,708.6422098091969,14.804705142974854
Sobol,5,"[(-100, 100)]",100,1000,100,F32017,7283.2441844768755,15.720339059829712
Sobol,5,"[(-100, 100)]",10,1000,100,F42017,437.957650159907,14.325531005859377
Sobol,5,"[(-100, 100)]",30,1000,100,F42017,705.2468858692432,14.472760915756226
HDS,5,"[(-100, 100)]",10,1000,100,F52017,500.0033878162032,0.4165310859680176
Sobol,5,"[(-100, 100)]",10,1000,100,F52017,500.0003007528695,0.1887199878692627
HDS,5,"[(-100, 100)]",30,1000,100,F52017,500.0549248702183,0.5874791145324707
Sobol,5,"[(-100, 100)]",30,1000,100,F52017,500.0676251962821,0.2703659534454345
HDS,5,"[(-100, 100)]",50,1000,100,F52017,500.0677948732336,0.8719947338104248
Sobol,5,"[(-100, 100)]",50,1000,100,F52017,500.0927532514796,0.3775420188903808
HDS,5,"[(-100, 100)]",100,1000,100,F52017,500.0899230245908,1.8069157600402832
Sobol,5,"[(-100, 100)]",100,1000,100,F52017,500.1209265330368,0.6858282089233398
HDS,5,"[(-100, 100)]",50,1000,100,F42017,1720.6428818722914,15.051498889923096
HDS,5,"[(-100, 100)]",100,1000,100,F42017,27362.797576702917,16.406601905822754
HDS,5,"[(-100, 100)]",100,1000,100,F282017,33147480620.236214,255.5826609134674
Sobol,5,"[(-100, 100)]",100,1000,100,F272017,5373.752431260745,160.8570899963379
HDS,5,"[(-100, 100)]",100,1000,100,F292017,13565034556.836405,117.1710729598999
Sobol,5,"[(-100, 100)]",50,1000,100,F42017,1522.9301798760505,14.738347053527832
HDS,5,"[(-100, 100)]",10,1000,100,F62017,640.7262133310071,16.525256156921387
Sobol,5,"[(-100, 100)]",50,1000,100,F292017,817102237.0818322,76.88900303840637
Sobol,5,"[(-100, 100)]",100,1000,100,F42017,39499.70401430367,15.212399244308472
HDS,5,"[(-100, 100)]",30,1000,100,F62017,1263.4512062080944,16.811259031295776
Sobol,5,"[(-100, 100)]",10,1000,100,F62017,638.1596221780168,16.249049186706543
HDS,5,"[(-100, 100)]",50,1000,100,F62017,44882.42660236829,16.928643226623535
HDS,5,"[(-100, 100)]",100,1000,100,F62017,1455068.9862806415,18.34761118888855
Sobol,5,"[(-100, 100)]",50,1000,100,F282017,609595069.793357,148.1310420036316
HDS,5,"[(-100, 100)]",10,1000,100,F72017,724.8413551922646,19.64733624458313
Sobol,5,"[(-100, 100)]",30,1000,100,F62017,2014.3432036437368,16.35551404953003
Sobol,5,"[(-100, 100)]",50,1000,100,F62017,90494.0363361582,16.269159078598022
HDS,5,"[(-100, 100)]",10,1000,100,F82017,801.4919550844251,0.902691125869751
Sobol,5,"[(-100, 100)]",10,1000,100,F82017,802.0783386173507,0.9700920581817628
HDS,5,"[(-100, 100)]",30,1000,100,F72017,1163.6574646056042,20.24604296684265
HDS,5,"[(-100, 100)]",30,1000,100,F82017,807.7507821534539,3.7965147495269775
Sobol,5,"[(-100, 100)]",100,1000,100,F62017,1135178.2104791226,16.885971307754517
Sobol,5,"[(-100, 100)]",30,1000,100,F82017,807.8869796402764,3.7269906997680655
HDS,5,"[(-100, 100)]",50,1000,100,F72017,1618.117441569423,21.02800416946411
Sobol,5,"[(-100, 100)]",10,1000,100,F72017,731.306879789545,19.957534074783325
HDS,5,"[(-100, 100)]",50,1000,100,F82017,818.5136621901371,10.875321865081789
HDS,5,"[(-100, 100)]",100,1000,100,F72017,2967.525759364485,22.240746021270752
Sobol,5,"[(-100, 100)]",30,1000,100,F72017,1163.6402476682806,20.23776888847351
HDS,5,"[(-100, 100)]",100,1000,100,F82017,898.1013585197417,18.13412308692932
Sobol,5,"[(-100, 100)]",50,1000,100,F82017,815.6229239553326,12.364112854003906
Sobol,5,"[(-100, 100)]",50,1000,100,F72017,1725.386608811085,20.2942898273468
HDS,5,"[(-100, 100)]",10,1000,100,F92017,-424.77316916828295,19.696876049041748
Sobol,5,"[(-100, 100)]",100,1000,100,F72017,3178.173159133945,20.871950149536133
HDS,5,"[(-100, 100)]",30,1000,100,F92017,2930.824648392223,20.15333604812622
Sobol,5,"[(-100, 100)]",100,1000,100,F82017,875.525164255602,16.847513914108276
HDS,5,"[(-100, 100)]",50,1000,100,F92017,8838.776089714076,20.59351086616516
Sobol,5,"[(-100, 100)]",10,1000,100,F92017,-785.9840118613783,19.02253198623657
HDS,5,"[(-100, 100)]",100,1000,100,F92017,24771.438346340557,22.75394368171692
HDS,6,"[(-100, 100)]",10,1000,100,F102017,1067.4706491163631,17.380053997039795
HDS,6,"[(-100, 100)]",30,1000,100,F102017,70251.35533754106,17.541152000427246
Sobol,5,"[(-100, 100)]",30,1000,100,F92017,3223.647995888716,20.1011860370636
Sobol,5,"[(-100, 100)]",50,1000,100,F92017,9199.620235020482,20.434967041015625
HDS,6,"[(-100, 100)]",50,1000,100,F102017,239591.57100397575,18.449960947036743
Sobol,5,"[(-100, 100)]",100,1000,100,F92017,24681.650460132507,22.121581077575684
Sobol,6,"[(-100, 100)]",10,1000,100,F102017,1143.4168156277112,17.565872192382812
Sobol,6,"[(-100, 100)]",30,1000,100,F102017,110160.24285394576,17.690529108047485
Sobol,5,"[(-100, 100)]",100,1000,100,F292017,31363632281.35796,115.67068314552309
HDS,6,"[(-100, 100)]",100,1000,100,F102017,848011.1424388522,20.158136129379272
Sobol,6,"[(-100, 100)]",50,1000,100,F102017,278964.0295130962,17.497525930404663
HDS,6,"[(-100, 100)]",10,1000,100,F112017,342109.0827901988,22.02762794494629
HDS,6,"[(-100, 100)]",10,1000,100,F12017,18976.41813029452,14.253022909164429
HDS,6,"[(-100, 100)]",30,1000,100,F112017,60608488.105696365,22.191018104553223
HDS,6,"[(-100, 100)]",50,1000,100,F112017,128778679.687,22.496599912643436
HDS,6,"[(-100, 100)]",30,1000,100,F12017,48019795.75241332,14.135607957839966
Sobol,6,"[(-100, 100)]",100,1000,100,F102017,2188933.581143379,18.87866806983948
HDS,6,"[(-100, 100)]",100,1000,100,F112017,4319767384.302493,23.95110011100769
Sobol,6,"[(-100, 100)]",10,1000,100,F12017,19396.063867696204,14.047261238098145
Sobol,6,"[(-100, 100)]",10,1000,100,F112017,284607.8124794688,21.08209204673767
Sobol,6,"[(-100, 100)]",30,1000,100,F12017,114074550.98263526,13.667257070541382
HDS,6,"[(-100, 100)]",50,1000,100,F12017,1372924295.6187065,15.096207857131958
Sobol,6,"[(-100, 100)]",30,1000,100,F112017,61286432.87480739,21.49265694618225
Sobol,6,"[(-100, 100)]",50,1000,100,F112017,139938966.5269352,21.81750512123108
HDS,6,"[(-100, 100)]",100,1000,100,F12017,43151091416.85214,16.018327951431274
Sobol,6,"[(-100, 100)]",100,1000,100,F112017,4292441019.2834473,22.555057048797607
HDS,6,"[(-100, 100)]",10,1000,100,F122017,3988.97163758085,18.24721670150757
Sobol,6,"[(-100, 100)]",50,1000,100,F12017,1065164734.4622612,14.556015968322754
HDS,6,"[(-100, 100)]",30,1000,100,F122017,1775856.5361258765,18.73940706253052
HDS,6,"[(-100, 100)]",50,1000,100,F122017,12136410.683801712,19.663658142089844
Sobol,6,"[(-100, 100)]",100,1000,100,F12017,57253959775.09844,14.687963247299194
HDS,6,"[(-100, 100)]",100,1000,100,F122017,2092248179.833576,20.22361969947815
HDS,6,"[(-100, 100)]",10,1000,100,F132017,1352.9473471226895,18.353498697280884
Sobol,6,"[(-100, 100)]",10,1000,100,F122017,2174.209197265077,17.518105030059814
Sobol,6,"[(-100, 100)]",30,1000,100,F122017,264560.90527025494,18.139537811279297
HDS,6,"[(-100, 100)]",30,1000,100,F132017,256109.00373815693,20.4874529838562
Sobol,6,"[(-100, 100)]",50,1000,100,F122017,30836651.395793304,19.26939010620117
Sobol,6,"[(-100, 100)]",100,1000,100,F122017,2270393557.5522943,18.92078018188477
HDS,6,"[(-100, 100)]",50,1000,100,F132017,2237759.146073465,21.06144618988037
Sobol,6,"[(-100, 100)]",10,1000,100,F132017,1365.6745041795104,17.901123762130737
HDS,6,"[(-100, 100)]",10,1000,100,F142017,1954.580789592162,18.360790014266968
Sobol,6,"[(-100, 100)]",30,1000,100,F132017,230850.23413118292,20.07196021080017
HDS,6,"[(-100, 100)]",100,1000,100,F132017,22507295.73655069,25.07160973548889
HDS,6,"[(-100, 100)]",30,1000,100,F142017,1280205.73482869,19.32621192932129
HDS,6,"[(-100, 100)]",50,1000,100,F142017,56759715.757247776,18.62827491760254
Sobol,6,"[(-100, 100)]",50,1000,100,F132017,3272782.472771568,20.585713863372803
HDS,6,"[(-100, 100)]",100,1000,100,F142017,1144958688.3866973,19.926920890808105
HDS,6,"[(-100, 100)]",10,1000,100,F152017,1338.0844154729314,12.872618198394775
Sobol,6,"[(-100, 100)]",10,1000,100,F142017,1499.9411815521175,17.712591886520386
Sobol,6,"[(-100, 100)]",30,1000,100,F142017,1902858.399501965,19.045245885849
Sobol,6,"[(-100, 100)]",50,1000,100,F142017,6015236.810332032,18.571834087371823
Sobol,6,"[(-100, 100)]",100,1000,100,F132017,35906212.48187451,23.76808214187622
Sobol,6,"[(-100, 100)]",100,1000,100,F142017,234907052.4876383,18.920430898666385
Sobol,6,"[(-100, 100)]",10,1000,100,F152017,1337.9187370658765,23.883522033691406
HDS,6,"[(-100, 100)]",30,1000,100,F152017,3953.0739419235206,31.191211938858032
Sobol,5,"[(-100, 100)]",100,1000,100,F282017,32877669277.32028,252.56985902786252
HDS,6,"[(-100, 100)]",50,1000,100,F152017,7770.833560951836,36.99852633476257
HDS,6,"[(-100, 100)]",10,1000,100,F172017,,21.23791003227234
HDS,6,"[(-100, 100)]",10,1000,100,F162017,1873.5247695367048,42.889655113220215
Sobol,6,"[(-100, 100)]",30,1000,100,F152017,1159.4455946050043,31.189651250839237
HDS,6,"[(-100, 100)]",100,1000,100,F152017,89122.60750652249,50.909656047821045
Sobol,6,"[(-100, 100)]",10,1000,100,F172017,,21.05791521072388
Sobol,6,"[(-100, 100)]",50,1000,100,F152017,12875.022766273967,36.997530698776245
HDS,6,"[(-100, 100)]",30,1000,100,F172017,113524.3066121779,20.198309898376465
HDS,6,"[(-100, 100)]",30,1000,100,F162017,26720.038243064195,78.18726706504822
HDS,6,"[(-100, 100)]",50,1000,100,F172017,966299.8059884676,20.457388162612915
Sobol,6,"[(-100, 100)]",10,1000,100,F162017,1884.946031213382,42.66404914855957
Sobol,6,"[(-100, 100)]",30,1000,100,F172017,99112.25495980028,19.636725902557373
HDS,6,"[(-100, 100)]",100,1000,100,F172017,13628956.470455255,21.66472601890564
Sobol,6,"[(-100, 100)]",100,1000,100,F152017,206008.76105479235,49.47781920433045
Sobol,6,"[(-100, 100)]",50,1000,100,F172017,932448.7462268558,20.15816593170166
HDS,6,"[(-100, 100)]",10,1000,100,F182017,1806.7047883960408,21.1281521320343
Sobol,6,"[(-100, 100)]",100,1000,100,F172017,24107776.62434397,20.33511972427368
HDS,6,"[(-100, 100)]",50,1000,100,F162017,45957396.57832407,115.03180694580078
Sobol,6,"[(-100, 100)]",10,1000,100,F182017,1807.8889954314388,18.2719509601593
HDS,6,"[(-100, 100)]",30,1000,100,F182017,901735.3321747292,43.968583822250366
HDS,6,"[(-100, 100)]",10,1000,100,F192017,1843.129273683658,42.06502509117127
Sobol,6,"[(-100, 100)]",30,1000,100,F162017,117574.92930558606,77.67299294471741
HDS,6,"[(-100, 100)]",50,1000,100,F182017,4357446.343396911,59.22365117073059
Sobol,6,"[(-100, 100)]",30,1000,100,F182017,545823.343291436,44.07247471809387
Sobol,6,"[(-100, 100)]",10,1000,100,F192017,1835.3676207546032,42.29063296318054
HDS,6,"[(-100, 100)]",100,1000,100,F182017,251043534.3010296,98.5955011844635
HDS,6,"[(-100, 100)]",10,1000,100,F202017,2140.728217654158,9.766990900039673
HDS,6,"[(-100, 100)]",30,1000,100,F192017,3473.883854058199,80.2158842086792
Sobol,6,"[(-100, 100)]",10,1000,100,F202017,2137.9668102097203,8.229707956314087
Sobol,6,"[(-100, 100)]",50,1000,100,F182017,1475304.9215042184,61.01993107795715
HDS,6,"[(-100, 100)]",100,1000,100,F162017,10648132788.60381,208.15211415290835
Sobol,6,"[(-100, 100)]",50,1000,100,F162017,38671261.4275692,116.57532739639282
HDS,6,"[(-100, 100)]",30,1000,100,F202017,2456.299891354607,25.778372049331665
HDS,6,"[(-100, 100)]",50,1000,100,F202017,3809.293810712829,24.784969806671143
Sobol,6,"[(-100, 100)]",30,1000,100,F202017,2342.483524667491,23.070549964904785
HDS,6,"[(-100, 100)]",100,1000,100,F202017,42010.294890622,25.942948818206787
Sobol,6,"[(-100, 100)]",50,1000,100,F202017,4474.855203240926,23.16878890991211
HDS,6,"[(-100, 100)]",50,1000,100,F192017,2773.745523201927,118.19011616706848
Sobol,6,"[(-100, 100)]",100,1000,100,F202017,48438.47323765323,24.37995386123657
HDS,6,"[(-100, 100)]",10,1000,100,F212017,1436.7159518718945,26.675811767578125
Sobol,6,"[(-100, 100)]",30,1000,100,F192017,2599.8023666694244,82.71031618118286
Sobol,6,"[(-100, 100)]",10,1000,100,F212017,2216.7755126888283,3.326146125793457
HDS,6,"[(-100, 100)]",30,1000,100,F212017,2372.9996160494084,28.29325008392334
Sobol,6,"[(-100, 100)]",100,1000,100,F182017,422779761.4200547,100.72012186050416
HDS,6,"[(-100, 100)]",10,1000,100,F22017,200.28300187645291,13.324674129486084
HDS,6,"[(-100, 100)]",50,1000,100,F212017,2637.981641579884,28.226255178451535
HDS,6,"[(-100, 100)]",30,1000,100,F22017,17099.839816430995,15.217756032943726
Sobol,6,"[(-100, 100)]",10,1000,100,F22017,200.5108161277709,13.849533796310425
HDS,6,"[(-100, 100)]",100,1000,100,F212017,3163.7020034549187,29.946424961090088
Sobol,6,"[(-100, 100)]",30,1000,100,F212017,2319.2966659984654,27.686439275741577
Sobol,6,"[(-100, 100)]",30,1000,100,F22017,22634.4719083496,15.100481986999512
HDS,6,"[(-100, 100)]",50,1000,100,F22017,73400.69557229498,14.801447868347168
HDS,6,"[(-100, 100)]",100,1000,100,F22017,212618.9150455744,15.726087093353271
Sobol,6,"[(-100, 100)]",50,1000,100,F212017,2582.7607327812884,27.74377703666687
HDS,6,"[(-100, 100)]",10,1000,100,F222017,2372.392401163505,11.411700010299684
Sobol,6,"[(-100, 100)]",50,1000,100,F22017,91142.48598578337,14.163264036178589
Sobol,6,"[(-100, 100)]",100,1000,100,F212017,3270.0998296290727,29.316925048828125
Sobol,6,"[(-100, 100)]",10,1000,100,F222017,2365.3038459022973,10.697055339813232
Sobol,6,"[(-100, 100)]",100,1000,100,F22017,279569.1717728056,14.631319999694824
HDS,6,"[(-100, 100)]",10,1000,100,F232017,2543.0579320990746,9.251573085784912
HDS,6,"[(-100, 100)]",30,1000,100,F222017,3124.624813224197,29.526390075683597
Sobol,6,"[(-100, 100)]",10,1000,100,F232017,2544.3328499524905,10.32551097869873
HDS,6,"[(-100, 100)]",50,1000,100,F222017,4654.839922049276,30.991833925247192
HDS,6,"[(-100, 100)]",30,1000,100,F232017,2892.551926799196,25.276916980743408
HDS,6,"[(-100, 100)]",100,1000,100,F222017,21459.07217416345,33.229651927948
Sobol,6,"[(-100, 100)]",50,1000,100,F192017,3049.663946611605,112.4325098991394
HDS,6,"[(-100, 100)]",100,1000,100,F192017,4905.33135086674,213.7332479953766
HDS,6,"[(-100, 100)]",50,1000,100,F232017,7678.76886117785,26.26574683189392
Sobol,6,"[(-100, 100)]",30,1000,100,F222017,3198.706263377722,28.99110412597656
Sobol,6,"[(-100, 100)]",30,1000,100,F232017,3084.650985360994,25.377398014068604
Sobol,6,"[(-100, 100)]",50,1000,100,F222017,11467.080323890965,29.7341148853302
HDS,6,"[(-100, 100)]",10,1000,100,F242017,2886.949363511492,10.482167959213257
Sobol,6,"[(-100, 100)]",100,1000,100,F222017,34152.394149505155,32.36122798919678
HDS,6,"[(-100, 100)]",100,1000,100,F232017,37591.1649071365,28.22440385818481
Sobol,6,"[(-100, 100)]",10,1000,100,F242017,2892.1162612533035,11.90398097038269
Sobol,6,"[(-100, 100)]",100,1000,100,F162017,981289920098.8378,204.14293813705444
Sobol,6,"[(-100, 100)]",50,1000,100,F232017,8151.27567707155,26.549243927001957
HDS,6,"[(-100, 100)]",30,1000,100,F242017,2858.0897937061613,24.109336853027344
HDS,6,"[(-100, 100)]",50,1000,100,F242017,4270.577063491449,28.797996044158936
HDS,6,"[(-100, 100)]",10,1000,100,F252017,2969.439149521562,17.145511865615845
Sobol,6,"[(-100, 100)]",100,1000,100,F232017,59152.56300325401,27.30748200416565
HDS,6,"[(-100, 100)]",100,1000,100,F242017,7461.4945746427775,31.148855686187744
Sobol,6,"[(-100, 100)]",10,1000,100,F252017,2963.60370973776,12.248515129089355
Sobol,6,"[(-100, 100)]",30,1000,100,F242017,2864.536791318877,27.22368311882019
Sobol,6,"[(-100, 100)]",50,1000,100,F242017,4262.170981288042,28.093456029891968
Sobol,6,"[(-100, 100)]",100,1000,100,F242017,6342.676654281797,29.40467476844788
HDS,6,"[(-100, 100)]",30,1000,100,F252017,3403.8753979315043,72.17329001426697
HDS,6,"[(-100, 100)]",10,1000,100,F262017,2621.3212814044027,47.340476989746094
Sobol,6,"[(-100, 100)]",10,1000,100,F262017,2950.958914075352,13.663173913955688
HDS,6,"[(-100, 100)]",50,1000,100,F252017,5019.959539414206,98.0716438293457
HDS,6,"[(-100, 100)]",10,1000,100,F272017,2828.937567877473,11.877647161483765
HDS,6,"[(-100, 100)]",30,1000,100,F262017,3255.412002856553,73.57806515693665
Sobol,6,"[(-100, 100)]",10,1000,100,F272017,2848.458371258538,9.567096948623655
HDS,6,"[(-100, 100)]",50,1000,100,F262017,3731.556902237112,99.86712503433228
Sobol,6,"[(-100, 100)]",30,1000,100,F252017,3383.7004063078275,70.55457615852356
HDS,6,"[(-100, 100)]",30,1000,100,F272017,2894.5572917705167,54.44276404380798
Sobol,6,"[(-100, 100)]",100,1000,100,F192017,6199.695273711312,207.8572120666504
Sobol,6,"[(-100, 100)]",30,1000,100,F262017,3252.13342279402,72.70262908935547
HDS,6,"[(-100, 100)]",100,1000,100,F252017,19791.261472887723,163.39707112312317
Sobol,6,"[(-100, 100)]",50,1000,100,F252017,4744.582315606664,97.80610370635986
HDS,6,"[(-100, 100)]",100,1000,100,F262017,4870.707855066577,164.7523169517517
Sobol,6,"[(-100, 100)]",30,1000,100,F272017,2944.974162217776,68.28647899627686
HDS,6,"[(-100, 100)]",50,1000,100,F272017,3336.232725171834,93.9025101661682
Sobol,6,"[(-100, 100)]",50,1000,100,F262017,3714.6020394211855,100.2663197517395
HDS,6,"[(-100, 100)]",10,1000,100,F282017,4080.277622529045,63.61278891563416
HDS,6,"[(-100, 100)]",30,1000,100,F282017,14301762.043331634,107.22328281402588
Sobol,6,"[(-100, 100)]",10,1000,100,F282017,4230.845224270077,63.73348093032837
Sobol,6,"[(-100, 100)]",50,1000,100,F272017,3242.8051602151054,94.0015230178833
HDS,6,"[(-100, 100)]",100,1000,100,F272017,4197.6024675881135,161.87504410743713
Sobol,6,"[(-100, 100)]",100,1000,100,F252017,17999.258839864902,163.5478811264038
HDS,6,"[(-100, 100)]",10,1000,100,F292017,,45.10804891586304
Sobol,6,"[(-100, 100)]",100,1000,100,F262017,5108.360876274004,165.71440291404724
HDS,6,"[(-100, 100)]",50,1000,100,F282017,466418994.4848187,147.06658625602722
HDS,6,"[(-100, 100)]",30,1000,100,F292017,22382197.988688607,61.1127359867096
Sobol,6,"[(-100, 100)]",10,1000,100,F292017,,45.583832025527954
HDS,6,"[(-100, 100)]",10,1000,100,F32017,304.1935353737481,6.250098943710327
Sobol,6,"[(-100, 100)]",10,1000,100,F32017,303.05836063022457,6.444316148757935
Sobol,6,"[(-100, 100)]",30,1000,100,F282017,2976041.186175863,107.20524287223816
HDS,6,"[(-100, 100)]",50,1000,100,F292017,1372313408.8819764,75.79162812232971
HDS,6,"[(-100, 100)]",30,1000,100,F32017,347.4914695693749,15.468599081039429
HDS,6,"[(-100, 100)]",50,1000,100,F32017,926.6833141978578,15.34865427017212
Sobol,6,"[(-100, 100)]",30,1000,100,F32017,361.8542498335781,14.474409818649292
Sobol,6,"[(-100, 100)]",50,1000,100,F32017,951.2552865234844,14.667970657348633
Sobol,6,"[(-100, 100)]",30,1000,100,F292017,5192830.453498118,60.21636724472046
HDS,6,"[(-100, 100)]",100,1000,100,F32017,7279.83327484371,16.422528982162476
HDS,6,"[(-100, 100)]",10,1000,100,F42017,431.2512208098437,13.897232055664062
HDS,6,"[(-100, 100)]",30,1000,100,F42017,747.2892549250785,14.520785093307495
Sobol,6,"[(-100, 100)]",10,1000,100,F42017,433.5549833669764,13.73559594154358
Sobol,6,"[(-100, 100)]",100,1000,100,F32017,9906.891470252473,15.338181972503662
Sobol,6,"[(-100, 100)]",30,1000,100,F42017,742.7686395222295,14.380150079727173
HDS,6,"[(-100, 100)]",10,1000,100,F52017,500.0022060910255,0.3800950050354004
Sobol,6,"[(-100, 100)]",10,1000,100,F52017,500.00771048959257,0.1922938823699951
HDS,6,"[(-100, 100)]",30,1000,100,F52017,500.0364143713588,0.6255700588226318
Sobol,6,"[(-100, 100)]",30,1000,100,F52017,500.0793697601758,0.3293397426605224
HDS,6,"[(-100, 100)]",50,1000,100,F42017,3745.420116018088,14.899585008621216
HDS,6,"[(-100, 100)]",50,1000,100,F52017,500.05144943362586,0.9258639812469482
HDS,6,"[(-100, 100)]",100,1000,100,F282017,10760327902.987871,245.33512091636655
Sobol,6,"[(-100, 100)]",50,1000,100,F52017,500.0915841557388,0.4178211688995361
HDS,6,"[(-100, 100)]",100,1000,100,F52017,500.09494751211474,1.796785831451416
HDS,6,"[(-100, 100)]",100,1000,100,F42017,44679.39918104053,16.480878114700317
Sobol,6,"[(-100, 100)]",100,1000,100,F52017,500.1439331448424,0.6628386974334717
HDS,6,"[(-100, 100)]",100,1000,100,F292017,16654011602.784094,113.9908049106598
Sobol,6,"[(-100, 100)]",100,1000,100,F272017,4235.940936166668,160.55706787109375
Sobol,6,"[(-100, 100)]",50,1000,100,F292017,1562046078.549506,74.97152781486511
Sobol,6,"[(-100, 100)]",50,1000,100,F42017,2000.226191117792,14.754940271377563
Sobol,6,"[(-100, 100)]",100,1000,100,F42017,34390.825215416175,15.120867013931274
HDS,6,"[(-100, 100)]",10,1000,100,F62017,648.284357078702,16.323610067367554
HDS,6,"[(-100, 100)]",30,1000,100,F62017,1799.5417042871372,16.905916929244995
HDS,6,"[(-100, 100)]",50,1000,100,F62017,59015.22254732357,16.84488821029663
HDS,6,"[(-100, 100)]",100,1000,100,F62017,331323.55264728353,18.472084999084476
Sobol,6,"[(-100, 100)]",10,1000,100,F62017,641.0922062521961,16.275815963745117
HDS,6,"[(-100, 100)]",10,1000,100,F72017,727.0210150309211,19.98270320892334
Sobol,6,"[(-100, 100)]",50,1000,100,F282017,105144841.18695028,145.94446516036987
Sobol,6,"[(-100, 100)]",30,1000,100,F62017,2118.219530626927,17.146955013275146
Sobol,6,"[(-100, 100)]",50,1000,100,F62017,49020.2623914446,16.899620056152344
HDS,6,"[(-100, 100)]",10,1000,100,F82017,801.8282458693466,1.04323410987854
Sobol,6,"[(-100, 100)]",10,1000,100,F82017,801.98904355683,1.0116121768951416
Sobol,6,"[(-100, 100)]",100,1000,100,F62017,964765.430821358,18.29430294036865
HDS,6,"[(-100, 100)]",30,1000,100,F82017,808.8336494878296,5.264330148696899
Sobol,6,"[(-100, 100)]",30,1000,100,F82017,810.2043068298176,3.807196855545044
HDS,6,"[(-100, 100)]",30,1000,100,F72017,1101.4607464512724,21.37515115737915
Sobol,6,"[(-100, 100)]",10,1000,100,F72017,748.0,20.69771695137024
HDS,6,"[(-100, 100)]",50,1000,100,F72017,1682.5316695633878,21.63187289237976
HDS,6,"[(-100, 100)]",50,1000,100,F82017,818.6374068356798,12.30062699317932
HDS,6,"[(-100, 100)]",100,1000,100,F72017,3265.7524439988865,23.380917072296143
HDS,6,"[(-100, 100)]",100,1000,100,F82017,904.2258603698666,18.326048374176025
Sobol,6,"[(-100, 100)]",30,1000,100,F72017,1151.6847798431857,20.30569720268249
Sobol,6,"[(-100, 100)]",50,1000,100,F82017,818.8007503373378,14.402383089065552
HDS,6,"[(-100, 100)]",10,1000,100,F92017,-1218.6937691690391,19.68164587020874
Sobol,6,"[(-100, 100)]",50,1000,100,F72017,1581.1440083187676,20.61613607406616
Sobol,6,"[(-100, 100)]",100,1000,100,F72017,3069.5892277480425,21.64314293861389
Sobol,6,"[(-100, 100)]",100,1000,100,F82017,847.7042507540385,17.09097123146057
HDS,6,"[(-100, 100)]",30,1000,100,F92017,3399.284040586233,20.259269952774048
Sobol,6,"[(-100, 100)]",10,1000,100,F92017,-1553.1335646521056,19.413084983825684
HDS,6,"[(-100, 100)]",50,1000,100,F92017,8356.285379105066,22.22794795036316
HDS,7,"[(-100, 100)]",10,1000,100,F102017,1066.258928766394,17.753623008728027
HDS,6,"[(-100, 100)]",100,1000,100,F92017,23591.02250288756,22.94078016281128
HDS,7,"[(-100, 100)]",30,1000,100,F102017,85193.37948507359,17.546306848526
HDS,7,"[(-100, 100)]",50,1000,100,F102017,187000.12692696787,19.085917949676517
Sobol,6,"[(-100, 100)]",30,1000,100,F92017,3463.5665521819865,20.326339960098267
Sobol,6,"[(-100, 100)]",50,1000,100,F92017,8651.703390743909,21.39425301551819
Sobol,7,"[(-100, 100)]",10,1000,100,F102017,1056.3513297787715,17.27544403076172
Sobol,6,"[(-100, 100)]",100,1000,100,F292017,17317133720.766117,115.8796329498291
Sobol,7,"[(-100, 100)]",30,1000,100,F102017,74912.72461276816,17.296931743621826
Sobol,6,"[(-100, 100)]",100,1000,100,F92017,25786.08021663604,21.674382209777832
Sobol,7,"[(-100, 100)]",50,1000,100,F102017,231213.09987056625,18.205941915512085
HDS,7,"[(-100, 100)]",100,1000,100,F102017,1281211.262269476,19.20873975753784
HDS,7,"[(-100, 100)]",10,1000,100,F12017,5193.428246318099,13.858731985092165
HDS,7,"[(-100, 100)]",10,1000,100,F112017,260660.5503296014,22.087544202804565
HDS,7,"[(-100, 100)]",30,1000,100,F112017,37780847.78316012,22.212241888046265
HDS,7,"[(-100, 100)]",50,1000,100,F112017,239818850.4540614,22.274428129196167
HDS,7,"[(-100, 100)]",30,1000,100,F12017,51451522.48199688,14.757820129394531
HDS,7,"[(-100, 100)]",100,1000,100,F112017,5773915133.725943,23.53507089614868
Sobol,7,"[(-100, 100)]",100,1000,100,F102017,2923157.208655762,17.98941421508789
Sobol,7,"[(-100, 100)]",10,1000,100,F12017,16406.865326326413,13.5847589969635
Sobol,7,"[(-100, 100)]",30,1000,100,F12017,4279373.791305458,15.642213106155396
Sobol,7,"[(-100, 100)]",10,1000,100,F112017,56043.09083527609,23.063225984573364
Sobol,7,"[(-100, 100)]",30,1000,100,F112017,42929211.0734484,22.68455219268799
Sobol,7,"[(-100, 100)]",50,1000,100,F112017,195460787.54834017,22.725233793258667
HDS,7,"[(-100, 100)]",50,1000,100,F12017,1363219090.331156,15.314618110656738
HDS,7,"[(-100, 100)]",100,1000,100,F12017,51018985549.37298,16.491639137268066
Sobol,7,"[(-100, 100)]",100,1000,100,F112017,5203864578.739443,23.1143810749054
Sobol,7,"[(-100, 100)]",50,1000,100,F12017,2030724743.4801917,14.034569025039673
HDS,7,"[(-100, 100)]",10,1000,100,F122017,1395.7392541182314,19.21266293525696
HDS,7,"[(-100, 100)]",30,1000,100,F122017,1426092.6531781768,19.488290071487427
Sobol,7,"[(-100, 100)]",100,1000,100,F12017,21601900326.49658,14.274155139923096
HDS,7,"[(-100, 100)]",50,1000,100,F122017,36027608.30192651,19.253626823425293
HDS,7,"[(-100, 100)]",100,1000,100,F122017,2679330864.8593583,20.08327794075012
HDS,7,"[(-100, 100)]",10,1000,100,F132017,1410.79167921714,17.990384101867676
Sobol,7,"[(-100, 100)]",10,1000,100,F122017,1849.013996370812,18.74332308769226
HDS,7,"[(-100, 100)]",30,1000,100,F132017,245124.57346964852,19.69089412689209
Sobol,7,"[(-100, 100)]",30,1000,100,F122017,1529121.463118334,19.021832942962646
Sobol,7,"[(-100, 100)]",50,1000,100,F122017,18307848.760402493,18.559066772460938
HDS,7,"[(-100, 100)]",50,1000,100,F132017,2068461.8290930688,20.920764923095703
Sobol,7,"[(-100, 100)]",100,1000,100,F122017,8606277815.32107,18.74475789070129
Sobol,7,"[(-100, 100)]",10,1000,100,F132017,1369.2060024391496,18.107277154922485
Sobol,7,"[(-100, 100)]",30,1000,100,F132017,362042.12172857777,19.60408306121826
HDS,7,"[(-100, 100)]",10,1000,100,F142017,1657.3790603813727,19.1333281993866
HDS,7,"[(-100, 100)]",30,1000,100,F142017,325124.7163285945,18.678634881973267
HDS,7,"[(-100, 100)]",50,1000,100,F142017,5322528.91702177,19.017635107040405
HDS,7,"[(-100, 100)]",100,1000,100,F132017,41289308.69670384,25.448489904403687
Sobol,7,"[(-100, 100)]",50,1000,100,F132017,2395203.666439159,20.89855480194092
HDS,7,"[(-100, 100)]",100,1000,100,F142017,630568970.7181469,19.898438215255737
Sobol,7,"[(-100, 100)]",10,1000,100,F142017,1625.4956501973506,19.180949926376343
Sobol,7,"[(-100, 100)]",30,1000,100,F142017,868403.6508443888,18.692317962646484
Sobol,7,"[(-100, 100)]",50,1000,100,F142017,5948805.094725404,18.97396278381348
Sobol,7,"[(-100, 100)]",100,1000,100,F142017,412552075.57468617,18.754138946533203
HDS,7,"[(-100, 100)]",10,1000,100,F152017,1362.289845480114,26.347312927246094
Sobol,6,"[(-100, 100)]",100,1000,100,F282017,4831869078.668239,252.52574372291565
Sobol,7,"[(-100, 100)]",100,1000,100,F132017,24871395.92978502,24.5458779335022
HDS,7,"[(-100, 100)]",30,1000,100,F152017,1924.24952727985,32.11091494560242
Sobol,7,"[(-100, 100)]",10,1000,100,F152017,1337.9428960967675,21.24391484260559
HDS,7,"[(-100, 100)]",50,1000,100,F152017,11827.0238866491,37.295175075531006
HDS,7,"[(-100, 100)]",10,1000,100,F162017,1495.0634649195724,43.2453887462616
HDS,7,"[(-100, 100)]",10,1000,100,F172017,,20.26039695739746
Sobol,7,"[(-100, 100)]",30,1000,100,F152017,4696.4517373616245,31.28078413009644
HDS,7,"[(-100, 100)]",100,1000,100,F152017,74904.57319121959,51.53487992286682
Sobol,7,"[(-100, 100)]",10,1000,100,F172017,,20.367926120758057
HDS,7,"[(-100, 100)]",30,1000,100,F172017,73365.99496785729,20.19468188285828
Sobol,7,"[(-100, 100)]",50,1000,100,F152017,7412.714223971077,36.79287505149841
HDS,7,"[(-100, 100)]",30,1000,100,F162017,62559.29144920512,78.48155188560486
Sobol,7,"[(-100, 100)]",30,1000,100,F172017,126944.91710907908,19.67455005645752
HDS,7,"[(-100, 100)]",50,1000,100,F172017,1027081.6709266852,20.34941601753235
Sobol,7,"[(-100, 100)]",10,1000,100,F162017,1877.2740705325884,42.96690201759338
HDS,7,"[(-100, 100)]",100,1000,100,F172017,21113348.268793005,22.04654598236084
Sobol,7,"[(-100, 100)]",100,1000,100,F152017,279349.46078356943,49.73010921478272
HDS,7,"[(-100, 100)]",10,1000,100,F182017,1811.3278400882768,20.28116798400879
Sobol,7,"[(-100, 100)]",50,1000,100,F172017,1611908.3740746449,20.09417605400085
Sobol,7,"[(-100, 100)]",100,1000,100,F172017,19021556.97748948,20.972748041152958
HDS,7,"[(-100, 100)]",50,1000,100,F162017,100320424.66406173,113.7323489189148
Sobol,7,"[(-100, 100)]",10,1000,100,F182017,1811.6246306556384,20.112058877944943
HDS,7,"[(-100, 100)]",30,1000,100,F182017,254185.6951760786,44.76173686981201
Sobol,7,"[(-100, 100)]",30,1000,100,F162017,65891.70757935128,76.56490015983582
HDS,7,"[(-100, 100)]",10,1000,100,F192017,1837.5399611225396,43.25889992713928
HDS,7,"[(-100, 100)]",50,1000,100,F182017,2022085.577845052,60.12997889518738
Sobol,7,"[(-100, 100)]",30,1000,100,F182017,564267.8678629824,44.43552589416504
Sobol,7,"[(-100, 100)]",10,1000,100,F192017,1835.1358526171375,42.74917888641357
HDS,7,"[(-100, 100)]",100,1000,100,F182017,1667205488.6890762,98.03603100776672
HDS,7,"[(-100, 100)]",30,1000,100,F192017,2437.3474610022804,78.76178503036499
HDS,7,"[(-100, 100)]",10,1000,100,F202017,2135.247121903328,9.364715576171877
HDS,7,"[(-100, 100)]",100,1000,100,F162017,162252847286.1794,203.69659304618835
Sobol,7,"[(-100, 100)]",10,1000,100,F202017,2133.239170287913,8.288617134094238
Sobol,7,"[(-100, 100)]",50,1000,100,F182017,10690782.1976737,59.20969319343567
Sobol,7,"[(-100, 100)]",50,1000,100,F162017,523244824.8686896,113.37238788604736
HDS,7,"[(-100, 100)]",30,1000,100,F202017,2531.292014739962,23.668763160705566
HDS,7,"[(-100, 100)]",50,1000,100,F202017,3740.588518662385,24.22398996353149
HDS,7,"[(-100, 100)]",100,1000,100,F202017,28918.41533615456,25.976967811584476
Sobol,7,"[(-100, 100)]",30,1000,100,F202017,2658.243167468565,23.105244159698486
Sobol,7,"[(-100, 100)]",50,1000,100,F202017,3370.4164795902825,23.01535105705261
HDS,7,"[(-100, 100)]",10,1000,100,F212017,2218.3391975981585,2.4860990047454834
HDS,7,"[(-100, 100)]",50,1000,100,F192017,2716.913784938459,114.40694785118104
Sobol,7,"[(-100, 100)]",30,1000,100,F192017,2479.6552033375165,78.57540202140808
Sobol,7,"[(-100, 100)]",100,1000,100,F202017,28795.39905415759,25.072169303894043
HDS,7,"[(-100, 100)]",30,1000,100,F212017,2289.090569792307,27.22786116600037
Sobol,7,"[(-100, 100)]",10,1000,100,F212017,181.49922703409695,27.393150091171265
Sobol,7,"[(-100, 100)]",100,1000,100,F182017,285100274.29552555,97.04462385177612
HDS,7,"[(-100, 100)]",10,1000,100,F22017,200.34579334188803,11.627404928207396
HDS,7,"[(-100, 100)]",50,1000,100,F212017,2480.198332500994,28.115967988967896
HDS,7,"[(-100, 100)]",100,1000,100,F212017,2906.187662778524,30.08871102333069
HDS,7,"[(-100, 100)]",30,1000,100,F22017,15530.460193633582,14.3160297870636
Sobol,7,"[(-100, 100)]",30,1000,100,F212017,2300.287954363336,27.105324029922485
Sobol,7,"[(-100, 100)]",10,1000,100,F22017,212.98058801432285,14.938815116882324
Sobol,7,"[(-100, 100)]",30,1000,100,F22017,25165.744889990685,14.039302825927734
HDS,7,"[(-100, 100)]",50,1000,100,F22017,70850.52898712715,14.813075304031372
HDS,7,"[(-100, 100)]",100,1000,100,F22017,284130.1896544884,15.746394157409668
Sobol,7,"[(-100, 100)]",50,1000,100,F212017,2446.9469182290254,27.323311805725098
HDS,7,"[(-100, 100)]",10,1000,100,F222017,2391.562792798676,10.737061977386476
Sobol,7,"[(-100, 100)]",100,1000,100,F212017,3438.862158574963,29.525472164154053
Sobol,7,"[(-100, 100)]",50,1000,100,F22017,88650.77674462703,14.186165809631348
Sobol,7,"[(-100, 100)]",100,1000,100,F22017,281786.16499352205,14.964131116867064
Sobol,7,"[(-100, 100)]",10,1000,100,F222017,2361.518450047875,12.838480949401855
HDS,7,"[(-100, 100)]",10,1000,100,F232017,2664.6740007681165,8.153425931930542
HDS,7,"[(-100, 100)]",30,1000,100,F222017,3207.488406685612,30.27866816520691
Sobol,7,"[(-100, 100)]",10,1000,100,F232017,2540.216184280232,9.951105117797852
HDS,7,"[(-100, 100)]",50,1000,100,F222017,13600.97059265891,31.543224096298218
HDS,7,"[(-100, 100)]",30,1000,100,F232017,2813.72584285189,25.798025846481323
HDS,7,"[(-100, 100)]",100,1000,100,F222017,42894.35849260181,34.68742918968201
Sobol,7,"[(-100, 100)]",50,1000,100,F192017,2654.3391877520085,114.0006799697876
HDS,7,"[(-100, 100)]",100,1000,100,F192017,5654.6246442978045,211.16694021224976
HDS,7,"[(-100, 100)]",50,1000,100,F232017,5652.76409920327,26.01277804374695
Sobol,7,"[(-100, 100)]",30,1000,100,F222017,3346.885048165921,29.95003914833069
Sobol,7,"[(-100, 100)]",30,1000,100,F232017,2827.57814102143,25.69774889945984
Sobol,7,"[(-100, 100)]",50,1000,100,F222017,11696.302904705812,30.819417238235477
HDS,7,"[(-100, 100)]",10,1000,100,F242017,2912.470261239669,9.867815017700195
Sobol,7,"[(-100, 100)]",100,1000,100,F162017,48429967464.55974,202.27767610549927
HDS,7,"[(-100, 100)]",100,1000,100,F232017,59238.01934882072,29.488663911819454
Sobol,7,"[(-100, 100)]",100,1000,100,F222017,38004.209016002846,33.4954891204834
Sobol,7,"[(-100, 100)]",10,1000,100,F242017,2885.7479160920298,11.31487488746643
Sobol,7,"[(-100, 100)]",50,1000,100,F232017,8726.733318767965,26.12602400779724
HDS,7,"[(-100, 100)]",30,1000,100,F242017,2872.678746609324,26.939055919647217
HDS,7,"[(-100, 100)]",50,1000,100,F242017,4229.030403875973,27.96150374412537
HDS,7,"[(-100, 100)]",10,1000,100,F252017,2504.3019082847327,20.960662126541138
Sobol,7,"[(-100, 100)]",100,1000,100,F232017,47910.4118527744,27.93091583251953
HDS,7,"[(-100, 100)]",100,1000,100,F242017,7506.25351276536,30.898136138916016
Sobol,7,"[(-100, 100)]",10,1000,100,F252017,2981.710873510532,11.063229084014893
Sobol,7,"[(-100, 100)]",30,1000,100,F242017,2874.759347967961,23.563112258911133
Sobol,7,"[(-100, 100)]",50,1000,100,F242017,4197.04294228966,26.89609313011169
Sobol,7,"[(-100, 100)]",100,1000,100,F242017,8148.690342511791,29.05405688285828
HDS,7,"[(-100, 100)]",30,1000,100,F252017,3433.1825142706284,71.87011694908142
HDS,7,"[(-100, 100)]",10,1000,100,F262017,2844.867807168144,47.46887969970703
Sobol,7,"[(-100, 100)]",10,1000,100,F262017,3001.9443054210765,11.305734872817991
HDS,7,"[(-100, 100)]",10,1000,100,F272017,2809.8477551296514,8.394947052001953
HDS,7,"[(-100, 100)]",50,1000,100,F252017,5260.415813238444,98.68948101997375
Sobol,7,"[(-100, 100)]",10,1000,100,F272017,2829.8934089877603,11.835788011550903
HDS,7,"[(-100, 100)]",30,1000,100,F262017,3232.3408612947355,73.98884701728821
HDS,7,"[(-100, 100)]",50,1000,100,F262017,3855.44269258372,99.4706301689148
Sobol,7,"[(-100, 100)]",30,1000,100,F252017,3461.029705726773,71.35298037528992
Sobol,7,"[(-100, 100)]",100,1000,100,F192017,6058.243520753634,206.06002402305603
HDS,7,"[(-100, 100)]",30,1000,100,F272017,2939.181449759091,69.02187585830688
Sobol,7,"[(-100, 100)]",30,1000,100,F262017,3229.093045530135,73.50982236862183
HDS,7,"[(-100, 100)]",100,1000,100,F252017,20160.431251250448,164.5399088859558
Sobol,7,"[(-100, 100)]",50,1000,100,F252017,5975.443769774297,97.33574199676514
HDS,7,"[(-100, 100)]",100,1000,100,F262017,5310.47074386285,165.33300924301147
HDS,7,"[(-100, 100)]",50,1000,100,F272017,3270.258012613453,94.30134797096252
Sobol,7,"[(-100, 100)]",50,1000,100,F262017,3828.587286973955,99.53039693832396
Sobol,7,"[(-100, 100)]",30,1000,100,F272017,2905.7819039930523,67.80125904083252
HDS,7,"[(-100, 100)]",10,1000,100,F282017,4131.016708750507,64.8086290359497
HDS,7,"[(-100, 100)]",30,1000,100,F282017,8561011.248705657,106.75216507911682
Sobol,7,"[(-100, 100)]",10,1000,100,F282017,3917.7644510947302,64.4805178642273
Sobol,7,"[(-100, 100)]",50,1000,100,F272017,3262.375152404639,94.75759506225586
HDS,7,"[(-100, 100)]",100,1000,100,F272017,5072.263205603361,160.12936091423035
Sobol,7,"[(-100, 100)]",100,1000,100,F252017,19079.126368607223,162.77918577194214
HDS,7,"[(-100, 100)]",10,1000,100,F292017,,46.88375306129456
Sobol,7,"[(-100, 100)]",100,1000,100,F262017,4945.659883261551,164.4861969947815
HDS,7,"[(-100, 100)]",50,1000,100,F282017,814348963.75211,146.2102437019348
HDS,7,"[(-100, 100)]",30,1000,100,F292017,12320763.275516331,60.13020706176758
Sobol,7,"[(-100, 100)]",10,1000,100,F292017,,46.55369925498962
Sobol,7,"[(-100, 100)]",30,1000,100,F282017,221341902.90695143,106.42784905433656
HDS,7,"[(-100, 100)]",10,1000,100,F32017,309.2990259931123,6.5230560302734375
Sobol,7,"[(-100, 100)]",10,1000,100,F32017,303.5667514029216,8.6767098903656
HDS,7,"[(-100, 100)]",50,1000,100,F292017,1109949264.354222,75.40663194656372
HDS,7,"[(-100, 100)]",30,1000,100,F32017,365.4732245428927,15.658061742782593
HDS,7,"[(-100, 100)]",50,1000,100,F32017,878.7326187232212,15.629379987716677
Sobol,7,"[(-100, 100)]",30,1000,100,F32017,367.4426651101909,15.97103190422058
Sobol,7,"[(-100, 100)]",50,1000,100,F32017,826.0841149133266,15.486550092697144
Sobol,7,"[(-100, 100)]",30,1000,100,F292017,29663726.29684209,60.68096899986267
HDS,7,"[(-100, 100)]",100,1000,100,F32017,7265.506769610695,17.61021113395691
HDS,7,"[(-100, 100)]",10,1000,100,F42017,435.1727697880092,14.385720014572144
HDS,7,"[(-100, 100)]",30,1000,100,F42017,685.9030130936645,14.587963819503784
Sobol,7,"[(-100, 100)]",100,1000,100,F32017,8723.040384115846,16.649961948394775
Sobol,7,"[(-100, 100)]",10,1000,100,F42017,425.8449089179493,14.278958797454834
Sobol,7,"[(-100, 100)]",30,1000,100,F42017,709.8892368125825,14.808942079544067
HDS,7,"[(-100, 100)]",10,1000,100,F52017,500.0074072293229,0.4095258712768554
Sobol,7,"[(-100, 100)]",10,1000,100,F52017,500.0106126318763,0.229623794555664
HDS,7,"[(-100, 100)]",30,1000,100,F52017,500.0506982174237,0.7752211093902588
Sobol,7,"[(-100, 100)]",30,1000,100,F52017,500.059032260102,0.3387289047241211
HDS,7,"[(-100, 100)]",50,1000,100,F52017,500.0634232729518,0.9202220439910888
Sobol,7,"[(-100, 100)]",50,1000,100,F52017,500.09702120224,0.4081208705902099
HDS,7,"[(-100, 100)]",100,1000,100,F52017,500.1087688399877,1.920428991317749
Sobol,7,"[(-100, 100)]",100,1000,100,F52017,500.1063206670037,0.6861886978149414
HDS,7,"[(-100, 100)]",50,1000,100,F42017,2847.304500116283,16.001338243484497
Sobol,7,"[(-100, 100)]",100,1000,100,F272017,4706.7118749472,161.4416298866272
HDS,7,"[(-100, 100)]",100,1000,100,F282017,31469181778.324337,251.57496094703677
HDS,7,"[(-100, 100)]",100,1000,100,F42017,19032.748921819788,17.22941017150879
HDS,7,"[(-100, 100)]",100,1000,100,F292017,4652059675.258553,115.30214190483092
Sobol,7,"[(-100, 100)]",50,1000,100,F292017,644182110.0264089,77.17937302589417
HDS,7,"[(-100, 100)]",10,1000,100,F62017,640.9162827961521,16.724981784820557
Sobol,7,"[(-100, 100)]",50,1000,100,F42017,2235.962835734604,14.979218244552612
HDS,7,"[(-100, 100)]",30,1000,100,F62017,1358.387846707844,17.06469488143921
Sobol,7,"[(-100, 100)]",100,1000,100,F42017,31284.700307745214,15.386544227600098
HDS,7,"[(-100, 100)]",50,1000,100,F62017,68258.8910428679,17.156529903411865
Sobol,7,"[(-100, 100)]",10,1000,100,F62017,645.7573415295911,16.36486005783081
HDS,7,"[(-100, 100)]",100,1000,100,F62017,1071005.583582403,18.1459858417511
Sobol,7,"[(-100, 100)]",30,1000,100,F62017,2417.516052608861,16.408276081085205
HDS,7,"[(-100, 100)]",10,1000,100,F72017,733.2651793028054,20.0844407081604
Sobol,7,"[(-100, 100)]",50,1000,100,F282017,518160077.6159368,147.2603771686554
Sobol,7,"[(-100, 100)]",50,1000,100,F62017,181822.18498418515,16.287449836730957
HDS,7,"[(-100, 100)]",10,1000,100,F82017,802.2576602728659,0.9573380947113036
Sobol,7,"[(-100, 100)]",10,1000,100,F82017,801.6182545269539,1.0411951541900637
HDS,7,"[(-100, 100)]",30,1000,100,F72017,1114.0961399984094,20.26656413078308
HDS,7,"[(-100, 100)]",30,1000,100,F82017,810.2106339965575,4.911200046539307
Sobol,7,"[(-100, 100)]",100,1000,100,F62017,1051815.4797078064,17.177433729171753
Sobol,7,"[(-100, 100)]",30,1000,100,F82017,812.1540666704566,4.393105030059815
HDS,7,"[(-100, 100)]",50,1000,100,F72017,1685.9938161911475,20.86925292015076
HDS,7,"[(-100, 100)]",50,1000,100,F82017,817.6832349357078,7.745830774307251
Sobol,7,"[(-100, 100)]",10,1000,100,F72017,723.4148486952465,19.91140294075012
HDS,7,"[(-100, 100)]",100,1000,100,F72017,2947.1538977845344,22.079200744628903
Sobol,7,"[(-100, 100)]",30,1000,100,F72017,1166.6816686875432,19.844791173934937
Sobol,7,"[(-100, 100)]",50,1000,100,F82017,823.9155127643776,11.866411924362184
HDS,7,"[(-100, 100)]",100,1000,100,F82017,972.19894077317,18.108195066452023
Sobol,7,"[(-100, 100)]",50,1000,100,F72017,1602.3571630183706,20.198168992996216
HDS,7,"[(-100, 100)]",10,1000,100,F92017,-997.91443500287,19.49539995193481
Sobol,7,"[(-100, 100)]",100,1000,100,F72017,3057.104387294409,20.70742082595825
HDS,7,"[(-100, 100)]",30,1000,100,F92017,3311.825231887029,20.26876282691956
Sobol,7,"[(-100, 100)]",100,1000,100,F82017,897.7844505209022,16.933258056640625
HDS,7,"[(-100, 100)]",50,1000,100,F92017,6675.403729406515,20.697124242782596
HDS,7,"[(-100, 100)]",100,1000,100,F92017,25716.65764085629,22.697163105010983
Sobol,7,"[(-100, 100)]",10,1000,100,F92017,-839.242788331906,19.214673042297363
HDS,8,"[(-100, 100)]",10,1000,100,F102017,1087.710769664174,17.106376886367798
HDS,8,"[(-100, 100)]",30,1000,100,F102017,66853.85858610837,17.179616928100586
Sobol,7,"[(-100, 100)]",30,1000,100,F92017,3536.700891189659,19.613999128341675
Sobol,7,"[(-100, 100)]",50,1000,100,F92017,9663.269758293298,20.29039001464844
HDS,8,"[(-100, 100)]",50,1000,100,F102017,246378.02137480557,17.814836025238037
Sobol,8,"[(-100, 100)]",10,1000,100,F102017,1059.8852081465268,16.812506914138794
Sobol,7,"[(-100, 100)]",100,1000,100,F292017,16500558308.336922,114.15844106674194
Sobol,7,"[(-100, 100)]",100,1000,100,F92017,25168.92034675228,21.730026960372925
Sobol,8,"[(-100, 100)]",30,1000,100,F102017,122066.03417622502,16.957476139068604
HDS,8,"[(-100, 100)]",100,1000,100,F102017,1797028.515510535,19.07590889930725
HDS,8,"[(-100, 100)]",10,1000,100,F112017,92691.65782101268,21.365826845169067
Sobol,8,"[(-100, 100)]",50,1000,100,F102017,246436.05163182103,17.146857976913452
HDS,8,"[(-100, 100)]",10,1000,100,F12017,5051.715302478977,13.552360773086548
HDS,8,"[(-100, 100)]",30,1000,100,F112017,29225290.57009605,22.03585195541382
HDS,8,"[(-100, 100)]",50,1000,100,F112017,163026989.0959952,22.924611806869507
HDS,8,"[(-100, 100)]",100,1000,100,F112017,4437615814.420829,23.80016112327576
Sobol,8,"[(-100, 100)]",100,1000,100,F102017,1134818.9909890504,17.822034120559692
HDS,8,"[(-100, 100)]",30,1000,100,F12017,80250703.97414933,14.032882928848268
Sobol,8,"[(-100, 100)]",10,1000,100,F12017,10011.757518024257,13.550188064575195
Sobol,8,"[(-100, 100)]",10,1000,100,F112017,81265.518451928,21.362292051315308
HDS,8,"[(-100, 100)]",50,1000,100,F12017,3395099723.5106187,14.366581916809082
Sobol,8,"[(-100, 100)]",30,1000,100,F112017,27499064.138979238,21.254786729812626
Sobol,8,"[(-100, 100)]",30,1000,100,F12017,31655501.928988725,13.884589910507202
Sobol,8,"[(-100, 100)]",50,1000,100,F112017,303278600.30626684,22.40464782714844
HDS,8,"[(-100, 100)]",100,1000,100,F12017,35605522840.63411,15.4638409614563
Sobol,8,"[(-100, 100)]",100,1000,100,F112017,4560264070.059047,22.372164011001587
HDS,8,"[(-100, 100)]",10,1000,100,F122017,1326.6766485957753,17.98428511619568
Sobol,8,"[(-100, 100)]",50,1000,100,F12017,1499699190.140134,14.209516048431396
HDS,8,"[(-100, 100)]",30,1000,100,F122017,924250.292070496,18.176355123519897
HDS,8,"[(-100, 100)]",50,1000,100,F122017,8477546.504109906,18.709532260894772
Sobol,8,"[(-100, 100)]",100,1000,100,F12017,49567294440.38606,14.57805585861206
HDS,8,"[(-100, 100)]",10,1000,100,F132017,1383.9853690234409,18.482224941253666
HDS,8,"[(-100, 100)]",100,1000,100,F122017,4070626284.577256,20.712671995162964
Sobol,8,"[(-100, 100)]",10,1000,100,F122017,1439.3820671139233,18.098471879959103
HDS,8,"[(-100, 100)]",30,1000,100,F132017,256673.2218418189,19.6359338760376
Sobol,8,"[(-100, 100)]",30,1000,100,F122017,2429674.9339621705,18.096056938171387
Sobol,8,"[(-100, 100)]",50,1000,100,F122017,17625771.218744524,18.129090070724487
HDS,8,"[(-100, 100)]",50,1000,100,F132017,3292597.812114317,21.25991892814636
Sobol,8,"[(-100, 100)]",10,1000,100,F132017,1408.0416511190574,18.21823620796204
Sobol,8,"[(-100, 100)]",100,1000,100,F122017,10203573555.580189,19.915016889572144
Sobol,8,"[(-100, 100)]",30,1000,100,F132017,241702.2618045985,19.64319682121277
HDS,8,"[(-100, 100)]",10,1000,100,F142017,1906.2282766009823,18.47017788887024
HDS,8,"[(-100, 100)]",100,1000,100,F132017,29348715.017765094,26.313149213790894
HDS,8,"[(-100, 100)]",30,1000,100,F142017,196617.12881737383,18.77524709701538
HDS,8,"[(-100, 100)]",50,1000,100,F142017,4784454.03318041,19.167887926101685
Sobol,8,"[(-100, 100)]",50,1000,100,F132017,2650997.379047959,20.99184203147888
HDS,8,"[(-100, 100)]",100,1000,100,F142017,780644010.0587385,20.07500004768372
HDS,8,"[(-100, 100)]",10,1000,100,F152017,1339.8041699768175,14.789500951766968
Sobol,8,"[(-100, 100)]",10,1000,100,F142017,2889.587168835492,18.05827474594116
Sobol,8,"[(-100, 100)]",30,1000,100,F142017,1033521.3251976843,18.396584033966064
Sobol,8,"[(-100, 100)]",50,1000,100,F142017,53918972.64145404,18.466780185699463
Sobol,8,"[(-100, 100)]",100,1000,100,F132017,29483178.320081078,24.90512204170227
Sobol,8,"[(-100, 100)]",10,1000,100,F152017,1337.9053026947652,14.276131629943848
Sobol,8,"[(-100, 100)]",100,1000,100,F142017,287890171.92340255,19.131990909576416
HDS,8,"[(-100, 100)]",30,1000,100,F152017,2345.820332915511,31.920997858047485
Sobol,7,"[(-100, 100)]",100,1000,100,F282017,6038981666.031375,252.550696849823
HDS,8,"[(-100, 100)]",50,1000,100,F152017,10531.856198060148,37.36967396736145
HDS,8,"[(-100, 100)]",10,1000,100,F172017,,20.14967107772827
HDS,8,"[(-100, 100)]",10,1000,100,F162017,1882.612660022506,43.18553423881531
Sobol,8,"[(-100, 100)]",30,1000,100,F152017,2362.354156144236,31.83018922805786
HDS,8,"[(-100, 100)]",100,1000,100,F152017,56483.96062836776,51.42606592178345
Sobol,8,"[(-100, 100)]",10,1000,100,F172017,,20.25833296775818
HDS,8,"[(-100, 100)]",30,1000,100,F172017,103195.6456905698,20.35591506958008
Sobol,8,"[(-100, 100)]",50,1000,100,F152017,11364.276432025004,36.62549209594727
HDS,8,"[(-100, 100)]",50,1000,100,F172017,856082.3512611425,20.82887005805969
HDS,8,"[(-100, 100)]",30,1000,100,F162017,72558.56428007553,80.26690888404846
Sobol,8,"[(-100, 100)]",10,1000,100,F162017,1661.2568006796737,42.77119588851929
Sobol,8,"[(-100, 100)]",30,1000,100,F172017,134979.3308893371,19.740440130233765
HDS,8,"[(-100, 100)]",100,1000,100,F172017,10229819.70017764,21.751292943954468
Sobol,8,"[(-100, 100)]",100,1000,100,F152017,100116.00151433256,49.95562291145325
Sobol,8,"[(-100, 100)]",50,1000,100,F172017,822005.6096833504,20.32681608200073
HDS,8,"[(-100, 100)]",10,1000,100,F182017,1808.6533321732504,21.252761840820312
Sobol,8,"[(-100, 100)]",100,1000,100,F172017,12730443.38622139,20.91616177558899
HDS,8,"[(-100, 100)]",50,1000,100,F162017,144934430.15596652,114.72547101974487
Sobol,8,"[(-100, 100)]",10,1000,100,F182017,1809.5530432723465,19.683076858520508
HDS,8,"[(-100, 100)]",30,1000,100,F182017,159512.03593977386,44.47343587875366
HDS,8,"[(-100, 100)]",10,1000,100,F192017,1854.964103914099,42.39586782455444
HDS,8,"[(-100, 100)]",50,1000,100,F182017,7501299.917339351,60.43170499801636
Sobol,8,"[(-100, 100)]",30,1000,100,F162017,121822.31903619086,79.50810480117798
Sobol,8,"[(-100, 100)]",30,1000,100,F182017,792953.6579308955,44.76206064224243
Sobol,8,"[(-100, 100)]",10,1000,100,F192017,1831.9204583803128,42.457700967788696
HDS,8,"[(-100, 100)]",100,1000,100,F182017,212950720.70367512,99.52855610847472
HDS,8,"[(-100, 100)]",10,1000,100,F202017,2144.6819765409027,8.522623777389526
HDS,8,"[(-100, 100)]",30,1000,100,F192017,2284.038436999295,80.39378094673157
HDS,8,"[(-100, 100)]",100,1000,100,F162017,11341981167.818354,205.41307711601257
Sobol,8,"[(-100, 100)]",10,1000,100,F202017,2123.838476099293,8.367706775665283
Sobol,8,"[(-100, 100)]",50,1000,100,F182017,38687496.21417247,60.5027060508728
Sobol,8,"[(-100, 100)]",50,1000,100,F162017,526491703.506382,115.19798684120178
HDS,8,"[(-100, 100)]",30,1000,100,F202017,2369.225124894249,23.32226014137268
HDS,8,"[(-100, 100)]",50,1000,100,F202017,4774.97902892773,24.76511073112488
Sobol,8,"[(-100, 100)]",30,1000,100,F202017,2476.3759821054173,23.04008412361145
HDS,8,"[(-100, 100)]",100,1000,100,F202017,28842.66702648689,26.13365721702576
HDS,8,"[(-100, 100)]",10,1000,100,F212017,2214.5187114207183,3.004636764526367
Sobol,8,"[(-100, 100)]",10,1000,100,F212017,2216.4393325836004,3.075136184692383
Sobol,8,"[(-100, 100)]",50,1000,100,F202017,3572.139064650787,23.907216787338257
HDS,8,"[(-100, 100)]",50,1000,100,F192017,2573.184641519328,117.77905011177064
Sobol,8,"[(-100, 100)]",100,1000,100,F202017,16230.417232127318,24.626303911209103
Sobol,8,"[(-100, 100)]",30,1000,100,F192017,2791.857189440618,81.27602100372314
HDS,8,"[(-100, 100)]",30,1000,100,F212017,2336.366364419497,28.522979021072388
Sobol,8,"[(-100, 100)]",100,1000,100,F182017,510008754.58279496,97.98726892471312
HDS,8,"[(-100, 100)]",50,1000,100,F212017,2473.559071972126,29.62004804611206
HDS,8,"[(-100, 100)]",10,1000,100,F22017,200.7575072054709,15.081537008285522
HDS,8,"[(-100, 100)]",30,1000,100,F22017,20604.11141211357,15.289881229400637
HDS,8,"[(-100, 100)]",100,1000,100,F212017,3258.4227480955515,31.3865339756012
Sobol,8,"[(-100, 100)]",10,1000,100,F22017,200.7146921662187,14.33930277824402
Sobol,8,"[(-100, 100)]",30,1000,100,F212017,2309.9614938166665,27.69021987915039
Sobol,8,"[(-100, 100)]",50,1000,100,F212017,2592.298941116833,29.21398091316223
Sobol,8,"[(-100, 100)]",30,1000,100,F22017,23436.679128647284,14.999659061431885
HDS,8,"[(-100, 100)]",50,1000,100,F22017,70743.91577013941,15.383317947387695
HDS,8,"[(-100, 100)]",100,1000,100,F22017,282206.6610638704,16.391463041305542
HDS,8,"[(-100, 100)]",10,1000,100,F222017,2359.2464613497373,13.362166166305542
Sobol,8,"[(-100, 100)]",100,1000,100,F212017,3073.2913894294247,30.127974033355716
Sobol,8,"[(-100, 100)]",50,1000,100,F22017,79416.8496505131,14.522974967956545
Sobol,8,"[(-100, 100)]",10,1000,100,F222017,2381.5073266927698,11.621529817581177
Sobol,8,"[(-100, 100)]",100,1000,100,F22017,256380.0252547837,15.309525966644289
HDS,8,"[(-100, 100)]",30,1000,100,F222017,2963.816977120049,30.717474937438965
HDS,8,"[(-100, 100)]",10,1000,100,F232017,2524.6472183580827,11.314784049987791
Sobol,8,"[(-100, 100)]",10,1000,100,F232017,2555.092302995537,10.47199273109436
HDS,8,"[(-100, 100)]",50,1000,100,F222017,7172.702590973632,31.57227897644043
HDS,8,"[(-100, 100)]",30,1000,100,F232017,3277.6594880286457,25.831478118896484
HDS,8,"[(-100, 100)]",100,1000,100,F222017,33180.49052377545,34.48148012161255
HDS,8,"[(-100, 100)]",100,1000,100,F192017,6597.250028387749,209.2262179851532
Sobol,8,"[(-100, 100)]",30,1000,100,F222017,3037.910549065411,30.41881799697876
Sobol,8,"[(-100, 100)]",50,1000,100,F192017,2758.8352147423047,118.23288083076476
HDS,8,"[(-100, 100)]",50,1000,100,F232017,7029.520425298571,26.88946294784546
Sobol,8,"[(-100, 100)]",30,1000,100,F232017,3030.98274914219,25.68111491203308
HDS,8,"[(-100, 100)]",10,1000,100,F242017,2890.2086615812777,9.343244791030884
Sobol,8,"[(-100, 100)]",50,1000,100,F222017,9728.978671897654,31.119385957717896
Sobol,8,"[(-100, 100)]",100,1000,100,F162017,46828781088.40912,204.89053225517276
HDS,8,"[(-100, 100)]",100,1000,100,F232017,38246.63513455072,29.55636692047119
Sobol,8,"[(-100, 100)]",100,1000,100,F222017,27281.525852579307,33.7711980342865
Sobol,8,"[(-100, 100)]",10,1000,100,F242017,2885.187823081605,12.89973497390747
HDS,8,"[(-100, 100)]",30,1000,100,F242017,2865.555443257772,19.38354778289795
Sobol,8,"[(-100, 100)]",50,1000,100,F232017,7185.836714551164,26.63416695594788
HDS,8,"[(-100, 100)]",10,1000,100,F252017,2504.4986346948717,18.404619693756104
HDS,8,"[(-100, 100)]",50,1000,100,F242017,4053.93938017472,29.086722135543823
Sobol,8,"[(-100, 100)]",100,1000,100,F232017,47948.4591887961,28.13248896598816
HDS,8,"[(-100, 100)]",100,1000,100,F242017,8207.921438353853,31.713467836380005
Sobol,8,"[(-100, 100)]",30,1000,100,F242017,2872.4482056045176,25.885812997817997
Sobol,8,"[(-100, 100)]",10,1000,100,F252017,2503.1685299432334,27.21144986152649
Sobol,8,"[(-100, 100)]",50,1000,100,F242017,4067.253307927116,28.129448890686035
Sobol,8,"[(-100, 100)]",100,1000,100,F242017,8924.396889369133,29.72129321098328
HDS,8,"[(-100, 100)]",30,1000,100,F252017,3373.1796376219872,74.56673097610474
HDS,8,"[(-100, 100)]",10,1000,100,F262017,2826.4878271000234,48.9219970703125
HDS,8,"[(-100, 100)]",50,1000,100,F252017,4974.697633501606,100.56369304656982
HDS,8,"[(-100, 100)]",30,1000,100,F262017,3220.6641706064397,75.47177600860596
Sobol,8,"[(-100, 100)]",10,1000,100,F262017,2627.528178191493,48.1368260383606
HDS,8,"[(-100, 100)]",10,1000,100,F272017,2837.214899074723,9.39998197555542
Sobol,8,"[(-100, 100)]",10,1000,100,F272017,2830.529726050493,10.199493885040283
HDS,8,"[(-100, 100)]",50,1000,100,F262017,3535.0021434917026,101.88180780410768
Sobol,8,"[(-100, 100)]",30,1000,100,F252017,3386.408145013409,73.3546359539032
Sobol,8,"[(-100, 100)]",100,1000,100,F192017,5485.539526786426,207.07888293266296
HDS,8,"[(-100, 100)]",30,1000,100,F272017,2882.0057332847086,39.063289165496826
HDS,8,"[(-100, 100)]",100,1000,100,F252017,15313.18936544121,168.30239605903623
Sobol,8,"[(-100, 100)]",30,1000,100,F262017,3233.1221093440827,75.32920002937317
Sobol,8,"[(-100, 100)]",50,1000,100,F252017,4997.196006958371,99.38122010231018
HDS,8,"[(-100, 100)]",100,1000,100,F262017,4977.773494859253,169.42821621894836
HDS,8,"[(-100, 100)]",50,1000,100,F272017,3260.1947808172104,97.27566385269164
Sobol,8,"[(-100, 100)]",50,1000,100,F262017,3897.060397946737,101.41436004638672
Sobol,8,"[(-100, 100)]",30,1000,100,F272017,2912.2239739153115,69.90169382095337
HDS,8,"[(-100, 100)]",10,1000,100,F282017,4222.145302777428,65.72561001777649
HDS,8,"[(-100, 100)]",30,1000,100,F282017,62661305.4799073,108.82142901420592
Sobol,8,"[(-100, 100)]",10,1000,100,F282017,4332.502488786855,65.19654107093811
HDS,8,"[(-100, 100)]",100,1000,100,F272017,3981.026374569159,164.11792182922363
Sobol,8,"[(-100, 100)]",50,1000,100,F272017,3229.920058900908,93.3687789440155
Sobol,8,"[(-100, 100)]",100,1000,100,F252017,13452.492225890132,167.1231129169464
HDS,8,"[(-100, 100)]",10,1000,100,F292017,,46.55504584312439
Sobol,8,"[(-100, 100)]",100,1000,100,F262017,6181.313004709091,167.55153703689575
HDS,8,"[(-100, 100)]",50,1000,100,F282017,602499804.5681058,149.12195706367493
HDS,8,"[(-100, 100)]",30,1000,100,F292017,1243897.90950399,60.88556599617005
Sobol,8,"[(-100, 100)]",10,1000,100,F292017,,45.469032287597656
Sobol,8,"[(-100, 100)]",30,1000,100,F282017,47552259.70130221,107.26213383674622
HDS,8,"[(-100, 100)]",10,1000,100,F32017,302.68342172846803,6.458411931991577
Sobol,8,"[(-100, 100)]",10,1000,100,F32017,307.65755758906914,6.536013841629028
HDS,8,"[(-100, 100)]",30,1000,100,F32017,407.63273708978585,15.493262767791748
HDS,8,"[(-100, 100)]",50,1000,100,F292017,806162495.4050307,77.94065999984741
HDS,8,"[(-100, 100)]",50,1000,100,F32017,1223.3654361112608,15.838063716888428
Sobol,8,"[(-100, 100)]",30,1000,100,F32017,382.2322493129314,15.02141809463501
Sobol,8,"[(-100, 100)]",30,1000,100,F292017,23169813.995794088,61.04956102371216
Sobol,8,"[(-100, 100)]",50,1000,100,F32017,990.0148818347212,15.526846885681152
HDS,8,"[(-100, 100)]",100,1000,100,F32017,5545.544673524508,16.887574195861816
HDS,8,"[(-100, 100)]",10,1000,100,F42017,427.2571290254409,14.395959854125977
HDS,8,"[(-100, 100)]",30,1000,100,F42017,717.7327578285826,15.155609130859377
Sobol,8,"[(-100, 100)]",100,1000,100,F32017,2803.79671361508,15.653249025344849
Sobol,8,"[(-100, 100)]",10,1000,100,F42017,429.1556385889203,14.051270246505736
Sobol,8,"[(-100, 100)]",30,1000,100,F42017,939.5990350371292,14.584594011306764
HDS,8,"[(-100, 100)]",10,1000,100,F52017,500.0040462508825,0.3848781585693359
Sobol,8,"[(-100, 100)]",10,1000,100,F52017,500.003527531551,0.1962709426879882
HDS,8,"[(-100, 100)]",30,1000,100,F52017,500.0446751070672,0.6316783428192139
Sobol,8,"[(-100, 100)]",30,1000,100,F52017,500.0742443966098,0.322695255279541
HDS,8,"[(-100, 100)]",50,1000,100,F52017,500.0615535369102,0.9007439613342284
Sobol,8,"[(-100, 100)]",50,1000,100,F52017,500.0953731780899,0.4441442489624023
HDS,8,"[(-100, 100)]",100,1000,100,F52017,500.086262169316,1.918449878692627
Sobol,8,"[(-100, 100)]",100,1000,100,F52017,500.1354857812081,0.6802749633789062
Sobol,8,"[(-100, 100)]",100,1000,100,F272017,5921.9516772636125,160.86688685417175
HDS,8,"[(-100, 100)]",50,1000,100,F42017,3361.349584845329,15.606452941894531
HDS,8,"[(-100, 100)]",100,1000,100,F42017,24153.974167910965,17.347922801971436
HDS,8,"[(-100, 100)]",100,1000,100,F282017,13842995515.680197,251.58836483955383
HDS,8,"[(-100, 100)]",100,1000,100,F292017,16629768158.286312,117.12080574035645
HDS,8,"[(-100, 100)]",10,1000,100,F62017,643.6607088616249,16.38519310951233
HDS,8,"[(-100, 100)]",30,1000,100,F62017,1582.5611954555495,16.45200800895691
Sobol,8,"[(-100, 100)]",50,1000,100,F42017,1753.6745209324597,14.718868970870972
Sobol,8,"[(-100, 100)]",50,1000,100,F292017,609832964.6618552,77.19485092163086
Sobol,8,"[(-100, 100)]",100,1000,100,F42017,42051.27030013669,16.12459397315979
Sobol,8,"[(-100, 100)]",10,1000,100,F62017,641.8887174577511,16.175406217575073
Sobol,8,"[(-100, 100)]",30,1000,100,F62017,3430.5076310152845,16.17409896850586
HDS,8,"[(-100, 100)]",50,1000,100,F62017,34213.06653670075,16.906339168548584
HDS,8,"[(-100, 100)]",100,1000,100,F62017,1401864.7781236293,18.789416313171387
HDS,8,"[(-100, 100)]",10,1000,100,F72017,724.9437981920094,21.08508014678955
Sobol,8,"[(-100, 100)]",50,1000,100,F282017,97823802.96623604,148.45413303375244
Sobol,8,"[(-100, 100)]",50,1000,100,F62017,10384.561951962516,16.47242283821106
HDS,8,"[(-100, 100)]",30,1000,100,F72017,1135.7585346704846,20.38652014732361
HDS,8,"[(-100, 100)]",10,1000,100,F82017,801.8353735449426,0.8586418628692627
Sobol,8,"[(-100, 100)]",10,1000,100,F82017,801.3643755167684,0.6772129535675049
HDS,8,"[(-100, 100)]",50,1000,100,F72017,1655.9750798178773,20.92811179161072
Sobol,8,"[(-100, 100)]",100,1000,100,F62017,1115754.10152061,17.548559188842773
HDS,8,"[(-100, 100)]",30,1000,100,F82017,809.1226066551488,4.345502138137817
Sobol,8,"[(-100, 100)]",30,1000,100,F82017,811.2381903533203,3.627495765686035
Sobol,8,"[(-100, 100)]",10,1000,100,F72017,748.1430705750878,21.01734399795532
HDS,8,"[(-100, 100)]",50,1000,100,F82017,813.9519396787671,15.47504997253418
HDS,8,"[(-100, 100)]",100,1000,100,F72017,3079.513871679528,22.285255908966064
Sobol,8,"[(-100, 100)]",30,1000,100,F72017,1090.5345736990012,20.57677412033081
Sobol,8,"[(-100, 100)]",50,1000,100,F72017,1711.8196002766117,20.259807109832764
HDS,8,"[(-100, 100)]",100,1000,100,F82017,905.1807610691028,18.570868015289307
Sobol,8,"[(-100, 100)]",50,1000,100,F82017,813.859511830587,10.510536909103394
HDS,8,"[(-100, 100)]",10,1000,100,F92017,-979.6972195004446,20.86209797859192
Sobol,8,"[(-100, 100)]",100,1000,100,F72017,3018.1181284975687,21.670206308364868
HDS,8,"[(-100, 100)]",30,1000,100,F92017,3664.344236139097,20.355982780456543
HDS,8,"[(-100, 100)]",50,1000,100,F92017,7731.038060998049,21.049699783325195
Sobol,8,"[(-100, 100)]",100,1000,100,F82017,888.9331165662064,17.095504999160767
HDS,8,"[(-100, 100)]",100,1000,100,F92017,25607.29200267833,22.560343027114868
Sobol,8,"[(-100, 100)]",10,1000,100,F92017,-879.8340153958934,20.36009120941162
HDS,9,"[(-100, 100)]",10,1000,100,F102017,1041.356852183089,17.308388710021973
Sobol,8,"[(-100, 100)]",30,1000,100,F92017,3202.343841305039,20.159070014953613
HDS,9,"[(-100, 100)]",30,1000,100,F102017,85219.94439776501,17.817713022232056
Sobol,8,"[(-100, 100)]",50,1000,100,F92017,10429.831155401977,20.479813814163208
Sobol,8,"[(-100, 100)]",100,1000,100,F92017,25318.9619847441,21.65823721885681
HDS,9,"[(-100, 100)]",50,1000,100,F102017,344981.805281007,17.829272747039795
Sobol,9,"[(-100, 100)]",10,1000,100,F102017,1063.5219430773077,16.994850635528564
Sobol,8,"[(-100, 100)]",100,1000,100,F292017,12938069210.500065,115.33389496803284
Sobol,9,"[(-100, 100)]",30,1000,100,F102017,68663.39459361439,17.46991205215454
HDS,9,"[(-100, 100)]",100,1000,100,F102017,1767178.6033304415,19.428420066833496
HDS,9,"[(-100, 100)]",10,1000,100,F112017,205288.29456147656,21.48844289779663
Sobol,9,"[(-100, 100)]",50,1000,100,F102017,237826.8344159953,17.23923897743225
HDS,9,"[(-100, 100)]",10,1000,100,F12017,10149.922678684858,13.993685722351074
HDS,9,"[(-100, 100)]",30,1000,100,F112017,25894787.89170745,21.858686923980716
HDS,9,"[(-100, 100)]",50,1000,100,F112017,121069272.79924956,22.23063802719116
Sobol,9,"[(-100, 100)]",100,1000,100,F102017,2076185.5980241112,18.04030179977417
HDS,9,"[(-100, 100)]",100,1000,100,F112017,3564089330.575881,25.05745100975037
HDS,9,"[(-100, 100)]",30,1000,100,F12017,8910656.149370294,14.064505100250244
Sobol,9,"[(-100, 100)]",10,1000,100,F112017,36924.20080264231,21.273462057113647
Sobol,9,"[(-100, 100)]",10,1000,100,F12017,3224.10929990195,13.690438270568848
HDS,9,"[(-100, 100)]",50,1000,100,F12017,4214001766.581113,14.545207023620604
Sobol,9,"[(-100, 100)]",30,1000,100,F112017,37584234.09041806,21.78050994873047
Sobol,9,"[(-100, 100)]",50,1000,100,F112017,184099984.352616,22.224316120147705
Sobol,9,"[(-100, 100)]",30,1000,100,F12017,172495115.26853374,13.955766916275024
HDS,9,"[(-100, 100)]",100,1000,100,F12017,34296398488.3725,15.756618976593018
Sobol,9,"[(-100, 100)]",100,1000,100,F112017,6000709977.43194,23.793774843215942
HDS,9,"[(-100, 100)]",10,1000,100,F122017,1347.0272909188773,18.435524940490723
Sobol,9,"[(-100, 100)]",50,1000,100,F12017,543416842.4484174,13.95185923576355
HDS,9,"[(-100, 100)]",30,1000,100,F122017,326686.9778470464,18.550913095474243
Sobol,9,"[(-100, 100)]",100,1000,100,F12017,27359655312.09661,14.390947103500366
HDS,9,"[(-100, 100)]",50,1000,100,F122017,67256716.69541925,18.89538097381592
HDS,9,"[(-100, 100)]",100,1000,100,F122017,2182659188.0601964,20.171619176864624
Sobol,9,"[(-100, 100)]",10,1000,100,F122017,1323.5629972621566,18.07994389533997
HDS,9,"[(-100, 100)]",10,1000,100,F132017,1357.6599524827154,19.68734288215637
HDS,9,"[(-100, 100)]",30,1000,100,F132017,206307.0928930716,20.211023807525635
Sobol,9,"[(-100, 100)]",30,1000,100,F122017,1733084.098473085,18.25333595275879
Sobol,9,"[(-100, 100)]",50,1000,100,F122017,10348195.230925784,18.318909883499146
HDS,9,"[(-100, 100)]",50,1000,100,F132017,845908.0780398184,21.281387090682983
Sobol,9,"[(-100, 100)]",100,1000,100,F122017,1759249891.8317237,19.06062412261963
Sobol,9,"[(-100, 100)]",10,1000,100,F132017,1367.470445735664,19.290053844451904
Sobol,9,"[(-100, 100)]",30,1000,100,F132017,149888.58503852255,19.988895893096924
HDS,9,"[(-100, 100)]",100,1000,100,F132017,26082549.270111896,25.493621826171875
HDS,9,"[(-100, 100)]",10,1000,100,F142017,1662.051448559743,18.3485209941864
HDS,9,"[(-100, 100)]",30,1000,100,F142017,2757027.977978888,18.4492871761322
HDS,9,"[(-100, 100)]",50,1000,100,F142017,10536204.55513236,19.07310128211975
Sobol,9,"[(-100, 100)]",50,1000,100,F132017,2870340.5684058685,20.82175898551941
HDS,9,"[(-100, 100)]",100,1000,100,F142017,1877099037.4496896,20.038020133972168
Sobol,9,"[(-100, 100)]",10,1000,100,F142017,2161.961575146908,17.901015043258667
HDS,9,"[(-100, 100)]",10,1000,100,F152017,1353.5985142659467,25.755883932113647
Sobol,9,"[(-100, 100)]",30,1000,100,F142017,3095666.75160095,18.12253999710083
Sobol,9,"[(-100, 100)]",100,1000,100,F132017,20828988.915066883,24.16996479034424
Sobol,9,"[(-100, 100)]",50,1000,100,F142017,1689188.2804585658,18.503374099731445
Sobol,9,"[(-100, 100)]",100,1000,100,F142017,630253094.2029731,18.890745162963867
Sobol,8,"[(-100, 100)]",100,1000,100,F282017,24704456804.22071,252.48060274124143
HDS,9,"[(-100, 100)]",30,1000,100,F152017,4602.611716923856,31.627920866012573
Sobol,9,"[(-100, 100)]",10,1000,100,F152017,1338.6068554493838,21.54144811630249
HDS,9,"[(-100, 100)]",50,1000,100,F152017,12166.166366571177,37.17753911018372
HDS,9,"[(-100, 100)]",10,1000,100,F172017,,20.291242122650143
HDS,9,"[(-100, 100)]",10,1000,100,F162017,1666.830775736824,43.05797243118286
Sobol,9,"[(-100, 100)]",30,1000,100,F152017,3126.044842807755,31.015520095825195
HDS,9,"[(-100, 100)]",100,1000,100,F152017,750180.744809336,51.72687792778015
Sobol,9,"[(-100, 100)]",10,1000,100,F172017,,20.300764083862305
HDS,9,"[(-100, 100)]",30,1000,100,F172017,101862.54339056971,20.319719791412357
Sobol,9,"[(-100, 100)]",50,1000,100,F152017,8953.5902752639,36.88429093360901
HDS,9,"[(-100, 100)]",30,1000,100,F162017,135770.86643059208,79.36526107788086
HDS,9,"[(-100, 100)]",50,1000,100,F172017,864083.0665503801,20.718224048614506
Sobol,9,"[(-100, 100)]",10,1000,100,F162017,1531.333353041318,43.30933976173401
Sobol,9,"[(-100, 100)]",30,1000,100,F172017,113368.2938870705,20.09015703201294
HDS,9,"[(-100, 100)]",100,1000,100,F172017,16973385.14497904,21.59548497200012
Sobol,9,"[(-100, 100)]",100,1000,100,F152017,149914.85115547277,50.39805817604065
Sobol,9,"[(-100, 100)]",50,1000,100,F172017,810070.507663254,20.23645806312561
HDS,9,"[(-100, 100)]",10,1000,100,F182017,1809.9473101599067,19.5260968208313
Sobol,9,"[(-100, 100)]",100,1000,100,F172017,8993091.40293394,20.78053593635559
HDS,9,"[(-100, 100)]",50,1000,100,F162017,101288594.29906929,114.44515705108644
Sobol,9,"[(-100, 100)]",10,1000,100,F182017,1810.1348490170408,19.236568212509155
HDS,9,"[(-100, 100)]",30,1000,100,F182017,200444.85664138413,45.25590181350708
HDS,9,"[(-100, 100)]",10,1000,100,F192017,1846.357655145317,43.165685176849365
Sobol,9,"[(-100, 100)]",30,1000,100,F162017,80888.1294958419,79.37658309936523
HDS,9,"[(-100, 100)]",50,1000,100,F182017,12357325.028282365,60.95316290855408
Sobol,9,"[(-100, 100)]",30,1000,100,F182017,534412.8679497982,44.5064549446106
Sobol,9,"[(-100, 100)]",10,1000,100,F192017,1841.4423029854,42.995527267456055
HDS,9,"[(-100, 100)]",100,1000,100,F182017,575081411.975116,99.13010287284852
HDS,9,"[(-100, 100)]",30,1000,100,F192017,3095.439626250598,81.29933619499207
HDS,9,"[(-100, 100)]",10,1000,100,F202017,2126.072781975849,8.852826833724976
Sobol,9,"[(-100, 100)]",10,1000,100,F202017,2126.314656457785,8.169755935668945
Sobol,9,"[(-100, 100)]",50,1000,100,F182017,449286.2534634515,60.34271001815796
HDS,9,"[(-100, 100)]",100,1000,100,F162017,147692595479.8861,207.0954439640045
HDS,9,"[(-100, 100)]",30,1000,100,F202017,2524.2191140966806,23.320037841796875
Sobol,9,"[(-100, 100)]",50,1000,100,F162017,18034872.4152048,114.96261501312256
HDS,9,"[(-100, 100)]",50,1000,100,F202017,3519.3220921952416,24.089698791503903
Sobol,9,"[(-100, 100)]",30,1000,100,F202017,2502.503950741587,23.39986205101013
HDS,9,"[(-100, 100)]",100,1000,100,F202017,17863.229250368968,27.452566862106323
Sobol,9,"[(-100, 100)]",50,1000,100,F202017,4071.696093239428,23.68576574325561
HDS,9,"[(-100, 100)]",50,1000,100,F192017,2862.656164090752,118.78157711029051
Sobol,9,"[(-100, 100)]",30,1000,100,F192017,3361.801845034224,82.01429796218872
HDS,9,"[(-100, 100)]",10,1000,100,F212017,1276.958955141118,27.2812237739563
Sobol,9,"[(-100, 100)]",10,1000,100,F212017,2215.6010818576283,2.392592191696167
Sobol,9,"[(-100, 100)]",100,1000,100,F202017,36731.8636735604,25.98539710044861
HDS,9,"[(-100, 100)]",30,1000,100,F212017,2295.469144086936,28.040360927581787
Sobol,9,"[(-100, 100)]",100,1000,100,F182017,988490743.2424442,98.77283096313477
HDS,9,"[(-100, 100)]",10,1000,100,F22017,202.02902998293672,15.964558124542236
HDS,9,"[(-100, 100)]",30,1000,100,F22017,21563.998003230336,15.101698875427246
HDS,9,"[(-100, 100)]",50,1000,100,F212017,2468.8569599166394,29.99482488632202
HDS,9,"[(-100, 100)]",100,1000,100,F212017,3415.0540516798856,31.67300820350647
Sobol,9,"[(-100, 100)]",10,1000,100,F22017,201.9316018608441,15.502823114395142
Sobol,9,"[(-100, 100)]",30,1000,100,F212017,2312.0641573902244,27.973162174224854
Sobol,9,"[(-100, 100)]",30,1000,100,F22017,21394.038763640187,14.714746236801147
HDS,9,"[(-100, 100)]",50,1000,100,F22017,64794.25714908239,15.25620985031128
HDS,9,"[(-100, 100)]",10,1000,100,F222017,2354.9168600469834,11.733727931976318
HDS,9,"[(-100, 100)]",100,1000,100,F22017,261455.64795752967,16.483922958374023
Sobol,9,"[(-100, 100)]",50,1000,100,F212017,2507.316654983488,29.87501692771912
Sobol,9,"[(-100, 100)]",10,1000,100,F222017,2349.0412347195856,9.855502843856812
Sobol,9,"[(-100, 100)]",50,1000,100,F22017,95303.69856847514,15.565047025680542
Sobol,9,"[(-100, 100)]",100,1000,100,F212017,2900.1442332094684,31.406561851501465
Sobol,9,"[(-100, 100)]",100,1000,100,F22017,280514.69517421944,16.451061964035034
HDS,9,"[(-100, 100)]",10,1000,100,F232017,2552.4677661231044,9.270928144454956
Sobol,9,"[(-100, 100)]",10,1000,100,F232017,2537.4993438467645,9.110454082489014
HDS,9,"[(-100, 100)]",30,1000,100,F222017,3285.5530691917647,31.8918879032135
HDS,9,"[(-100, 100)]",50,1000,100,F222017,4662.806386903445,33.10370993614197
HDS,9,"[(-100, 100)]",30,1000,100,F232017,3269.71311734093,26.90882396697998
HDS,9,"[(-100, 100)]",100,1000,100,F222017,39797.790037601946,35.597540855407715
HDS,9,"[(-100, 100)]",100,1000,100,F192017,5100.741907163608,213.07871198654172
HDS,9,"[(-100, 100)]",50,1000,100,F232017,4700.486368347516,27.764808893203732
Sobol,9,"[(-100, 100)]",50,1000,100,F192017,3024.3390271037224,121.5055890083313
Sobol,9,"[(-100, 100)]",30,1000,100,F232017,2639.7610089998984,25.15169620513916
Sobol,9,"[(-100, 100)]",30,1000,100,F222017,3559.2277082749106,31.903139114379883
Sobol,9,"[(-100, 100)]",50,1000,100,F222017,11158.479060792652,31.85369610786438
HDS,9,"[(-100, 100)]",10,1000,100,F242017,2883.5990046880747,9.404787063598633
Sobol,9,"[(-100, 100)]",100,1000,100,F222017,37449.00656288367,34.04957675933838
Sobol,9,"[(-100, 100)]",50,1000,100,F232017,6516.689300532919,26.72661304473877
HDS,9,"[(-100, 100)]",100,1000,100,F232017,50127.18670837093,29.474200963974
Sobol,9,"[(-100, 100)]",10,1000,100,F242017,2890.275186732405,12.350022077560425
HDS,9,"[(-100, 100)]",30,1000,100,F242017,2866.2083390980383,22.29317092895508
Sobol,9,"[(-100, 100)]",100,1000,100,F162017,2751390688920.3457,212.59466290473935
HDS,9,"[(-100, 100)]",50,1000,100,F242017,4069.435564558008,28.94303011894226
HDS,9,"[(-100, 100)]",10,1000,100,F252017,2502.5656764973032,28.04325795173645
HDS,9,"[(-100, 100)]",100,1000,100,F242017,7338.183485112645,31.7060809135437
Sobol,9,"[(-100, 100)]",100,1000,100,F232017,38408.00807769995,28.193665027618408
Sobol,9,"[(-100, 100)]",30,1000,100,F242017,2880.3910752230304,27.676548957824707
Sobol,9,"[(-100, 100)]",10,1000,100,F252017,2975.146067935702,11.85870623588562
Sobol,9,"[(-100, 100)]",50,1000,100,F242017,3972.9655434835713,28.44212293624878
HDS,9,"[(-100, 100)]",10,1000,100,F262017,2981.222301894557,15.163055181503296
Sobol,9,"[(-100, 100)]",100,1000,100,F242017,8236.181908098362,30.14940881729126
HDS,9,"[(-100, 100)]",30,1000,100,F252017,3394.957968116545,74.16482591629028
Sobol,9,"[(-100, 100)]",10,1000,100,F262017,2405.8635381743657,47.862854957580566
HDS,9,"[(-100, 100)]",10,1000,100,F272017,2859.5201303439258,9.247663736343384
HDS,9,"[(-100, 100)]",50,1000,100,F252017,5769.9987695774025,100.4988570213318
HDS,9,"[(-100, 100)]",30,1000,100,F262017,3230.7615206060827,75.96537017822266
Sobol,9,"[(-100, 100)]",10,1000,100,F272017,2850.4279315696517,10.969157934188845
Sobol,9,"[(-100, 100)]",30,1000,100,F252017,3379.241820026002,69.19962406158447
HDS,9,"[(-100, 100)]",50,1000,100,F262017,3623.330354456736,103.37559413909912
Sobol,9,"[(-100, 100)]",100,1000,100,F192017,4521.983947498939,209.830904006958
Sobol,9,"[(-100, 100)]",30,1000,100,F262017,3211.2067652655783,68.00325298309326
HDS,9,"[(-100, 100)]",30,1000,100,F272017,2928.854446461652,70.96245670318604
HDS,9,"[(-100, 100)]",100,1000,100,F252017,15700.312228404337,170.92945194244385
Sobol,9,"[(-100, 100)]",50,1000,100,F252017,4480.910202949457,101.32401990890504
HDS,9,"[(-100, 100)]",100,1000,100,F262017,5721.623679804101,172.3727297782898
Sobol,9,"[(-100, 100)]",30,1000,100,F272017,2890.9534313565537,45.85752177238464
HDS,9,"[(-100, 100)]",50,1000,100,F272017,3285.247815852588,97.83603596687315
HDS,9,"[(-100, 100)]",10,1000,100,F282017,4076.855841064075,65.41488003730774
Sobol,9,"[(-100, 100)]",50,1000,100,F262017,3677.179495558489,103.3401050567627
Sobol,9,"[(-100, 100)]",10,1000,100,F282017,4005.606002055221,64.65619421005249
HDS,9,"[(-100, 100)]",30,1000,100,F282017,96516228.10503653,108.6248860359192
HDS,9,"[(-100, 100)]",100,1000,100,F272017,4808.864748634208,166.81271481513977
Sobol,9,"[(-100, 100)]",50,1000,100,F272017,3291.851054212444,96.96370911598206
HDS,9,"[(-100, 100)]",10,1000,100,F292017,,46.78425693511963
Sobol,9,"[(-100, 100)]",100,1000,100,F252017,19655.50744193718,166.9789171218872
HDS,9,"[(-100, 100)]",50,1000,100,F282017,815861104.6865325,151.43756985664368
Sobol,9,"[(-100, 100)]",100,1000,100,F262017,5508.248447131975,169.40965104103088
HDS,9,"[(-100, 100)]",30,1000,100,F292017,1421224.060639297,60.46026301383972
Sobol,9,"[(-100, 100)]",10,1000,100,F292017,,45.01348209381104
HDS,9,"[(-100, 100)]",10,1000,100,F32017,308.8027741270211,7.767175912857056
Sobol,9,"[(-100, 100)]",10,1000,100,F32017,309.0912841658823,4.504002094268799
Sobol,9,"[(-100, 100)]",30,1000,100,F282017,42702317.33198428,106.67347502708436
HDS,9,"[(-100, 100)]",30,1000,100,F32017,392.03017686843725,15.079916000366213
HDS,9,"[(-100, 100)]",50,1000,100,F32017,1341.8625451321177,15.146445751190186
HDS,9,"[(-100, 100)]",50,1000,100,F292017,1184698356.864776,76.79619908332825
Sobol,9,"[(-100, 100)]",30,1000,100,F32017,437.7428573546,14.799620151519775
Sobol,9,"[(-100, 100)]",50,1000,100,F32017,1233.48494335201,14.832200050354004
HDS,9,"[(-100, 100)]",100,1000,100,F32017,4502.373903664542,16.471440076828003
Sobol,9,"[(-100, 100)]",30,1000,100,F292017,10834989.889099902,61.1396107673645
HDS,9,"[(-100, 100)]",10,1000,100,F42017,432.1076130460838,14.816198110580444
Sobol,9,"[(-100, 100)]",100,1000,100,F32017,5437.445573913971,15.901347160339355
HDS,9,"[(-100, 100)]",30,1000,100,F42017,701.4287044436912,15.0813729763031
Sobol,9,"[(-100, 100)]",10,1000,100,F42017,426.4291615597715,13.848408937454224
Sobol,9,"[(-100, 100)]",30,1000,100,F42017,780.7634272374542,13.954903841018677
HDS,9,"[(-100, 100)]",10,1000,100,F52017,500.0059557760442,0.3647899627685547
Sobol,9,"[(-100, 100)]",10,1000,100,F52017,500.00400919427256,0.1788368225097656
HDS,9,"[(-100, 100)]",50,1000,100,F42017,2887.8315441627474,14.615596055984495
HDS,9,"[(-100, 100)]",30,1000,100,F52017,500.0348744100047,0.636613130569458
Sobol,9,"[(-100, 100)]",30,1000,100,F52017,500.0568203146818,0.2861721515655517
HDS,9,"[(-100, 100)]",50,1000,100,F52017,500.0688068946879,0.8807449340820312
Sobol,9,"[(-100, 100)]",50,1000,100,F52017,500.086132622202,0.4146769046783447
HDS,9,"[(-100, 100)]",100,1000,100,F52017,500.10349043547257,1.899251937866211
HDS,9,"[(-100, 100)]",100,1000,100,F42017,61567.75529020149,15.666879177093506
Sobol,9,"[(-100, 100)]",100,1000,100,F52017,500.1284426144829,0.674522876739502
Sobol,9,"[(-100, 100)]",100,1000,100,F272017,4135.612336219944,161.56861424446106
HDS,9,"[(-100, 100)]",100,1000,100,F282017,8353257502.305308,253.4346349239349
Sobol,9,"[(-100, 100)]",50,1000,100,F42017,2836.9581930057284,14.422002792358398
Sobol,9,"[(-100, 100)]",100,1000,100,F42017,35143.2745953501,14.749269962310793
HDS,9,"[(-100, 100)]",100,1000,100,F292017,2341558983.8672686,115.05676984786987
HDS,9,"[(-100, 100)]",10,1000,100,F62017,644.7644973742651,16.025018215179443
HDS,9,"[(-100, 100)]",30,1000,100,F62017,3273.021735405775,16.61328101158142
Sobol,9,"[(-100, 100)]",50,1000,100,F292017,1351221115.831128,75.57961702346802
HDS,9,"[(-100, 100)]",50,1000,100,F62017,105276.39951237426,16.733359813690186
Sobol,9,"[(-100, 100)]",10,1000,100,F62017,643.0122803095107,15.820840835571287
HDS,9,"[(-100, 100)]",100,1000,100,F62017,597119.0482623796,17.896772146224976
Sobol,9,"[(-100, 100)]",30,1000,100,F62017,7766.300652149973,16.591438055038452
Sobol,9,"[(-100, 100)]",50,1000,100,F282017,801536685.3329973,148.50683903694153
HDS,9,"[(-100, 100)]",10,1000,100,F72017,741.6658825249381,19.65629291534424
Sobol,9,"[(-100, 100)]",50,1000,100,F62017,25067.037026553644,15.716639041900637
HDS,9,"[(-100, 100)]",10,1000,100,F82017,802.8308099944921,0.862760066986084
Sobol,9,"[(-100, 100)]",10,1000,100,F82017,801.1608517737758,0.8317029476165771
HDS,9,"[(-100, 100)]",30,1000,100,F82017,810.4763422917999,4.047471046447754
Sobol,9,"[(-100, 100)]",100,1000,100,F62017,1575334.9125401534,16.58054780960083
HDS,9,"[(-100, 100)]",30,1000,100,F72017,1173.0121314115936,20.27036499977112
Sobol,9,"[(-100, 100)]",30,1000,100,F82017,810.672943820033,5.323531866073608
HDS,9,"[(-100, 100)]",50,1000,100,F72017,1640.1709476757949,20.89114499092102
HDS,9,"[(-100, 100)]",100,1000,100,F72017,3102.145668207538,23.3138439655304
HDS,9,"[(-100, 100)]",50,1000,100,F82017,815.1113390756658,11.301209926605225
Sobol,9,"[(-100, 100)]",10,1000,100,F72017,732.7506222161269,20.448779106140137
HDS,9,"[(-100, 100)]",100,1000,100,F82017,901.5168844320264,18.190099000930783
Sobol,9,"[(-100, 100)]",30,1000,100,F72017,1152.476284654947,19.57874011993408
Sobol,9,"[(-100, 100)]",50,1000,100,F82017,820.5934330740068,13.648305892944336
Sobol,9,"[(-100, 100)]",50,1000,100,F72017,1734.746853758867,19.96201109886169
Sobol,9,"[(-100, 100)]",100,1000,100,F72017,3040.4913143032286,21.881563901901245
HDS,9,"[(-100, 100)]",10,1000,100,F92017,-515.6305165476515,20.263707876205444
Sobol,9,"[(-100, 100)]",100,1000,100,F82017,916.7538822560854,17.202906131744385
HDS,9,"[(-100, 100)]",30,1000,100,F92017,3895.686624580207,20.465139865875244
HDS,9,"[(-100, 100)]",50,1000,100,F92017,8989.845995970578,20.685473918914795
HDS,9,"[(-100, 100)]",100,1000,100,F92017,23457.50641948107,22.487359046936035
HDS,10,"[(-100, 100)]",10,1000,100,F102017,1079.0099758172091,18.09118413925171
Sobol,9,"[(-100, 100)]",10,1000,100,F92017,-681.9703613409629,19.753329038619995
HDS,10,"[(-100, 100)]",30,1000,100,F102017,98516.77844056474,16.8443546295166
Sobol,9,"[(-100, 100)]",30,1000,100,F92017,3252.207064156715,19.80022692680359
Sobol,9,"[(-100, 100)]",50,1000,100,F92017,9586.159754751814,20.59385871887207
Sobol,10,"[(-100, 100)]",10,1000,100,F102017,1034.85848124062,18.36690616607666
Sobol,9,"[(-100, 100)]",100,1000,100,F92017,24431.216352500847,21.49867010116577
HDS,10,"[(-100, 100)]",50,1000,100,F102017,183043.88210053288,18.73245072364807
Sobol,10,"[(-100, 100)]",30,1000,100,F102017,82458.21821797237,17.435453176498413
Sobol,9,"[(-100, 100)]",100,1000,100,F292017,4427384297.614472,113.85058999061584
HDS,10,"[(-100, 100)]",100,1000,100,F102017,1415070.8927773605,19.08056902885437
HDS,10,"[(-100, 100)]",10,1000,100,F112017,191545.56692191,21.08742499351501
Sobol,10,"[(-100, 100)]",50,1000,100,F102017,374107.54536623415,17.803488969802856
HDS,10,"[(-100, 100)]",30,1000,100,F112017,34259901.07177372,22.351921796798703
HDS,10,"[(-100, 100)]",50,1000,100,F112017,131684091.72577626,21.63308596611023
HDS,10,"[(-100, 100)]",10,1000,100,F12017,9518.539860047167,14.44815182685852
HDS,10,"[(-100, 100)]",100,1000,100,F112017,5041355793.428055,23.033442974090576
Sobol,10,"[(-100, 100)]",100,1000,100,F102017,1678625.0789637696,17.624731302261353
HDS,10,"[(-100, 100)]",30,1000,100,F12017,15273970.194196714,15.10844612121582
Sobol,10,"[(-100, 100)]",10,1000,100,F112017,136727.8613551657,21.24121999740601
Sobol,10,"[(-100, 100)]",10,1000,100,F12017,99207.54250029518,14.679584980010986
Sobol,10,"[(-100, 100)]",30,1000,100,F112017,47188320.532960296,22.35723614692688
HDS,10,"[(-100, 100)]",50,1000,100,F12017,2015074970.303712,14.240839004516602
Sobol,10,"[(-100, 100)]",50,1000,100,F112017,291406914.4174222,21.839136600494385
Sobol,10,"[(-100, 100)]",100,1000,100,F112017,5510222807.8655,22.15358710289001
Sobol,10,"[(-100, 100)]",30,1000,100,F12017,33131269.85714676,14.7585551738739
HDS,10,"[(-100, 100)]",100,1000,100,F12017,26832843468.571224,15.143132209777832
Sobol,10,"[(-100, 100)]",50,1000,100,F12017,1483669869.106413,13.340864181518556
HDS,10,"[(-100, 100)]",10,1000,100,F122017,2406.5312983599006,18.495055675506592
HDS,10,"[(-100, 100)]",30,1000,100,F122017,441424.9926932905,18.89548230171204
HDS,10,"[(-100, 100)]",50,1000,100,F122017,12688176.865003873,18.75892925262451
Sobol,10,"[(-100, 100)]",100,1000,100,F12017,41916575721.95878,13.72097897529602
HDS,10,"[(-100, 100)]",10,1000,100,F132017,1416.1779765958331,18.573525190353397
HDS,10,"[(-100, 100)]",100,1000,100,F122017,9373925554.145391,19.18618106842041
HDS,10,"[(-100, 100)]",30,1000,100,F132017,188122.38955876644,18.95114588737488
Sobol,10,"[(-100, 100)]",10,1000,100,F122017,1316.747032535127,18.39414095878601
Sobol,10,"[(-100, 100)]",30,1000,100,F122017,333615.85418834066,18.21818494796753
Sobol,10,"[(-100, 100)]",50,1000,100,F122017,9260178.073261471,18.29604482650757
Sobol,10,"[(-100, 100)]",10,1000,100,F132017,1382.437587556468,18.305970907211304
Sobol,10,"[(-100, 100)]",100,1000,100,F122017,4819339467.295429,18.15755796432495
HDS,10,"[(-100, 100)]",50,1000,100,F132017,3900011.635271576,20.764051914215088
Sobol,10,"[(-100, 100)]",30,1000,100,F132017,415565.07345325366,19.166146993637085
HDS,10,"[(-100, 100)]",10,1000,100,F142017,1604.6466959314637,18.939289093017575
HDS,10,"[(-100, 100)]",30,1000,100,F142017,156825.81288538713,19.83068013191223
HDS,10,"[(-100, 100)]",100,1000,100,F132017,23160986.07519135,26.510722160339355
HDS,10,"[(-100, 100)]",50,1000,100,F142017,11099082.656599704,20.585389137268063
HDS,10,"[(-100, 100)]",100,1000,100,F142017,2208717902.9195504,20.776559114456177
Sobol,10,"[(-100, 100)]",50,1000,100,F132017,1278593.754543072,21.416347980499268
HDS,10,"[(-100, 100)]",10,1000,100,F152017,1337.7659324678327,15.589466333389282
Sobol,10,"[(-100, 100)]",10,1000,100,F142017,1569.4595886009938,19.43967199325561
Sobol,10,"[(-100, 100)]",30,1000,100,F142017,572539.8499237113,18.857584953308105
Sobol,10,"[(-100, 100)]",100,1000,100,F142017,411185257.80871975,19.05389094352722
Sobol,10,"[(-100, 100)]",50,1000,100,F142017,73238933.09272537,19.745718002319336
Sobol,10,"[(-100, 100)]",100,1000,100,F132017,24375191.14474148,24.99803066253662
Sobol,10,"[(-100, 100)]",10,1000,100,F152017,1337.953454080994,21.46144700050354
Sobol,9,"[(-100, 100)]",100,1000,100,F282017,3346034003.078593,249.9617500305176
HDS,10,"[(-100, 100)]",30,1000,100,F152017,1854.9687080958352,31.47492408752441
HDS,10,"[(-100, 100)]",50,1000,100,F152017,11400.618042036733,37.4193639755249
HDS,10,"[(-100, 100)]",10,1000,100,F172017,,20.523162841796875
HDS,10,"[(-100, 100)]",10,1000,100,F162017,1481.6368101710634,42.85168099403381
HDS,10,"[(-100, 100)]",100,1000,100,F152017,449280.9368554026,51.0791130065918
Sobol,10,"[(-100, 100)]",30,1000,100,F152017,1531.26537523512,30.996052026748657
Sobol,10,"[(-100, 100)]",10,1000,100,F172017,,19.721450090408325
HDS,10,"[(-100, 100)]",30,1000,100,F172017,144382.83389700484,19.823957920074463
Sobol,10,"[(-100, 100)]",50,1000,100,F152017,20505.35689268679,36.94937801361084
HDS,10,"[(-100, 100)]",50,1000,100,F172017,1424860.056872957,20.365824937820435
HDS,10,"[(-100, 100)]",30,1000,100,F162017,135141.41597586134,77.78398180007935
Sobol,10,"[(-100, 100)]",30,1000,100,F172017,68832.93463350974,19.274064779281616
Sobol,10,"[(-100, 100)]",10,1000,100,F162017,1488.8143038657606,42.03726506233215
HDS,10,"[(-100, 100)]",100,1000,100,F172017,19934781.7044912,21.885113954544067
Sobol,10,"[(-100, 100)]",50,1000,100,F172017,1157966.6627078727,19.62433099746704
Sobol,10,"[(-100, 100)]",100,1000,100,F152017,1200802.6641214208,49.27954411506653
HDS,10,"[(-100, 100)]",10,1000,100,F182017,1809.9248081184044,20.78850293159485
Sobol,10,"[(-100, 100)]",100,1000,100,F172017,18126923.452290453,21.587610960006717
HDS,10,"[(-100, 100)]",50,1000,100,F162017,792664018.522022,112.2563178539276
Sobol,10,"[(-100, 100)]",10,1000,100,F182017,1809.908632997264,19.214425802230835
HDS,10,"[(-100, 100)]",30,1000,100,F182017,940405.2233777952,43.74218916893005
HDS,10,"[(-100, 100)]",50,1000,100,F182017,8230802.518987086,58.76696705818176
HDS,10,"[(-100, 100)]",10,1000,100,F192017,1845.6477359483392,42.75106406211853
Sobol,10,"[(-100, 100)]",30,1000,100,F162017,134541.6077542222,77.33126306533813
Sobol,10,"[(-100, 100)]",30,1000,100,F182017,407714.7001839598,43.85936117172241
HDS,10,"[(-100, 100)]",100,1000,100,F182017,2179155190.9450088,97.28502488136292
Sobol,10,"[(-100, 100)]",10,1000,100,F192017,1851.171519334493,44.07292294502258
HDS,10,"[(-100, 100)]",30,1000,100,F192017,3521.410479190321,78.80873489379883
HDS,10,"[(-100, 100)]",10,1000,100,F202017,2126.963077149051,9.339379072189333
HDS,10,"[(-100, 100)]",100,1000,100,F162017,129572976690.23544,200.74849390983584
Sobol,10,"[(-100, 100)]",50,1000,100,F182017,7002120.189260862,59.60022711753845
Sobol,10,"[(-100, 100)]",10,1000,100,F202017,2128.899244036792,7.230125188827515
Sobol,10,"[(-100, 100)]",50,1000,100,F162017,334314488.56359106,111.7542610168457
HDS,10,"[(-100, 100)]",30,1000,100,F202017,2318.3800816632797,22.210211992263797
HDS,10,"[(-100, 100)]",50,1000,100,F202017,4167.160666673859,23.36919093132019
HDS,10,"[(-100, 100)]",100,1000,100,F202017,41550.58198932538,24.64228892326355
Sobol,10,"[(-100, 100)]",30,1000,100,F202017,2541.6083456134447,22.134003162384037
HDS,10,"[(-100, 100)]",10,1000,100,F212017,2212.971533194848,2.972332000732422
Sobol,10,"[(-100, 100)]",50,1000,100,F202017,3825.7377425742543,23.248026132583615
Sobol,10,"[(-100, 100)]",10,1000,100,F212017,2213.691240378721,3.027324914932251
HDS,10,"[(-100, 100)]",50,1000,100,F192017,2679.8374334297446,114.49600791931152
Sobol,10,"[(-100, 100)]",100,1000,100,F202017,25154.04265698489,24.68801474571228
Sobol,10,"[(-100, 100)]",30,1000,100,F192017,2839.050387931696,77.59887313842773
Sobol,10,"[(-100, 100)]",100,1000,100,F182017,312804218.5393712,95.36380195617676
HDS,10,"[(-100, 100)]",30,1000,100,F212017,2356.278616963486,27.756972789764404
HDS,10,"[(-100, 100)]",50,1000,100,F212017,2470.8630379952083,28.65220880508423
HDS,10,"[(-100, 100)]",10,1000,100,F22017,200.63434847933064,13.161518812179564
HDS,10,"[(-100, 100)]",30,1000,100,F22017,19216.200879847547,14.916336059570312
HDS,10,"[(-100, 100)]",100,1000,100,F212017,3186.8442706203814,30.49793791770935
Sobol,10,"[(-100, 100)]",10,1000,100,F22017,205.4818685288944,13.776083946228027
Sobol,10,"[(-100, 100)]",30,1000,100,F212017,2286.3808897884696,27.01013326644897
Sobol,10,"[(-100, 100)]",50,1000,100,F212017,2502.882605832452,27.696067094802856
Sobol,10,"[(-100, 100)]",30,1000,100,F22017,20769.42164584492,15.090514898300173
HDS,10,"[(-100, 100)]",50,1000,100,F22017,72542.73617560806,15.258028745651243
HDS,10,"[(-100, 100)]",10,1000,100,F222017,2356.132660454199,11.542365074157717
HDS,10,"[(-100, 100)]",100,1000,100,F22017,288150.3259651486,15.874713897705078
Sobol,10,"[(-100, 100)]",100,1000,100,F212017,3296.698500766854,29.6331160068512
Sobol,10,"[(-100, 100)]",50,1000,100,F22017,63621.53800960153,14.014115810394289
Sobol,10,"[(-100, 100)]",10,1000,100,F222017,2357.833984475876,11.245095014572144
Sobol,10,"[(-100, 100)]",100,1000,100,F22017,267861.8415578313,15.127032041549684
HDS,10,"[(-100, 100)]",30,1000,100,F222017,2716.6920438386064,30.11908316612244
HDS,10,"[(-100, 100)]",10,1000,100,F232017,2443.6719766385745,10.000725984573364
Sobol,10,"[(-100, 100)]",10,1000,100,F232017,2548.0386095304625,10.058313846588137
HDS,10,"[(-100, 100)]",50,1000,100,F222017,4727.046753296148,31.34231185913086
HDS,10,"[(-100, 100)]",30,1000,100,F232017,2839.383045780653,24.8789701461792
HDS,10,"[(-100, 100)]",100,1000,100,F222017,32605.930631474475,33.636690855026245
Sobol,10,"[(-100, 100)]",30,1000,100,F222017,3616.817929115565,28.91995501518249
HDS,10,"[(-100, 100)]",100,1000,100,F192017,3834.629278656925,204.2387311458588
Sobol,10,"[(-100, 100)]",50,1000,100,F192017,2662.139485996216,115.403883934021
HDS,10,"[(-100, 100)]",50,1000,100,F232017,4904.154813298173,26.22456908226013
Sobol,10,"[(-100, 100)]",30,1000,100,F232017,2908.1868959485973,25.37632369995117
HDS,10,"[(-100, 100)]",10,1000,100,F242017,2886.137989126397,10.413187742233276
Sobol,10,"[(-100, 100)]",50,1000,100,F222017,4581.937508201906,31.62813806533813
Sobol,10,"[(-100, 100)]",100,1000,100,F222017,27677.646019500826,32.825287103652954
HDS,10,"[(-100, 100)]",100,1000,100,F232017,54006.06759279525,29.10371994972229
Sobol,10,"[(-100, 100)]",10,1000,100,F242017,2888.561840611983,11.081270694732666
Sobol,10,"[(-100, 100)]",100,1000,100,F162017,669933164921.2249,201.66036009788516
Sobol,10,"[(-100, 100)]",50,1000,100,F232017,3642.6668148726512,25.719391107559204
HDS,10,"[(-100, 100)]",30,1000,100,F242017,2877.267805912839,24.08424496650696
HDS,10,"[(-100, 100)]",10,1000,100,F252017,2978.3921725600094,15.89434003829956
HDS,10,"[(-100, 100)]",50,1000,100,F242017,4296.589369571917,27.48731780052185
Sobol,10,"[(-100, 100)]",100,1000,100,F232017,41402.21380884373,26.641972064971924
HDS,10,"[(-100, 100)]",100,1000,100,F242017,6919.873059802403,30.111093282699585
Sobol,10,"[(-100, 100)]",10,1000,100,F252017,2970.6727882246246,11.510918140411375
Sobol,10,"[(-100, 100)]",30,1000,100,F242017,2879.2370529586897,22.69618582725525
HDS,10,"[(-100, 100)]",10,1000,100,F262017,2956.381537243385,18.90378308296204
Sobol,10,"[(-100, 100)]",50,1000,100,F242017,4469.256577413675,27.91482377052307
Sobol,10,"[(-100, 100)]",100,1000,100,F242017,6720.288945024142,29.493895769119263
HDS,10,"[(-100, 100)]",30,1000,100,F252017,3367.2081967003373,71.8799569606781
Sobol,10,"[(-100, 100)]",10,1000,100,F262017,2609.121928139942,35.1418023109436
HDS,10,"[(-100, 100)]",10,1000,100,F272017,2823.591399285756,10.154356002807615
Sobol,10,"[(-100, 100)]",10,1000,100,F272017,2829.3845637131417,9.710898160934448
HDS,10,"[(-100, 100)]",50,1000,100,F252017,4775.586964899572,100.19951581954956
HDS,10,"[(-100, 100)]",30,1000,100,F262017,3216.769026285272,74.51067805290222
Sobol,10,"[(-100, 100)]",30,1000,100,F252017,3376.2549814512304,69.01689004898071
HDS,10,"[(-100, 100)]",50,1000,100,F262017,3722.490781292224,101.31706309318542
HDS,10,"[(-100, 100)]",30,1000,100,F272017,2889.092131309561,61.4074981212616
Sobol,10,"[(-100, 100)]",100,1000,100,F192017,5713.980290382107,204.74968910217285
Sobol,10,"[(-100, 100)]",30,1000,100,F262017,3219.7093400206,73.53719091415405
HDS,10,"[(-100, 100)]",100,1000,100,F252017,26355.793318548487,167.41390419006348
Sobol,10,"[(-100, 100)]",50,1000,100,F252017,4740.610175115435,97.9303102493286
HDS,10,"[(-100, 100)]",100,1000,100,F262017,5050.992073999492,166.25435209274292
Sobol,10,"[(-100, 100)]",30,1000,100,F272017,2913.9919628469825,68.65128898620605
HDS,10,"[(-100, 100)]",50,1000,100,F272017,3062.8845515232965,96.10374712944032
HDS,10,"[(-100, 100)]",10,1000,100,F282017,4195.385543928511,64.60710191726685
Sobol,10,"[(-100, 100)]",50,1000,100,F262017,3743.745576435042,100.47254300117493
HDS,10,"[(-100, 100)]",30,1000,100,F282017,17620162.040363215,108.16195034980774
Sobol,10,"[(-100, 100)]",10,1000,100,F282017,4230.4817072958895,64.90200090408325
Sobol,10,"[(-100, 100)]",50,1000,100,F272017,3259.8680794370493,94.95638012886047
HDS,10,"[(-100, 100)]",100,1000,100,F272017,4540.414830551779,162.50706481933594
Sobol,10,"[(-100, 100)]",100,1000,100,F252017,21230.055564942628,165.1048707962036
HDS,10,"[(-100, 100)]",10,1000,100,F292017,,46.09103512763977
HDS,10,"[(-100, 100)]",50,1000,100,F282017,257768707.4596573,146.51507186889648
Sobol,10,"[(-100, 100)]",100,1000,100,F262017,4938.618585961887,166.01898908615112
HDS,10,"[(-100, 100)]",30,1000,100,F292017,18465562.40153877,60.05428194999695
Sobol,10,"[(-100, 100)]",10,1000,100,F292017,,44.46838593482971
HDS,10,"[(-100, 100)]",10,1000,100,F32017,302.9475764983009,7.300297021865845
Sobol,10,"[(-100, 100)]",30,1000,100,F282017,24208863.904762965,105.44533586502077
Sobol,10,"[(-100, 100)]",10,1000,100,F32017,310.1396941249612,6.610267877578735
HDS,10,"[(-100, 100)]",30,1000,100,F32017,356.6011844048402,15.04005002975464
HDS,10,"[(-100, 100)]",50,1000,100,F32017,1172.3474087634067,15.116685152053831
HDS,10,"[(-100, 100)]",50,1000,100,F292017,838515617.1837963,75.87651014328003
Sobol,10,"[(-100, 100)]",30,1000,100,F32017,365.7962393403565,14.783774852752686
Sobol,10,"[(-100, 100)]",50,1000,100,F32017,1048.6646738742909,15.14147686958313
Sobol,10,"[(-100, 100)]",30,1000,100,F292017,38925373.01590414,59.32661485671997
HDS,10,"[(-100, 100)]",10,1000,100,F42017,434.9833198727721,14.885962009429932
HDS,10,"[(-100, 100)]",100,1000,100,F32017,9903.20990532661,17.195581912994385
HDS,10,"[(-100, 100)]",30,1000,100,F42017,723.815456699634,15.20429229736328
Sobol,10,"[(-100, 100)]",10,1000,100,F42017,429.3262832993312,14.396721839904783
Sobol,10,"[(-100, 100)]",100,1000,100,F32017,7238.1887727486,15.957019090652466
Sobol,10,"[(-100, 100)]",30,1000,100,F42017,771.4284495140057,14.372339963912964
HDS,10,"[(-100, 100)]",10,1000,100,F52017,500.0057815614587,0.3638930320739746
Sobol,10,"[(-100, 100)]",10,1000,100,F52017,500.0070877594646,0.1968851089477539
HDS,10,"[(-100, 100)]",30,1000,100,F52017,500.0322482519173,0.5980739593505859
Sobol,10,"[(-100, 100)]",30,1000,100,F52017,500.070423901335,0.2955567836761474
HDS,10,"[(-100, 100)]",50,1000,100,F52017,500.0586652916996,0.9297752380371094
Sobol,10,"[(-100, 100)]",50,1000,100,F52017,500.06675253536,0.4411728382110595
HDS,10,"[(-100, 100)]",100,1000,100,F52017,500.1049871061111,2.159794807434082
Sobol,10,"[(-100, 100)]",100,1000,100,F52017,500.1289769366262,0.6780078411102295
HDS,10,"[(-100, 100)]",50,1000,100,F42017,2128.442352137309,15.237848997116089
HDS,10,"[(-100, 100)]",100,1000,100,F42017,22538.041030966808,16.57447099685669
Sobol,10,"[(-100, 100)]",100,1000,100,F272017,4433.746885252722,159.4767119884491
HDS,10,"[(-100, 100)]",100,1000,100,F282017,15373023483.32566,249.06546688079837
HDS,10,"[(-100, 100)]",100,1000,100,F292017,6721994331.523381,114.98726201057434
HDS,10,"[(-100, 100)]",10,1000,100,F62017,639.5366286562297,16.5794198513031
Sobol,10,"[(-100, 100)]",50,1000,100,F42017,1259.646507331311,15.066076040267944
Sobol,10,"[(-100, 100)]",50,1000,100,F292017,1066747958.6071612,77.88267397880554
Sobol,10,"[(-100, 100)]",100,1000,100,F42017,34281.9014822266,15.576544046401978
HDS,10,"[(-100, 100)]",30,1000,100,F62017,2322.41583116175,16.87577199935913
Sobol,10,"[(-100, 100)]",10,1000,100,F62017,632.0645704156557,15.997799158096312
Sobol,10,"[(-100, 100)]",50,1000,100,F282017,144404675.10188347,145.7680311203003
HDS,10,"[(-100, 100)]",50,1000,100,F62017,19434.83640238152,16.683134078979492
HDS,10,"[(-100, 100)]",100,1000,100,F62017,725878.7212579164,18.520400285720825
Sobol,10,"[(-100, 100)]",30,1000,100,F62017,8513.94968982027,16.550498962402344
HDS,10,"[(-100, 100)]",10,1000,100,F72017,730.2487362128993,20.50622701644897
Sobol,10,"[(-100, 100)]",50,1000,100,F62017,89897.25531787574,16.990437984466553
HDS,10,"[(-100, 100)]",30,1000,100,F72017,1083.7210638702409,20.7598569393158
HDS,10,"[(-100, 100)]",10,1000,100,F82017,801.871201954231,1.0523748397827148
Sobol,10,"[(-100, 100)]",10,1000,100,F82017,801.9711785858198,0.6599740982055664
HDS,10,"[(-100, 100)]",50,1000,100,F72017,1661.524957957745,21.362502813339237
HDS,10,"[(-100, 100)]",30,1000,100,F82017,812.4899275932705,3.226404905319214
Sobol,10,"[(-100, 100)]",100,1000,100,F62017,1246773.1128495813,16.775833129882812
Sobol,10,"[(-100, 100)]",30,1000,100,F82017,810.0456160001627,5.629526853561401
Sobol,10,"[(-100, 100)]",10,1000,100,F72017,737.8535302251995,19.862210035324097
HDS,10,"[(-100, 100)]",100,1000,100,F72017,2934.313402354772,22.27811098098755
HDS,10,"[(-100, 100)]",50,1000,100,F82017,822.1039122629486,10.6072838306427
Sobol,10,"[(-100, 100)]",30,1000,100,F72017,1098.4398687850294,19.87391495704651
Sobol,10,"[(-100, 100)]",50,1000,100,F72017,1663.0413008091302,20.54691696166992
Sobol,10,"[(-100, 100)]",50,1000,100,F82017,812.826527921728,12.745177745819092
HDS,10,"[(-100, 100)]",100,1000,100,F82017,881.0158594987976,18.73175883293152
HDS,10,"[(-100, 100)]",10,1000,100,F92017,-515.040925207727,20.27324104309082
Sobol,10,"[(-100, 100)]",100,1000,100,F72017,3196.160381902416,21.17897868156433
HDS,10,"[(-100, 100)]",30,1000,100,F92017,3648.694307964583,21.104315042495728
Sobol,10,"[(-100, 100)]",100,1000,100,F82017,891.1461681468331,17.215662002563477
HDS,10,"[(-100, 100)]",50,1000,100,F92017,9835.962825891886,22.227658987045288
HDS,11,"[(-100, 100)]",10,1000,100,F102017,1092.777622286109,18.005725145339966
Sobol,10,"[(-100, 100)]",10,1000,100,F92017,-591.8142695532579,20.118757963180546
HDS,10,"[(-100, 100)]",100,1000,100,F92017,24007.659857488565,23.58387303352356
Sobol,10,"[(-100, 100)]",30,1000,100,F92017,2439.981728043709,20.268617868423465
HDS,11,"[(-100, 100)]",30,1000,100,F102017,60015.368360642125,17.854114055633545
Sobol,11,"[(-100, 100)]",10,1000,100,F102017,1074.5661546803865,17.095592260360718
Sobol,10,"[(-100, 100)]",50,1000,100,F92017,9512.444956941115,21.17063808441162
HDS,11,"[(-100, 100)]",50,1000,100,F102017,248404.1182052715,17.845975875854492
Sobol,10,"[(-100, 100)]",100,1000,100,F92017,23830.296224294336,21.55063486099243
Sobol,10,"[(-100, 100)]",100,1000,100,F292017,11982200446.727932,115.36662912368774
HDS,11,"[(-100, 100)]",100,1000,100,F102017,552617.8674626849,19.059134006500244
Sobol,11,"[(-100, 100)]",30,1000,100,F102017,70070.54605615836,17.223193883895874
Sobol,11,"[(-100, 100)]",50,1000,100,F102017,217424.20404521425,17.389554262161255
HDS,11,"[(-100, 100)]",10,1000,100,F112017,207836.045986555,22.00233793258667
HDS,11,"[(-100, 100)]",30,1000,100,F112017,38332588.47674388,22.579941987991333
HDS,11,"[(-100, 100)]",10,1000,100,F12017,28764.964974527706,14.186238050460815
HDS,11,"[(-100, 100)]",50,1000,100,F112017,212999041.46803185,22.721928119659424
Sobol,11,"[(-100, 100)]",100,1000,100,F102017,1243785.303610541,18.18318486213684
HDS,11,"[(-100, 100)]",30,1000,100,F12017,57811713.32311472,14.63318681716919
HDS,11,"[(-100, 100)]",100,1000,100,F112017,4387329730.553244,23.988633155822757
Sobol,11,"[(-100, 100)]",10,1000,100,F12017,17472.723276682926,14.07040786743164
Sobol,11,"[(-100, 100)]",10,1000,100,F112017,76021.41639966647,21.866924047470093
Sobol,11,"[(-100, 100)]",30,1000,100,F112017,43421099.6508923,22.255373001098636
HDS,11,"[(-100, 100)]",50,1000,100,F12017,1987276699.5130503,14.636255025863647
Sobol,11,"[(-100, 100)]",30,1000,100,F12017,9234299.75903872,14.351295948028564
Sobol,11,"[(-100, 100)]",50,1000,100,F112017,362213889.3201915,21.9420108795166
Sobol,11,"[(-100, 100)]",100,1000,100,F112017,6288986171.550785,22.47145104408264
HDS,11,"[(-100, 100)]",100,1000,100,F12017,40577028992.74448,15.305945873260498
Sobol,11,"[(-100, 100)]",50,1000,100,F12017,2590182619.5612698,13.749255895614624
HDS,11,"[(-100, 100)]",10,1000,100,F122017,2220.809304436261,18.04602789878845
HDS,11,"[(-100, 100)]",30,1000,100,F122017,1854356.3828653132,18.736628770828247
HDS,11,"[(-100, 100)]",50,1000,100,F122017,18943481.366355475,19.26786208152771
HDS,11,"[(-100, 100)]",100,1000,100,F122017,6203339057.280574,21.102328777313232
Sobol,11,"[(-100, 100)]",100,1000,100,F12017,35115563932.73074,15.316648960113524
HDS,11,"[(-100, 100)]",10,1000,100,F132017,1428.6889123168596,19.089143991470337
Sobol,11,"[(-100, 100)]",10,1000,100,F122017,1684.1671904213108,18.612600803375244
HDS,11,"[(-100, 100)]",30,1000,100,F132017,180164.01693007405,20.631514072418213
Sobol,11,"[(-100, 100)]",30,1000,100,F122017,442056.2776734012,19.244672060012817
Sobol,11,"[(-100, 100)]",50,1000,100,F122017,43658786.13319603,19.10128092765808
Sobol,11,"[(-100, 100)]",100,1000,100,F122017,4901517476.636117,18.111361980438232
HDS,11,"[(-100, 100)]",50,1000,100,F132017,2718183.1866496247,20.57062339782715
Sobol,11,"[(-100, 100)]",10,1000,100,F132017,1393.619562251039,17.658197164535522
Sobol,11,"[(-100, 100)]",30,1000,100,F132017,379349.4133289613,19.01048183441162
HDS,11,"[(-100, 100)]",10,1000,100,F142017,1784.7058405960238,18.34472131729126
HDS,11,"[(-100, 100)]",30,1000,100,F142017,385473.2135022428,18.40204787254333
HDS,11,"[(-100, 100)]",100,1000,100,F132017,37379354.88653551,24.849626779556274
HDS,11,"[(-100, 100)]",50,1000,100,F142017,5651723.248330619,18.32424688339233
HDS,11,"[(-100, 100)]",100,1000,100,F142017,101359889.0207187,19.468387126922607
Sobol,11,"[(-100, 100)]",50,1000,100,F132017,1002472.5760662452,20.42522096633911
HDS,11,"[(-100, 100)]",10,1000,100,F152017,1338.8494729984432,15.101225852966309
Sobol,11,"[(-100, 100)]",10,1000,100,F142017,1584.167022705792,17.7861008644104
Sobol,11,"[(-100, 100)]",30,1000,100,F142017,1940066.0371679396,17.931485176086426
Sobol,11,"[(-100, 100)]",50,1000,100,F142017,5802436.474576868,17.815335273742676
Sobol,11,"[(-100, 100)]",100,1000,100,F132017,28109732.935459897,23.17191195487976
Sobol,11,"[(-100, 100)]",100,1000,100,F142017,899634540.3252056,18.254194259643555
Sobol,11,"[(-100, 100)]",10,1000,100,F152017,1337.5988466632357,17.96172595024109
Sobol,10,"[(-100, 100)]",100,1000,100,F282017,11320691183.647322,250.1336569786072
HDS,11,"[(-100, 100)]",30,1000,100,F152017,2263.0426632451963,31.09343409538269
HDS,11,"[(-100, 100)]",50,1000,100,F152017,6774.223017888446,37.32565665245056
HDS,11,"[(-100, 100)]",10,1000,100,F172017,,20.66198301315308
HDS,11,"[(-100, 100)]",10,1000,100,F162017,1873.8151834382347,42.06489992141724
HDS,11,"[(-100, 100)]",100,1000,100,F152017,778424.1785748282,50.49443316459656
Sobol,11,"[(-100, 100)]",30,1000,100,F152017,3376.5893606546388,31.347336053848267
Sobol,11,"[(-100, 100)]",10,1000,100,F172017,,19.13365387916565
Sobol,11,"[(-100, 100)]",50,1000,100,F152017,13623.612844365734,36.219156980514526
HDS,11,"[(-100, 100)]",30,1000,100,F172017,154491.56927014852,20.16755986213684
HDS,11,"[(-100, 100)]",50,1000,100,F172017,1243830.3555510752,20.725834131240845
HDS,11,"[(-100, 100)]",30,1000,100,F162017,105513.38882657095,77.53742289543152
Sobol,11,"[(-100, 100)]",10,1000,100,F162017,1649.736975441605,41.3992383480072
HDS,11,"[(-100, 100)]",100,1000,100,F172017,18873561.229763992,21.71749782562256
Sobol,11,"[(-100, 100)]",30,1000,100,F172017,111884.85554486969,19.31706976890564
Sobol,11,"[(-100, 100)]",50,1000,100,F172017,1135445.0580745067,19.727615118026733
Sobol,11,"[(-100, 100)]",100,1000,100,F152017,198288.94739575515,49.22660398483277
HDS,11,"[(-100, 100)]",10,1000,100,F182017,1808.662188335045,19.97053384780884
Sobol,11,"[(-100, 100)]",100,1000,100,F172017,17778987.886512298,21.330169200897217
HDS,11,"[(-100, 100)]",50,1000,100,F162017,32619094.08867,112.85913705825806
Sobol,11,"[(-100, 100)]",10,1000,100,F182017,1809.1415981934083,18.369306087493896
HDS,11,"[(-100, 100)]",30,1000,100,F182017,235803.0520857246,44.40614724159241
HDS,11,"[(-100, 100)]",10,1000,100,F192017,1840.727778217396,42.28435301780701
HDS,11,"[(-100, 100)]",50,1000,100,F182017,3898960.930597517,61.203256130218506
Sobol,11,"[(-100, 100)]",30,1000,100,F162017,37582.397886428334,78.05397701263428
Sobol,11,"[(-100, 100)]",30,1000,100,F182017,731662.0051833236,44.00975584983826
HDS,11,"[(-100, 100)]",100,1000,100,F182017,342517204.1300052,97.61063194274902
Sobol,11,"[(-100, 100)]",10,1000,100,F192017,1849.428370978826,42.05903291702271
HDS,11,"[(-100, 100)]",30,1000,100,F192017,2467.090437086026,77.56966090202332
HDS,11,"[(-100, 100)]",10,1000,100,F202017,2129.222272251352,7.012066125869751
HDS,11,"[(-100, 100)]",100,1000,100,F162017,9601359700.361712,202.1429271697998
Sobol,11,"[(-100, 100)]",10,1000,100,F202017,2139.4888677864446,8.270523071289062
Sobol,11,"[(-100, 100)]",50,1000,100,F182017,18153594.43654228,59.79120206832886
Sobol,11,"[(-100, 100)]",50,1000,100,F162017,144997984.11580923,113.13086295127869
HDS,11,"[(-100, 100)]",30,1000,100,F202017,2330.1676702515124,23.181690216064453
HDS,11,"[(-100, 100)]",50,1000,100,F202017,3476.969091011788,23.576388120651245
Sobol,11,"[(-100, 100)]",30,1000,100,F202017,2211.9458020967104,21.26191473007202
HDS,11,"[(-100, 100)]",100,1000,100,F202017,23102.47786169356,25.675119161605835
HDS,11,"[(-100, 100)]",10,1000,100,F212017,1970.102709658747,4.922575950622559
Sobol,11,"[(-100, 100)]",50,1000,100,F202017,3966.0493408372663,22.176722288131717
Sobol,11,"[(-100, 100)]",10,1000,100,F212017,2214.8089120893246,2.766245126724243
HDS,11,"[(-100, 100)]",50,1000,100,F192017,2737.3327296757216,114.12307786941528
Sobol,11,"[(-100, 100)]",30,1000,100,F192017,3196.989266957345,77.97934317588806
Sobol,11,"[(-100, 100)]",100,1000,100,F202017,33688.5782343488,24.51430296897888
HDS,11,"[(-100, 100)]",30,1000,100,F212017,2274.071733859231,26.970639944076535
Sobol,11,"[(-100, 100)]",100,1000,100,F182017,852117077.4357089,96.4756920337677
HDS,11,"[(-100, 100)]",50,1000,100,F212017,2486.4781439242665,28.579492807388306
HDS,11,"[(-100, 100)]",10,1000,100,F22017,202.01099879033728,15.565762042999268
HDS,11,"[(-100, 100)]",30,1000,100,F22017,19099.07181692669,15.427993059158323
HDS,11,"[(-100, 100)]",100,1000,100,F212017,3027.2773342397422,30.88388609886169
Sobol,11,"[(-100, 100)]",10,1000,100,F22017,201.75828041471917,14.969183206558228
Sobol,11,"[(-100, 100)]",30,1000,100,F212017,2308.4035622379965,27.75386071205139
Sobol,11,"[(-100, 100)]",50,1000,100,F212017,2544.435296396064,29.436135053634644
Sobol,11,"[(-100, 100)]",30,1000,100,F22017,12044.015632843311,14.599735021591188
HDS,11,"[(-100, 100)]",50,1000,100,F22017,75046.47523403648,15.47016978263855
HDS,11,"[(-100, 100)]",10,1000,100,F222017,2352.407868236505,10.574870586395264
HDS,11,"[(-100, 100)]",100,1000,100,F22017,270324.2204009579,16.60201406478882
Sobol,11,"[(-100, 100)]",100,1000,100,F212017,3794.319062454568,29.92454671859741
Sobol,11,"[(-100, 100)]",10,1000,100,F222017,2361.9598072688577,11.250695943832396
Sobol,11,"[(-100, 100)]",50,1000,100,F22017,101793.79353412006,15.262008666992188
Sobol,11,"[(-100, 100)]",100,1000,100,F22017,268052.2294155748,14.488861083984377
HDS,11,"[(-100, 100)]",30,1000,100,F222017,2907.5446021076555,30.992682933807373
HDS,11,"[(-100, 100)]",10,1000,100,F232017,2549.5851721085264,12.378812789916992
Sobol,11,"[(-100, 100)]",10,1000,100,F232017,2433.438918556266,10.272523880004885
HDS,11,"[(-100, 100)]",50,1000,100,F222017,4534.790325651185,31.006269931793213
HDS,11,"[(-100, 100)]",30,1000,100,F232017,2825.9268619498603,24.78383684158325
HDS,11,"[(-100, 100)]",100,1000,100,F222017,27656.424582022188,33.13197183609009
Sobol,11,"[(-100, 100)]",30,1000,100,F222017,3445.2754567930124,29.64237904548645
HDS,11,"[(-100, 100)]",100,1000,100,F192017,3512.3451402662986,206.18774604797363
Sobol,11,"[(-100, 100)]",50,1000,100,F192017,2453.8966779981806,114.42847895622252
HDS,11,"[(-100, 100)]",50,1000,100,F232017,6046.38242765153,27.37425112724304
HDS,11,"[(-100, 100)]",10,1000,100,F242017,2884.6459137844176,9.589417934417725
Sobol,11,"[(-100, 100)]",30,1000,100,F232017,3023.9004475204283,25.51852917671204
Sobol,11,"[(-100, 100)]",50,1000,100,F222017,11582.683439362963,31.935060024261475
Sobol,11,"[(-100, 100)]",10,1000,100,F242017,2912.764676640614,8.914768934249878
Sobol,11,"[(-100, 100)]",100,1000,100,F222017,38174.29174315117,32.80657601356506
Sobol,11,"[(-100, 100)]",100,1000,100,F162017,667996242007.4167,200.65162110328677
HDS,11,"[(-100, 100)]",100,1000,100,F232017,48162.27773087183,28.93811297416687
Sobol,11,"[(-100, 100)]",50,1000,100,F232017,7343.366624751882,25.98935604095459
HDS,11,"[(-100, 100)]",30,1000,100,F242017,2880.77457134674,26.8514256477356
HDS,11,"[(-100, 100)]",10,1000,100,F252017,2969.3396139999923,16.212287187576294
HDS,11,"[(-100, 100)]",50,1000,100,F242017,4082.110426994938,28.640183925628666
HDS,11,"[(-100, 100)]",100,1000,100,F242017,7407.21352434254,30.974565267562863
Sobol,11,"[(-100, 100)]",100,1000,100,F232017,44947.99774768473,27.805609941482544
Sobol,11,"[(-100, 100)]",10,1000,100,F252017,2960.4775296829853,16.134449005126953
Sobol,11,"[(-100, 100)]",30,1000,100,F242017,2871.885683409158,26.762194871902462
HDS,11,"[(-100, 100)]",10,1000,100,F262017,3000.3588951822903,11.420597076416016
Sobol,11,"[(-100, 100)]",50,1000,100,F242017,4362.617252218461,27.76371479034424
Sobol,11,"[(-100, 100)]",10,1000,100,F262017,2992.5461091320444,12.85484528541565
Sobol,11,"[(-100, 100)]",100,1000,100,F242017,7541.470904713433,29.28206586837769
HDS,11,"[(-100, 100)]",10,1000,100,F272017,2814.17495407552,7.041095972061157
Sobol,11,"[(-100, 100)]",10,1000,100,F272017,2836.8327827254348,8.084273099899292
HDS,11,"[(-100, 100)]",30,1000,100,F252017,3384.417025354276,73.23000597953796
HDS,11,"[(-100, 100)]",50,1000,100,F252017,4646.829550866247,98.53868913650513
HDS,11,"[(-100, 100)]",30,1000,100,F262017,3229.662827078612,71.83050203323364
HDS,11,"[(-100, 100)]",30,1000,100,F272017,2904.9509822761,69.7831449508667
Sobol,11,"[(-100, 100)]",30,1000,100,F252017,3387.24214318059,69.2989718914032
HDS,11,"[(-100, 100)]",50,1000,100,F262017,3676.682199786661,100.67553806304932
Sobol,11,"[(-100, 100)]",100,1000,100,F192017,4302.028480086567,204.8193678855896
Sobol,11,"[(-100, 100)]",30,1000,100,F262017,3222.2387979871382,73.82843899726868
HDS,11,"[(-100, 100)]",100,1000,100,F252017,25760.07680290448,164.8027541637421
Sobol,11,"[(-100, 100)]",50,1000,100,F252017,4713.183579782073,98.60281181335448
Sobol,11,"[(-100, 100)]",30,1000,100,F272017,2917.294591362963,68.19792485237122
HDS,11,"[(-100, 100)]",100,1000,100,F262017,5501.189183281638,168.28412890434265
HDS,11,"[(-100, 100)]",50,1000,100,F272017,2995.351122297406,93.85506772994997
Sobol,11,"[(-100, 100)]",50,1000,100,F262017,3693.0458830666457,98.88513588905334
HDS,11,"[(-100, 100)]",10,1000,100,F282017,4191.033973231655,63.45447015762329
HDS,11,"[(-100, 100)]",30,1000,100,F282017,90348839.69716208,104.31319403648376
Sobol,11,"[(-100, 100)]",10,1000,100,F282017,4154.589250904722,62.98281407356262
Sobol,11,"[(-100, 100)]",50,1000,100,F272017,3225.2721411503067,94.28826117515564
HDS,11,"[(-100, 100)]",100,1000,100,F272017,5192.487290196146,160.4989550113678
HDS,11,"[(-100, 100)]",50,1000,100,F282017,964419760.4974692,146.54728293418884
Sobol,11,"[(-100, 100)]",100,1000,100,F252017,19346.93579934273,164.9321870803833
HDS,11,"[(-100, 100)]",10,1000,100,F292017,,46.258416175842285
Sobol,11,"[(-100, 100)]",100,1000,100,F262017,5391.488177977406,166.47240495681763
HDS,11,"[(-100, 100)]",30,1000,100,F292017,4952853.281264029,60.78256893157959
Sobol,11,"[(-100, 100)]",10,1000,100,F292017,,44.49302387237549
HDS,11,"[(-100, 100)]",10,1000,100,F32017,304.3405494967397,6.713526010513306
Sobol,11,"[(-100, 100)]",10,1000,100,F32017,304.44979759153443,5.741606950759888
Sobol,11,"[(-100, 100)]",30,1000,100,F282017,44407488.284092106,105.32755088806152
HDS,11,"[(-100, 100)]",30,1000,100,F32017,398.0270984796055,14.95410418510437
HDS,11,"[(-100, 100)]",50,1000,100,F32017,791.019413980428,15.309730052947998
HDS,11,"[(-100, 100)]",50,1000,100,F292017,2076436969.7299173,75.35012984275818
Sobol,11,"[(-100, 100)]",30,1000,100,F32017,401.1408205450461,14.527705669403076
Sobol,11,"[(-100, 100)]",50,1000,100,F32017,899.4996416414812,14.900840759277344
Sobol,11,"[(-100, 100)]",30,1000,100,F292017,9408592.05882172,59.80953001976013
HDS,11,"[(-100, 100)]",10,1000,100,F42017,427.5988735167557,13.781503915786743
HDS,11,"[(-100, 100)]",100,1000,100,F32017,4481.476087054015,16.46249485015869
HDS,11,"[(-100, 100)]",30,1000,100,F42017,750.3543367682448,14.3853440284729
Sobol,11,"[(-100, 100)]",10,1000,100,F42017,434.2125018795467,13.895096063613892
Sobol,11,"[(-100, 100)]",100,1000,100,F32017,6235.287366465124,15.13215708732605
Sobol,11,"[(-100, 100)]",30,1000,100,F42017,681.0478965624999,14.184781074523926
HDS,11,"[(-100, 100)]",10,1000,100,F52017,500.004099614014,0.3839747905731201
Sobol,11,"[(-100, 100)]",10,1000,100,F52017,500.0035180211871,0.187345266342163
HDS,11,"[(-100, 100)]",30,1000,100,F52017,500.05132305988894,0.5861117839813232
Sobol,11,"[(-100, 100)]",30,1000,100,F52017,500.0681824954153,0.2940301895141601
HDS,11,"[(-100, 100)]",50,1000,100,F52017,500.0633349774493,0.8348839282989502
Sobol,11,"[(-100, 100)]",50,1000,100,F52017,500.07198981267953,0.3970754146575928
HDS,11,"[(-100, 100)]",100,1000,100,F52017,500.08225447311423,2.2182750701904297
Sobol,11,"[(-100, 100)]",100,1000,100,F52017,500.1414253728381,0.6301529407501221
HDS,11,"[(-100, 100)]",50,1000,100,F42017,1897.437218432847,15.579758167266846
HDS,11,"[(-100, 100)]",100,1000,100,F42017,38595.50066402231,16.64532208442688
HDS,11,"[(-100, 100)]",100,1000,100,F282017,17935343585.5779,247.44384002685547
Sobol,11,"[(-100, 100)]",100,1000,100,F272017,5593.775446679783,158.62889909744263
Sobol,11,"[(-100, 100)]",50,1000,100,F282017,143308992.05374092,145.3533070087433
HDS,11,"[(-100, 100)]",10,1000,100,F62017,639.8978892283326,15.954222917556764
HDS,11,"[(-100, 100)]",100,1000,100,F292017,5073994369.522335,114.714369058609
Sobol,11,"[(-100, 100)]",50,1000,100,F42017,1849.471448905495,14.199372053146362
Sobol,11,"[(-100, 100)]",100,1000,100,F42017,19676.828553989588,14.727832078933716
Sobol,11,"[(-100, 100)]",50,1000,100,F292017,1806057136.694052,75.8331389427185
HDS,11,"[(-100, 100)]",30,1000,100,F62017,1075.7291766328378,16.45729923248291
Sobol,11,"[(-100, 100)]",10,1000,100,F62017,646.42869476183,16.351413011550903
HDS,11,"[(-100, 100)]",50,1000,100,F62017,33715.15977404311,17.163208961486816
HDS,11,"[(-100, 100)]",100,1000,100,F62017,1197914.694582892,18.56451106071472
HDS,11,"[(-100, 100)]",10,1000,100,F72017,734.2024551241893,20.50014591217041
HDS,11,"[(-100, 100)]",30,1000,100,F72017,1134.719137683343,21.22125005722046
Sobol,11,"[(-100, 100)]",30,1000,100,F62017,1445.3744473482627,17.139304876327515
Sobol,11,"[(-100, 100)]",50,1000,100,F62017,68033.7050193054,17.095834732055664
HDS,11,"[(-100, 100)]",10,1000,100,F82017,801.7899553559682,0.8964481353759766
Sobol,11,"[(-100, 100)]",10,1000,100,F82017,801.7877089371613,0.846480131149292
HDS,11,"[(-100, 100)]",50,1000,100,F72017,1785.8549230601602,21.31772470474243
Sobol,11,"[(-100, 100)]",100,1000,100,F62017,823386.0114639222,17.384926080703735
HDS,11,"[(-100, 100)]",30,1000,100,F82017,808.1845144396902,4.352377891540527
Sobol,11,"[(-100, 100)]",30,1000,100,F82017,810.8206470070435,4.547709941864014
Sobol,11,"[(-100, 100)]",10,1000,100,F72017,722.2992762954725,20.50528621673584
Sobol,11,"[(-100, 100)]",30,1000,100,F72017,1167.9211018939322,20.727283239364624
HDS,11,"[(-100, 100)]",50,1000,100,F82017,816.9377662399919,14.429057121276855
HDS,11,"[(-100, 100)]",100,1000,100,F72017,3301.2847257262747,22.669206142425537
Sobol,11,"[(-100, 100)]",50,1000,100,F72017,1549.9254624435623,20.19891715049744
HDS,11,"[(-100, 100)]",100,1000,100,F82017,847.8202074162701,17.977370977401733
Sobol,11,"[(-100, 100)]",50,1000,100,F82017,813.910635243657,14.22763204574585
HDS,11,"[(-100, 100)]",10,1000,100,F92017,-309.20192988996587,19.89484190940857
HDS,11,"[(-100, 100)]",30,1000,100,F92017,4088.9125996990297,20.164090156555176
Sobol,11,"[(-100, 100)]",100,1000,100,F72017,3395.455382933216,21.207289695739743
HDS,11,"[(-100, 100)]",50,1000,100,F92017,7511.460538386093,20.88903498649597
Sobol,11,"[(-100, 100)]",100,1000,100,F82017,886.4178151840969,17.179348945617676
Sobol,11,"[(-100, 100)]",10,1000,100,F92017,-850.1114491443814,19.089014053344727
Sobol,11,"[(-100, 100)]",30,1000,100,F92017,3892.759501681363,19.65532112121582
HDS,11,"[(-100, 100)]",100,1000,100,F92017,24192.83536462053,22.37294101715088
HDS,12,"[(-100, 100)]",10,1000,100,F102017,1084.4323195997176,16.750108003616333
HDS,12,"[(-100, 100)]",30,1000,100,F102017,127856.24031738332,17.70062804222107
Sobol,11,"[(-100, 100)]",50,1000,100,F92017,8398.496666510733,20.685622215271
HDS,12,"[(-100, 100)]",50,1000,100,F102017,342544.7220442438,18.19408679008484
Sobol,12,"[(-100, 100)]",10,1000,100,F102017,1085.3394512501047,17.189852714538574
HDS,12,"[(-100, 100)]",100,1000,100,F102017,931980.115840546,19.516510009765625
Sobol,11,"[(-100, 100)]",100,1000,100,F92017,24133.16593424641,21.652517795562744
Sobol,12,"[(-100, 100)]",30,1000,100,F102017,122138.91515568778,16.883953332901
Sobol,11,"[(-100, 100)]",100,1000,100,F292017,5011797430.227952,116.29754304885864
HDS,12,"[(-100, 100)]",10,1000,100,F112017,410152.7766493761,20.89475703239441
Sobol,12,"[(-100, 100)]",50,1000,100,F102017,206111.5027573732,16.969727993011475
Sobol,12,"[(-100, 100)]",100,1000,100,F102017,1730934.3827322908,17.692880868911743
HDS,12,"[(-100, 100)]",30,1000,100,F112017,42228692.35262858,21.28838896751404
HDS,12,"[(-100, 100)]",10,1000,100,F12017,1711.6503716703562,14.461987733840942
HDS,12,"[(-100, 100)]",50,1000,100,F112017,219016940.98835787,22.78676724433899
HDS,12,"[(-100, 100)]",30,1000,100,F12017,16432340.615802824,13.77183985710144
HDS,12,"[(-100, 100)]",100,1000,100,F112017,5292457756.339375,23.468585968017575
HDS,12,"[(-100, 100)]",50,1000,100,F12017,2043311645.6236663,15.401097059249878
Sobol,12,"[(-100, 100)]",10,1000,100,F112017,205149.7039112817,21.95430827140808
Sobol,12,"[(-100, 100)]",10,1000,100,F12017,24925.10888877304,15.1098530292511
Sobol,12,"[(-100, 100)]",30,1000,100,F12017,60125121.57098714,14.510247945785522
Sobol,12,"[(-100, 100)]",30,1000,100,F112017,22864947.514255814,22.38600993156433
Sobol,12,"[(-100, 100)]",50,1000,100,F12017,565906802.5216811,13.677658081054688
Sobol,12,"[(-100, 100)]",50,1000,100,F112017,139573699.0510776,22.946810960769653
HDS,12,"[(-100, 100)]",100,1000,100,F12017,30487223097.16358,15.302955865859984
Sobol,12,"[(-100, 100)]",100,1000,100,F112017,3325279753.936861,22.91747808456421
HDS,12,"[(-100, 100)]",10,1000,100,F122017,1265.4573390251269,18.649582862854004
HDS,12,"[(-100, 100)]",30,1000,100,F122017,813470.4806809304,18.351825952529907
HDS,12,"[(-100, 100)]",50,1000,100,F122017,15030011.59349612,18.97020101547241
Sobol,12,"[(-100, 100)]",100,1000,100,F12017,48010745804.44591,14.372297286987305
HDS,12,"[(-100, 100)]",100,1000,100,F122017,1529122395.6011076,20.12805700302124
HDS,12,"[(-100, 100)]",10,1000,100,F132017,1375.1601981377662,19.00526094436645
HDS,12,"[(-100, 100)]",30,1000,100,F132017,421438.2009605563,19.64593505859375
Sobol,12,"[(-100, 100)]",10,1000,100,F122017,1710.077141855375,19.406994104385376
Sobol,12,"[(-100, 100)]",30,1000,100,F122017,743624.2653934584,18.282117128372192
Sobol,12,"[(-100, 100)]",50,1000,100,F122017,32250278.34268447,18.748793840408325
HDS,12,"[(-100, 100)]",50,1000,100,F132017,3174138.959974091,21.61158871650696
Sobol,12,"[(-100, 100)]",100,1000,100,F122017,4133575007.438092,19.128719091415405
Sobol,12,"[(-100, 100)]",10,1000,100,F132017,1368.1180332344925,19.317163944244385
Sobol,12,"[(-100, 100)]",30,1000,100,F132017,323978.0098908212,20.40926694869995
HDS,12,"[(-100, 100)]",10,1000,100,F142017,2714.943570149802,18.869996070861816
HDS,12,"[(-100, 100)]",30,1000,100,F142017,460669.2050015345,19.043013095855716
HDS,12,"[(-100, 100)]",100,1000,100,F132017,21194446.060278013,26.315789222717285
HDS,12,"[(-100, 100)]",50,1000,100,F142017,17835959.380346343,19.474341869354248
Sobol,12,"[(-100, 100)]",50,1000,100,F132017,2379949.3700957336,21.37178683280945
HDS,12,"[(-100, 100)]",100,1000,100,F142017,423785940.0843669,21.354958057403564
HDS,12,"[(-100, 100)]",10,1000,100,F152017,1338.4751285996117,18.669575929641724
Sobol,12,"[(-100, 100)]",10,1000,100,F142017,2363.7098607384737,17.689047813415527
Sobol,12,"[(-100, 100)]",30,1000,100,F142017,1367449.6781018008,18.24028587341309
Sobol,12,"[(-100, 100)]",50,1000,100,F142017,11568143.64089493,18.666188955307007
Sobol,12,"[(-100, 100)]",10,1000,100,F152017,1503.08296936207,14.431257009506226
Sobol,12,"[(-100, 100)]",100,1000,100,F142017,1328194071.4850936,19.602898836135864
Sobol,12,"[(-100, 100)]",100,1000,100,F132017,35842349.644641146,24.70420217514038
Sobol,11,"[(-100, 100)]",100,1000,100,F282017,11791721663.495228,249.0052318572998
HDS,12,"[(-100, 100)]",30,1000,100,F152017,2958.3776832493595,31.18180227279663
HDS,12,"[(-100, 100)]",50,1000,100,F152017,8593.035475560662,36.34736704826355
HDS,12,"[(-100, 100)]",10,1000,100,F172017,,19.39524507522583
HDS,12,"[(-100, 100)]",10,1000,100,F162017,1664.785383220024,41.86109900474548
Sobol,12,"[(-100, 100)]",30,1000,100,F152017,1381.4048724727743,30.44615173339844
HDS,12,"[(-100, 100)]",100,1000,100,F152017,111397.5866923526,50.62537908554077
Sobol,12,"[(-100, 100)]",10,1000,100,F172017,,19.3311550617218
Sobol,12,"[(-100, 100)]",50,1000,100,F152017,9685.121951433024,35.27468800544739
HDS,12,"[(-100, 100)]",30,1000,100,F172017,162809.9617621546,19.7954421043396
HDS,12,"[(-100, 100)]",50,1000,100,F172017,1125634.6904163293,19.685156106948853
HDS,12,"[(-100, 100)]",30,1000,100,F162017,33782.811003079274,76.55806016921997
Sobol,12,"[(-100, 100)]",30,1000,100,F172017,100167.2458155722,19.581623792648315
HDS,12,"[(-100, 100)]",100,1000,100,F172017,10978676.55000113,21.87678003311157
Sobol,12,"[(-100, 100)]",10,1000,100,F162017,1505.8182001773507,42.630327224731445
Sobol,12,"[(-100, 100)]",50,1000,100,F172017,2076321.628227951,20.397044897079468
Sobol,12,"[(-100, 100)]",100,1000,100,F152017,69856.66416363839,49.32070088386536
HDS,12,"[(-100, 100)]",10,1000,100,F182017,1809.4513891828665,19.93840003013611
Sobol,12,"[(-100, 100)]",100,1000,100,F172017,19535456.79972259,20.28058695793152
HDS,12,"[(-100, 100)]",50,1000,100,F162017,43643141.98781437,112.83746981620789
Sobol,12,"[(-100, 100)]",10,1000,100,F182017,1810.1872709789125,21.107033014297485
HDS,12,"[(-100, 100)]",30,1000,100,F182017,736547.350995531,44.98831105232239
HDS,12,"[(-100, 100)]",10,1000,100,F192017,1828.6384449945624,42.15816402435303
HDS,12,"[(-100, 100)]",50,1000,100,F182017,3290554.16158983,59.21785306930542
Sobol,12,"[(-100, 100)]",30,1000,100,F162017,93935.28262473745,78.23779821395874
Sobol,12,"[(-100, 100)]",30,1000,100,F182017,1322103.549376977,44.45437908172608
Sobol,12,"[(-100, 100)]",10,1000,100,F192017,1928.29359140675,41.91319918632507
HDS,12,"[(-100, 100)]",100,1000,100,F182017,782692158.0794361,96.95908617973328
HDS,12,"[(-100, 100)]",10,1000,100,F202017,2139.778553446188,8.964708089828491
HDS,12,"[(-100, 100)]",30,1000,100,F192017,2929.991984986208,78.62179589271545
Sobol,12,"[(-100, 100)]",10,1000,100,F202017,2132.8462027059563,7.886216878890991
HDS,12,"[(-100, 100)]",100,1000,100,F162017,54651590577.36341,201.0437502861023
Sobol,12,"[(-100, 100)]",50,1000,100,F182017,28482225.38693389,58.674636125564575
HDS,12,"[(-100, 100)]",30,1000,100,F202017,2223.524762983536,22.20775580406189
Sobol,12,"[(-100, 100)]",50,1000,100,F162017,23963268.904246837,111.7963089942932
HDS,12,"[(-100, 100)]",50,1000,100,F202017,3399.8717356760967,22.982367992401123
Sobol,12,"[(-100, 100)]",30,1000,100,F202017,2369.596588971221,22.77772617340088
Sobol,12,"[(-100, 100)]",50,1000,100,F202017,5637.684677385838,23.08987808227539
HDS,12,"[(-100, 100)]",10,1000,100,F212017,2214.780191365975,2.366107940673828
HDS,12,"[(-100, 100)]",100,1000,100,F202017,35982.26991386009,25.708319187164307
Sobol,12,"[(-100, 100)]",10,1000,100,F212017,2217.598953706417,3.6707301139831534
HDS,12,"[(-100, 100)]",50,1000,100,F192017,2413.427664208639,116.8975510597229
Sobol,12,"[(-100, 100)]",100,1000,100,F202017,25364.393983654616,23.99582600593567
HDS,12,"[(-100, 100)]",30,1000,100,F212017,2302.537499033831,26.80409598350525
Sobol,12,"[(-100, 100)]",30,1000,100,F192017,2983.1745885731334,78.63624882698059
HDS,12,"[(-100, 100)]",50,1000,100,F212017,2533.053699929681,27.30541491508484
Sobol,12,"[(-100, 100)]",100,1000,100,F182017,47542373.00390273,96.35993599891664
HDS,12,"[(-100, 100)]",10,1000,100,F22017,200.42522365124472,13.98277497291565
HDS,12,"[(-100, 100)]",30,1000,100,F22017,22766.4920563245,13.995763301849363
Sobol,12,"[(-100, 100)]",30,1000,100,F212017,2313.023250520796,26.8035261631012
HDS,12,"[(-100, 100)]",100,1000,100,F212017,11334.087342234754,30.34900712966919
Sobol,12,"[(-100, 100)]",10,1000,100,F22017,203.17062526645967,13.828718185424805
Sobol,12,"[(-100, 100)]",50,1000,100,F212017,2589.433632100626,27.4250009059906
Sobol,12,"[(-100, 100)]",30,1000,100,F22017,25765.763151817788,14.091792106628418
HDS,12,"[(-100, 100)]",50,1000,100,F22017,65522.77479561909,14.423652172088625
HDS,12,"[(-100, 100)]",10,1000,100,F222017,2361.474667403474,10.397289991378784
HDS,12,"[(-100, 100)]",100,1000,100,F22017,284952.1216700266,15.827450037002563
Sobol,12,"[(-100, 100)]",10,1000,100,F222017,2356.874968878968,8.802348136901855
Sobol,12,"[(-100, 100)]",50,1000,100,F22017,51725.082768005646,13.924796104431152
Sobol,12,"[(-100, 100)]",100,1000,100,F212017,3202.16159380413,28.85516905784607
Sobol,12,"[(-100, 100)]",100,1000,100,F22017,293965.17946827353,14.574161052703856
HDS,12,"[(-100, 100)]",30,1000,100,F222017,2812.462520815006,30.008299827575684
HDS,12,"[(-100, 100)]",10,1000,100,F232017,2552.887251446908,9.567616939544678
Sobol,12,"[(-100, 100)]",10,1000,100,F232017,2559.302116975597,12.333540201187134
HDS,12,"[(-100, 100)]",50,1000,100,F222017,3866.12248513858,31.193423986434937
HDS,12,"[(-100, 100)]",30,1000,100,F232017,3553.903810076062,24.50216007232666
HDS,12,"[(-100, 100)]",100,1000,100,F222017,28941.58478848204,32.41398906707764
Sobol,12,"[(-100, 100)]",30,1000,100,F222017,2816.622133902496,29.990482091903687
HDS,12,"[(-100, 100)]",100,1000,100,F192017,6521.109430922431,208.09207606315613
HDS,12,"[(-100, 100)]",50,1000,100,F232017,5717.86772322612,26.295844078063965
Sobol,12,"[(-100, 100)]",50,1000,100,F192017,2558.6107667135384,115.68730020523073
Sobol,12,"[(-100, 100)]",30,1000,100,F232017,2686.8886157205748,24.95961594581604
Sobol,12,"[(-100, 100)]",50,1000,100,F222017,8184.661930532904,30.754533767700195
HDS,12,"[(-100, 100)]",10,1000,100,F242017,2892.097803019043,7.252310991287231
Sobol,12,"[(-100, 100)]",100,1000,100,F222017,27072.443732401392,31.549219131469727
Sobol,12,"[(-100, 100)]",10,1000,100,F242017,2914.3432390967187,7.796074151992798
Sobol,12,"[(-100, 100)]",100,1000,100,F162017,198767189474.15884,198.7705600261688
HDS,12,"[(-100, 100)]",100,1000,100,F232017,53412.70138786078,28.88126301765442
Sobol,12,"[(-100, 100)]",50,1000,100,F232017,5122.052539574674,25.60390591621399
HDS,12,"[(-100, 100)]",30,1000,100,F242017,2866.941519705188,23.851323127746586
HDS,12,"[(-100, 100)]",50,1000,100,F242017,4276.309342517934,27.906492948532104
HDS,12,"[(-100, 100)]",10,1000,100,F252017,2504.6667146621653,18.66862630844116
HDS,12,"[(-100, 100)]",100,1000,100,F242017,6283.555730940936,31.38549900054932
Sobol,12,"[(-100, 100)]",100,1000,100,F232017,45605.29489131912,27.47268295288086
Sobol,12,"[(-100, 100)]",10,1000,100,F252017,2974.415509430566,13.343296766281128
Sobol,12,"[(-100, 100)]",30,1000,100,F242017,2857.216067727178,25.585182189941406
Sobol,12,"[(-100, 100)]",50,1000,100,F242017,4163.308761907717,28.062821865081787
Sobol,12,"[(-100, 100)]",100,1000,100,F242017,8682.467155523664,30.60660219192505
HDS,12,"[(-100, 100)]",10,1000,100,F262017,2608.851076483006,28.84061908721924
Sobol,12,"[(-100, 100)]",10,1000,100,F262017,2999.9530460682063,12.904691934585571
HDS,12,"[(-100, 100)]",30,1000,100,F252017,3399.154786283841,72.52774095535278
HDS,12,"[(-100, 100)]",10,1000,100,F272017,2813.266619518214,9.700707197189333
Sobol,12,"[(-100, 100)]",10,1000,100,F272017,2810.789100219488,9.71506381034851
HDS,12,"[(-100, 100)]",50,1000,100,F252017,4754.792724872001,98.66636872291564
HDS,12,"[(-100, 100)]",30,1000,100,F262017,3210.9857861376595,74.43821811676025
HDS,12,"[(-100, 100)]",50,1000,100,F262017,3610.401663902743,99.24716210365295
Sobol,12,"[(-100, 100)]",30,1000,100,F252017,3430.673013964074,71.67042994499207
HDS,12,"[(-100, 100)]",30,1000,100,F272017,2858.715238967076,54.09762310981751
Sobol,12,"[(-100, 100)]",30,1000,100,F262017,3230.3797904935395,73.21958708763123
Sobol,12,"[(-100, 100)]",100,1000,100,F192017,6106.527930540534,208.59391570091248
HDS,12,"[(-100, 100)]",100,1000,100,F252017,17760.989804748715,165.73568201065063
Sobol,12,"[(-100, 100)]",50,1000,100,F252017,5266.798554072655,97.6239161491394
Sobol,12,"[(-100, 100)]",30,1000,100,F272017,2856.567419031944,57.65581798553467
HDS,12,"[(-100, 100)]",100,1000,100,F262017,5570.795248103488,165.50087904930115
HDS,12,"[(-100, 100)]",50,1000,100,F272017,2918.6760459785983,94.5595519542694
Sobol,12,"[(-100, 100)]",50,1000,100,F262017,3668.985826873249,99.02704000473022
HDS,12,"[(-100, 100)]",10,1000,100,F282017,4265.033730159539,63.63616633415222
HDS,12,"[(-100, 100)]",30,1000,100,F282017,58040149.903726175,105.54341316223145
Sobol,12,"[(-100, 100)]",50,1000,100,F272017,3234.5939181470417,73.92841506004333
Sobol,12,"[(-100, 100)]",10,1000,100,F282017,4134.539702553426,64.332524061203
HDS,12,"[(-100, 100)]",100,1000,100,F272017,4120.470101010658,161.3996880054474
HDS,12,"[(-100, 100)]",50,1000,100,F282017,264195112.005905,146.87616109848022
Sobol,12,"[(-100, 100)]",100,1000,100,F252017,17635.521357210942,164.9610939025879
HDS,12,"[(-100, 100)]",10,1000,100,F292017,,45.67277812957764
HDS,12,"[(-100, 100)]",30,1000,100,F292017,12267785.743786704,60.76560616493225
Sobol,12,"[(-100, 100)]",100,1000,100,F262017,4831.831613375189,165.63916492462158
Sobol,12,"[(-100, 100)]",10,1000,100,F292017,,44.44382214546204
HDS,12,"[(-100, 100)]",10,1000,100,F32017,303.41143205194874,6.14518404006958
Sobol,12,"[(-100, 100)]",30,1000,100,F282017,19278060.90979565,104.67191195487976
Sobol,12,"[(-100, 100)]",10,1000,100,F32017,303.69408440705087,6.709548711776733
HDS,12,"[(-100, 100)]",30,1000,100,F32017,401.8039876644612,14.81118893623352
HDS,12,"[(-100, 100)]",50,1000,100,F32017,693.1133390148123,14.869903802871704
Sobol,12,"[(-100, 100)]",30,1000,100,F292017,51187180.588921554,59.62000799179077
HDS,12,"[(-100, 100)]",50,1000,100,F292017,849782810.2477838,76.25165104866028
Sobol,12,"[(-100, 100)]",30,1000,100,F32017,354.3743465709364,15.021131992340088
Sobol,12,"[(-100, 100)]",50,1000,100,F32017,1269.8415742840684,15.150985956192017
HDS,12,"[(-100, 100)]",100,1000,100,F32017,4309.0904293592175,16.877797842025757
HDS,12,"[(-100, 100)]",10,1000,100,F42017,425.8043998623639,14.311048984527588
HDS,12,"[(-100, 100)]",30,1000,100,F42017,690.4873568658193,14.43850874900818
Sobol,12,"[(-100, 100)]",100,1000,100,F32017,6705.525417957901,15.588953971862791
Sobol,12,"[(-100, 100)]",10,1000,100,F42017,439.93555996847954,14.164228200912476
Sobol,12,"[(-100, 100)]",30,1000,100,F42017,713.5798426028242,14.035475969314575
HDS,12,"[(-100, 100)]",10,1000,100,F52017,500.0063056733184,0.5603818893432617
Sobol,12,"[(-100, 100)]",10,1000,100,F52017,500.00179588588486,0.2404201030731201
HDS,12,"[(-100, 100)]",30,1000,100,F52017,500.0636835961308,0.6322250366210938
Sobol,12,"[(-100, 100)]",30,1000,100,F52017,500.0658854085244,0.3299336433410644
HDS,12,"[(-100, 100)]",50,1000,100,F52017,500.058661064632,0.8719179630279541
Sobol,12,"[(-100, 100)]",50,1000,100,F52017,500.06549065308303,0.4240927696228027
HDS,12,"[(-100, 100)]",100,1000,100,F52017,500.0888634931224,1.8757712841033936
Sobol,12,"[(-100, 100)]",100,1000,100,F52017,500.121043461864,0.64951491355896
HDS,12,"[(-100, 100)]",50,1000,100,F42017,3199.800482771461,15.246060132980348
HDS,12,"[(-100, 100)]",100,1000,100,F42017,16968.31755314469,16.50443720817566
HDS,12,"[(-100, 100)]",100,1000,100,F282017,11788656856.274918,249.09972310066223
Sobol,12,"[(-100, 100)]",50,1000,100,F282017,1694487314.9852042,145.81349396705627
HDS,12,"[(-100, 100)]",10,1000,100,F62017,648.2712430438817,16.642555952072144
Sobol,12,"[(-100, 100)]",50,1000,100,F42017,3134.7171617004637,15.12819004058838
Sobol,12,"[(-100, 100)]",100,1000,100,F272017,4351.110904659487,159.64725613594055
HDS,12,"[(-100, 100)]",100,1000,100,F292017,7990410348.128319,115.4329390525818
Sobol,12,"[(-100, 100)]",100,1000,100,F42017,27451.708658895288,15.49967885017395
Sobol,12,"[(-100, 100)]",50,1000,100,F292017,533487502.6587037,77.3625168800354
Sobol,12,"[(-100, 100)]",10,1000,100,F62017,620.8034361981134,15.562283754348757
HDS,12,"[(-100, 100)]",30,1000,100,F62017,3196.943993214846,16.25389575958252
HDS,12,"[(-100, 100)]",50,1000,100,F62017,91571.91186662758,16.609097003936768
HDS,12,"[(-100, 100)]",100,1000,100,F62017,1243370.5410955583,17.88356614112854
HDS,12,"[(-100, 100)]",10,1000,100,F72017,738.1515520004074,19.66185212135315
Sobol,12,"[(-100, 100)]",30,1000,100,F62017,1528.7986111546925,16.062848806381226
Sobol,12,"[(-100, 100)]",50,1000,100,F62017,84454.00477448961,16.206064224243164
HDS,12,"[(-100, 100)]",10,1000,100,F82017,800.9110780402957,0.818281888961792
Sobol,12,"[(-100, 100)]",10,1000,100,F82017,801.1706988661691,0.7920961380004883
HDS,12,"[(-100, 100)]",50,1000,100,F72017,1630.4178025834588,20.112784147262573
HDS,12,"[(-100, 100)]",30,1000,100,F72017,1057.711419265096,20.53316283226013
HDS,12,"[(-100, 100)]",30,1000,100,F82017,807.1970611797303,4.719232082366943
Sobol,12,"[(-100, 100)]",100,1000,100,F62017,738543.6918679442,16.5191490650177
Sobol,12,"[(-100, 100)]",30,1000,100,F82017,808.1490343990716,4.803973913192749
Sobol,12,"[(-100, 100)]",10,1000,100,F72017,732.1130818411565,18.933125734329224
HDS,12,"[(-100, 100)]",100,1000,100,F72017,3232.302413403585,21.50787687301636
HDS,12,"[(-100, 100)]",50,1000,100,F82017,817.260209492152,14.556941032409668
Sobol,12,"[(-100, 100)]",50,1000,100,F72017,1784.8709482925074,19.276110887527462
Sobol,12,"[(-100, 100)]",30,1000,100,F72017,1147.8899041316242,20.16443610191345
HDS,12,"[(-100, 100)]",100,1000,100,F82017,898.9447935775623,17.818427801132202
HDS,12,"[(-100, 100)]",10,1000,100,F92017,-968.2393215437532,18.88271689414978
Sobol,12,"[(-100, 100)]",50,1000,100,F82017,816.4002243860708,15.797683000564575
Sobol,12,"[(-100, 100)]",100,1000,100,F72017,3174.895943774308,20.68289613723755
HDS,12,"[(-100, 100)]",30,1000,100,F92017,1817.2225231128375,20.052611827850345
HDS,12,"[(-100, 100)]",50,1000,100,F92017,10507.894554361274,20.473143815994263
Sobol,12,"[(-100, 100)]",100,1000,100,F82017,960.0459564754128,16.776681900024414
Sobol,12,"[(-100, 100)]",10,1000,100,F92017,-666.7189483887933,18.734994173049927
HDS,13,"[(-100, 100)]",10,1000,100,F102017,1027.5279389149275,17.223246097564697
HDS,12,"[(-100, 100)]",100,1000,100,F92017,26274.852841734464,22.68799591064453
Sobol,12,"[(-100, 100)]",30,1000,100,F92017,3343.1445885826724,19.965291023254395
Sobol,12,"[(-100, 100)]",50,1000,100,F92017,10030.500185091152,19.94446325302124
HDS,13,"[(-100, 100)]",30,1000,100,F102017,67992.1863931581,17.475220918655396
HDS,13,"[(-100, 100)]",50,1000,100,F102017,319713.2020817566,17.799800157546997
Sobol,13,"[(-100, 100)]",10,1000,100,F102017,1064.8026151387005,16.693360805511475
Sobol,13,"[(-100, 100)]",30,1000,100,F102017,120204.50005638176,16.86447501182556
HDS,13,"[(-100, 100)]",100,1000,100,F102017,897773.4181815183,19.174569129943848
Sobol,12,"[(-100, 100)]",100,1000,100,F92017,23921.06982395995,21.05141806602478
HDS,13,"[(-100, 100)]",10,1000,100,F112017,184144.6875432637,21.26228189468384
Sobol,12,"[(-100, 100)]",100,1000,100,F292017,8573512411.981388,111.94230914115906
Sobol,13,"[(-100, 100)]",50,1000,100,F102017,237647.84735204463,17.43100595474243
HDS,13,"[(-100, 100)]",30,1000,100,F112017,34721679.43387821,21.890639305114743
HDS,13,"[(-100, 100)]",10,1000,100,F12017,40500.42208734536,13.477972984313965
HDS,13,"[(-100, 100)]",30,1000,100,F12017,9389185.918513998,13.855971097946169
Sobol,13,"[(-100, 100)]",100,1000,100,F102017,1268075.4413919947,18.66775608062744
HDS,13,"[(-100, 100)]",50,1000,100,F112017,259549254.2547127,22.471566915512085
HDS,13,"[(-100, 100)]",100,1000,100,F112017,6086793390.293961,23.799397945404053
Sobol,13,"[(-100, 100)]",10,1000,100,F112017,219777.9678831517,20.99272322654724
Sobol,13,"[(-100, 100)]",10,1000,100,F12017,109071.43787380109,13.399218797683716
Sobol,13,"[(-100, 100)]",30,1000,100,F12017,39118797.76488054,13.551330804824827
HDS,13,"[(-100, 100)]",50,1000,100,F12017,1685899014.3788605,15.281414270401
Sobol,13,"[(-100, 100)]",30,1000,100,F112017,68284129.14715797,21.17029500007629
HDS,13,"[(-100, 100)]",100,1000,100,F12017,45216403127.55204,15.42233419418335
Sobol,13,"[(-100, 100)]",50,1000,100,F112017,255341188.6252262,22.04457783699036
Sobol,13,"[(-100, 100)]",100,1000,100,F112017,6066671739.48521,22.339182138442997
HDS,13,"[(-100, 100)]",10,1000,100,F122017,3164.858472225589,17.6335289478302
Sobol,13,"[(-100, 100)]",50,1000,100,F12017,1261725079.978974,14.559396743774414
HDS,13,"[(-100, 100)]",30,1000,100,F122017,171280.08840028787,18.17537879943848
Sobol,13,"[(-100, 100)]",100,1000,100,F12017,27793042992.76745,14.06767511367798
HDS,13,"[(-100, 100)]",50,1000,100,F122017,29401156.505113985,18.550371170043945
HDS,13,"[(-100, 100)]",100,1000,100,F122017,1132926442.9872825,19.375320196151733
HDS,13,"[(-100, 100)]",10,1000,100,F132017,1382.9188959787994,17.82773184776306
Sobol,13,"[(-100, 100)]",10,1000,100,F122017,1379.3537339068691,17.16396427154541
Sobol,13,"[(-100, 100)]",30,1000,100,F122017,265433.52539807686,17.598750829696655
HDS,13,"[(-100, 100)]",30,1000,100,F132017,252945.9969394669,20.17162823677063
Sobol,13,"[(-100, 100)]",50,1000,100,F122017,112038511.89600594,17.805984020233154
HDS,13,"[(-100, 100)]",50,1000,100,F132017,1106703.0220847083,20.61934518814087
Sobol,13,"[(-100, 100)]",100,1000,100,F122017,3679908180.747447,18.73136568069458
Sobol,13,"[(-100, 100)]",10,1000,100,F132017,1390.1786988038946,18.05496907234192
HDS,13,"[(-100, 100)]",10,1000,100,F142017,1721.5021712330772,18.09420800209045
Sobol,13,"[(-100, 100)]",30,1000,100,F132017,259541.4033420519,20.37541699409485
HDS,13,"[(-100, 100)]",100,1000,100,F132017,37833520.611747146,24.792235136032104
HDS,13,"[(-100, 100)]",30,1000,100,F142017,1936323.7178060464,18.46979713439941
Sobol,13,"[(-100, 100)]",50,1000,100,F132017,3011960.879990557,20.76998710632324
HDS,13,"[(-100, 100)]",50,1000,100,F142017,4218916.274835329,18.238807916641235
HDS,13,"[(-100, 100)]",100,1000,100,F142017,1244021443.8050373,19.71406078338623
Sobol,13,"[(-100, 100)]",10,1000,100,F142017,1706.7637129890022,17.54391098022461
HDS,13,"[(-100, 100)]",10,1000,100,F152017,1338.4686229030158,15.624660968780518
Sobol,13,"[(-100, 100)]",30,1000,100,F142017,742706.4383253256,17.56009006500244
Sobol,13,"[(-100, 100)]",100,1000,100,F132017,27250637.453238755,23.128940105438232
Sobol,13,"[(-100, 100)]",50,1000,100,F142017,15769743.624076596,17.880592107772827
Sobol,13,"[(-100, 100)]",10,1000,100,F152017,1338.7351591849672,15.22761297225952
Sobol,13,"[(-100, 100)]",100,1000,100,F142017,1089610652.0458474,18.38285994529724
Sobol,12,"[(-100, 100)]",100,1000,100,F282017,2640646806.2283406,245.17743968963623
HDS,13,"[(-100, 100)]",30,1000,100,F152017,2941.5459473090805,30.480068683624268
HDS,13,"[(-100, 100)]",50,1000,100,F152017,12723.939399120947,35.99124789237976
HDS,13,"[(-100, 100)]",10,1000,100,F172017,,20.00047206878662
HDS,13,"[(-100, 100)]",10,1000,100,F162017,1658.99829826653,41.12429904937744
Sobol,13,"[(-100, 100)]",30,1000,100,F152017,1727.0424747955833,30.220723152160645
HDS,13,"[(-100, 100)]",100,1000,100,F152017,308013.9711526589,49.34072899818421
Sobol,13,"[(-100, 100)]",10,1000,100,F172017,,19.7845311164856
Sobol,13,"[(-100, 100)]",50,1000,100,F152017,6536.924848365272,35.927730083465576
HDS,13,"[(-100, 100)]",30,1000,100,F172017,107018.4723208036,20.266833782196045
HDS,13,"[(-100, 100)]",50,1000,100,F172017,1519327.916796737,20.33959126472473
Sobol,13,"[(-100, 100)]",30,1000,100,F172017,89506.63399785092,19.23057627677917
Sobol,13,"[(-100, 100)]",10,1000,100,F162017,1650.356153501345,41.6532940864563
HDS,13,"[(-100, 100)]",30,1000,100,F162017,55841.05906369107,78.0344717502594
HDS,13,"[(-100, 100)]",100,1000,100,F172017,19433637.360309064,21.97953510284424
Sobol,13,"[(-100, 100)]",50,1000,100,F172017,702976.4463688752,19.55433487892151
Sobol,13,"[(-100, 100)]",100,1000,100,F152017,188821.36231453888,49.41935515403748
HDS,13,"[(-100, 100)]",10,1000,100,F182017,1809.0037168439835,20.84772515296936
Sobol,13,"[(-100, 100)]",100,1000,100,F172017,15746790.176101988,21.4022798538208
HDS,13,"[(-100, 100)]",50,1000,100,F162017,28577839.428583965,114.40882205963136
Sobol,13,"[(-100, 100)]",10,1000,100,F182017,1808.984397577716,20.48904609680176
HDS,13,"[(-100, 100)]",30,1000,100,F182017,1355215.0381095612,44.58084201812744
HDS,13,"[(-100, 100)]",10,1000,100,F192017,1829.973194289156,42.19476509094238
HDS,13,"[(-100, 100)]",50,1000,100,F182017,6029044.516976529,59.373090982437134
Sobol,13,"[(-100, 100)]",30,1000,100,F162017,101596.17954085657,78.54758787155151
Sobol,13,"[(-100, 100)]",30,1000,100,F182017,112767.45087055529,43.15732502937317
Sobol,13,"[(-100, 100)]",10,1000,100,F192017,1844.3625360063545,42.33459687232971
HDS,13,"[(-100, 100)]",100,1000,100,F182017,121026251.21327066,96.81338667869568
HDS,13,"[(-100, 100)]",10,1000,100,F202017,2126.8993519813343,8.586181163787842
HDS,13,"[(-100, 100)]",30,1000,100,F192017,2887.6555373678025,77.12884092330933
HDS,13,"[(-100, 100)]",100,1000,100,F162017,31695004370.84032,198.46366810798645
Sobol,13,"[(-100, 100)]",10,1000,100,F202017,2139.6310191933608,9.010812044143677
Sobol,13,"[(-100, 100)]",50,1000,100,F182017,1890720.8515376344,58.20382523536682
HDS,13,"[(-100, 100)]",30,1000,100,F202017,2298.5409933132623,22.87402987480164
Sobol,13,"[(-100, 100)]",50,1000,100,F162017,34567007.07739902,111.65670895576476
HDS,13,"[(-100, 100)]",50,1000,100,F202017,4113.696180629182,23.85118293762207
Sobol,13,"[(-100, 100)]",30,1000,100,F202017,2444.1372891642923,21.97776985168457
HDS,13,"[(-100, 100)]",10,1000,100,F212017,2214.8722492575366,2.983167886734009
Sobol,13,"[(-100, 100)]",50,1000,100,F202017,3642.2302927244223,22.983315229415894
HDS,13,"[(-100, 100)]",100,1000,100,F202017,56401.31819729727,25.50330114364624
HDS,13,"[(-100, 100)]",50,1000,100,F192017,2428.689558066,114.37138509750366
Sobol,13,"[(-100, 100)]",30,1000,100,F192017,2849.356052518682,78.25164818763733
Sobol,13,"[(-100, 100)]",10,1000,100,F212017,775.6557700326773,26.386733055114743
Sobol,13,"[(-100, 100)]",100,1000,100,F202017,32624.844728974094,25.31470632553101
HDS,13,"[(-100, 100)]",30,1000,100,F212017,2307.209888658592,27.63072681427002
Sobol,13,"[(-100, 100)]",100,1000,100,F182017,3927570261.8701744,95.3000421524048
HDS,13,"[(-100, 100)]",10,1000,100,F22017,200.65392993076225,14.667227029800417
HDS,13,"[(-100, 100)]",30,1000,100,F22017,21177.483988783217,14.120467901229858
HDS,13,"[(-100, 100)]",50,1000,100,F212017,2629.251023488009,27.55223798751831
Sobol,13,"[(-100, 100)]",30,1000,100,F212017,2312.8636199050043,25.25373411178589
Sobol,13,"[(-100, 100)]",10,1000,100,F22017,200.55967302323583,13.195437908172607
HDS,13,"[(-100, 100)]",100,1000,100,F212017,3059.37332239521,30.092735052108765
Sobol,13,"[(-100, 100)]",30,1000,100,F22017,19937.51729042101,13.923008918762209
HDS,13,"[(-100, 100)]",50,1000,100,F22017,66037.41408846913,14.75204610824585
HDS,13,"[(-100, 100)]",10,1000,100,F222017,2358.79895159744,8.955435991287231
HDS,13,"[(-100, 100)]",100,1000,100,F22017,251501.42469691255,15.814104080200195
Sobol,13,"[(-100, 100)]",50,1000,100,F212017,2491.649533187156,27.303180932998657
Sobol,13,"[(-100, 100)]",10,1000,100,F222017,2353.620403622785,12.81651496887207
Sobol,13,"[(-100, 100)]",50,1000,100,F22017,80567.14885222146,13.818454027175903
Sobol,13,"[(-100, 100)]",100,1000,100,F212017,3077.7196021074656,28.7572717666626
Sobol,13,"[(-100, 100)]",100,1000,100,F22017,276859.4726270763,14.150688886642456
HDS,13,"[(-100, 100)]",10,1000,100,F232017,2551.4010689054344,7.364844083786011
Sobol,13,"[(-100, 100)]",10,1000,100,F232017,2542.853064949138,9.306274890899658
HDS,13,"[(-100, 100)]",30,1000,100,F222017,2808.0605443153863,29.337049961090088
HDS,13,"[(-100, 100)]",30,1000,100,F232017,2910.945687533419,25.791173934936523
HDS,13,"[(-100, 100)]",50,1000,100,F222017,9918.167200017688,30.44849300384521
HDS,13,"[(-100, 100)]",100,1000,100,F222017,41781.31136064512,33.08166718482971
HDS,13,"[(-100, 100)]",100,1000,100,F192017,5512.863575524862,202.9968888759613
HDS,13,"[(-100, 100)]",50,1000,100,F232017,7687.368236486725,26.6319100856781
Sobol,13,"[(-100, 100)]",50,1000,100,F192017,2395.3583298957737,114.631591796875
Sobol,13,"[(-100, 100)]",30,1000,100,F232017,2773.512164866145,24.526253938674927
Sobol,13,"[(-100, 100)]",30,1000,100,F222017,3301.6507068292826,29.16747498512268
Sobol,13,"[(-100, 100)]",50,1000,100,F222017,12173.597735819394,29.15193772315979
HDS,13,"[(-100, 100)]",10,1000,100,F242017,2894.2426756322334,8.059684038162231
Sobol,13,"[(-100, 100)]",100,1000,100,F222017,43727.786118461394,30.838500261306763
Sobol,13,"[(-100, 100)]",100,1000,100,F162017,279784675223.7031,197.1803641319275
Sobol,13,"[(-100, 100)]",50,1000,100,F232017,5660.322095609696,25.50365209579468
Sobol,13,"[(-100, 100)]",10,1000,100,F242017,2891.361635765271,9.47742486000061
HDS,13,"[(-100, 100)]",30,1000,100,F242017,2864.036278486152,20.611152172088623
HDS,13,"[(-100, 100)]",100,1000,100,F232017,37948.55356834056,27.84649109840393
HDS,13,"[(-100, 100)]",10,1000,100,F252017,2501.375996005254,19.811816930770878
HDS,13,"[(-100, 100)]",50,1000,100,F242017,4719.847474569167,26.7925398349762
HDS,13,"[(-100, 100)]",100,1000,100,F242017,7363.568937805796,30.540290117263797
Sobol,13,"[(-100, 100)]",10,1000,100,F252017,2975.682936303229,13.229935884475708
Sobol,13,"[(-100, 100)]",30,1000,100,F242017,2866.332724221883,24.89387917518616
Sobol,13,"[(-100, 100)]",100,1000,100,F232017,32152.534037024416,26.880960941314697
HDS,13,"[(-100, 100)]",10,1000,100,F262017,3005.5473513470606,12.092281818389893
Sobol,13,"[(-100, 100)]",50,1000,100,F242017,4345.823593483075,26.99626612663269
Sobol,13,"[(-100, 100)]",100,1000,100,F242017,6741.158495390815,30.46283221244812
HDS,13,"[(-100, 100)]",30,1000,100,F252017,3385.683098901133,71.74275016784668
Sobol,13,"[(-100, 100)]",10,1000,100,F262017,2815.9835481642285,47.25118398666382
HDS,13,"[(-100, 100)]",10,1000,100,F272017,2838.83247432872,8.714683055877686
HDS,13,"[(-100, 100)]",50,1000,100,F252017,4855.18315146953,97.01444673538208
Sobol,13,"[(-100, 100)]",10,1000,100,F272017,2835.549773445572,9.541131973266602
HDS,13,"[(-100, 100)]",30,1000,100,F262017,3217.0391179394524,73.23641204833984
HDS,13,"[(-100, 100)]",50,1000,100,F262017,3947.4414043033776,98.79772901535034
Sobol,13,"[(-100, 100)]",30,1000,100,F252017,3382.7606533098947,70.5621817111969
Sobol,13,"[(-100, 100)]",100,1000,100,F192017,5931.292592168627,199.8067100048065
HDS,13,"[(-100, 100)]",30,1000,100,F272017,2894.073750599225,59.97852921485901
Sobol,13,"[(-100, 100)]",30,1000,100,F262017,3211.4419743601043,72.5028748512268
HDS,13,"[(-100, 100)]",100,1000,100,F252017,14663.821532908702,162.93310499191284
Sobol,13,"[(-100, 100)]",50,1000,100,F252017,4487.098160372108,96.90398383140564
Sobol,13,"[(-100, 100)]",30,1000,100,F272017,2894.9455562378275,46.48820900917053
HDS,13,"[(-100, 100)]",100,1000,100,F262017,5428.364237245083,163.70885801315308
HDS,13,"[(-100, 100)]",50,1000,100,F272017,3234.0558244453227,94.338152885437
Sobol,13,"[(-100, 100)]",50,1000,100,F262017,3777.411796957518,98.39062976837158
HDS,13,"[(-100, 100)]",10,1000,100,F282017,4319.165096841294,63.30162882804871
HDS,13,"[(-100, 100)]",30,1000,100,F282017,9774175.806698622,104.38471794128418
Sobol,13,"[(-100, 100)]",10,1000,100,F282017,4090.688768606941,62.14749217033386
HDS,13,"[(-100, 100)]",100,1000,100,F272017,4607.568171161367,157.3863229751587
Sobol,13,"[(-100, 100)]",50,1000,100,F272017,3310.271183480958,91.80177879333496
Sobol,13,"[(-100, 100)]",100,1000,100,F252017,22857.715857980023,159.06148099899292
HDS,13,"[(-100, 100)]",10,1000,100,F292017,,43.60883903503418
HDS,13,"[(-100, 100)]",50,1000,100,F282017,217522295.6601255,144.4373471736908
Sobol,13,"[(-100, 100)]",100,1000,100,F262017,5564.104331905683,160.74053597450256
HDS,13,"[(-100, 100)]",30,1000,100,F292017,11149930.131447315,58.243093967437744
Sobol,13,"[(-100, 100)]",10,1000,100,F292017,,43.94926309585571
HDS,13,"[(-100, 100)]",10,1000,100,F32017,304.30805046249185,5.645263910293579
Sobol,13,"[(-100, 100)]",30,1000,100,F282017,7578895.797305038,102.43935704231262
Sobol,13,"[(-100, 100)]",10,1000,100,F32017,304.4437996815598,5.805793046951294
HDS,13,"[(-100, 100)]",30,1000,100,F32017,450.4934105388813,16.155050039291382
HDS,13,"[(-100, 100)]",50,1000,100,F32017,1016.5851324164512,15.73980474472046
HDS,13,"[(-100, 100)]",50,1000,100,F292017,2646444921.012881,74.32403683662415
Sobol,13,"[(-100, 100)]",30,1000,100,F32017,352.96119162967545,15.373341798782349
Sobol,13,"[(-100, 100)]",50,1000,100,F32017,786.4972351819122,14.723594903945925
Sobol,13,"[(-100, 100)]",30,1000,100,F292017,9086614.12345313,59.368783712387085
HDS,13,"[(-100, 100)]",100,1000,100,F32017,17838.469102938794,17.15869116783142
HDS,13,"[(-100, 100)]",10,1000,100,F42017,424.28980974239255,13.961863994598389
HDS,13,"[(-100, 100)]",30,1000,100,F42017,686.2006555481731,13.96729826927185
Sobol,13,"[(-100, 100)]",10,1000,100,F42017,428.9338608165618,13.559956073760986
Sobol,13,"[(-100, 100)]",100,1000,100,F32017,9070.9428927071,15.354514837265016
Sobol,13,"[(-100, 100)]",30,1000,100,F42017,725.1670508285322,14.19557809829712
HDS,13,"[(-100, 100)]",10,1000,100,F52017,500.00836853169926,0.3441381454467773
Sobol,13,"[(-100, 100)]",10,1000,100,F52017,500.003088734122,0.1779398918151855
HDS,13,"[(-100, 100)]",30,1000,100,F52017,500.0310449521456,0.5902609825134277
Sobol,13,"[(-100, 100)]",30,1000,100,F52017,500.0668087994086,0.2612831592559814
HDS,13,"[(-100, 100)]",50,1000,100,F52017,500.0672881170663,0.913679838180542
Sobol,13,"[(-100, 100)]",50,1000,100,F52017,500.0918875251669,0.3882770538330078
Sobol,13,"[(-100, 100)]",100,1000,100,F272017,4993.265079131404,155.77189683914185
HDS,13,"[(-100, 100)]",100,1000,100,F52017,500.0912184622546,1.7747881412506104
Sobol,13,"[(-100, 100)]",100,1000,100,F52017,500.1315678105457,0.6512050628662109
HDS,13,"[(-100, 100)]",50,1000,100,F42017,4455.246532398191,15.148322820663452
HDS,13,"[(-100, 100)]",100,1000,100,F282017,3418677120.307455,241.88814878463745
HDS,13,"[(-100, 100)]",100,1000,100,F42017,27272.4649663771,16.80898404121399
HDS,13,"[(-100, 100)]",100,1000,100,F292017,5389406867.840653,112.27886891365053
HDS,13,"[(-100, 100)]",10,1000,100,F62017,647.6685059048672,15.416884899139404
Sobol,13,"[(-100, 100)]",50,1000,100,F42017,3516.102355180743,14.11125421524048
HDS,13,"[(-100, 100)]",30,1000,100,F62017,1155.8274696203596,15.608894109725952
Sobol,13,"[(-100, 100)]",50,1000,100,F292017,539492642.0584627,72.88800001144409
Sobol,13,"[(-100, 100)]",100,1000,100,F42017,39625.79133393526,15.177786111831663
Sobol,13,"[(-100, 100)]",50,1000,100,F282017,819662434.206067,143.56454515457153
Sobol,13,"[(-100, 100)]",10,1000,100,F62017,649.6129994490176,15.715877771377563
HDS,13,"[(-100, 100)]",50,1000,100,F62017,101700.86631193403,16.99646282196045
Sobol,13,"[(-100, 100)]",30,1000,100,F62017,1715.4984369970564,16.14560317993164
HDS,13,"[(-100, 100)]",100,1000,100,F62017,1001190.909311774,18.01921486854553
HDS,13,"[(-100, 100)]",10,1000,100,F72017,733.440060237384,20.608767986297607
HDS,13,"[(-100, 100)]",30,1000,100,F72017,1090.3511179029606,20.772176027297974
Sobol,13,"[(-100, 100)]",50,1000,100,F62017,73690.72012796755,15.774622917175291
HDS,13,"[(-100, 100)]",10,1000,100,F82017,802.4024701277192,1.1552138328552246
Sobol,13,"[(-100, 100)]",10,1000,100,F82017,801.0658524104648,0.8078110218048096
HDS,13,"[(-100, 100)]",50,1000,100,F72017,1576.1158558497978,20.94456195831299
Sobol,13,"[(-100, 100)]",100,1000,100,F62017,1433762.689049973,16.72005295753479
HDS,13,"[(-100, 100)]",100,1000,100,F72017,3042.079613236508,21.587098121643063
HDS,13,"[(-100, 100)]",30,1000,100,F82017,810.9107090087047,4.44536018371582
Sobol,13,"[(-100, 100)]",30,1000,100,F82017,808.6532958691762,3.536808967590332
Sobol,13,"[(-100, 100)]",10,1000,100,F72017,738.1325721714468,20.16677713394165
HDS,13,"[(-100, 100)]",50,1000,100,F82017,817.4828432057656,10.490908861160278
Sobol,13,"[(-100, 100)]",30,1000,100,F72017,1150.211053865171,20.418615102767944
Sobol,13,"[(-100, 100)]",50,1000,100,F72017,1683.478127978785,19.77037596702576
Sobol,13,"[(-100, 100)]",100,1000,100,F72017,3152.34684770843,20.01856112480164
Sobol,13,"[(-100, 100)]",50,1000,100,F82017,813.5770792588412,12.134538888931274
HDS,13,"[(-100, 100)]",100,1000,100,F82017,945.3884825943531,17.441824913024902
HDS,13,"[(-100, 100)]",10,1000,100,F92017,-586.4499518580224,19.904189825057983
HDS,13,"[(-100, 100)]",30,1000,100,F92017,1846.9568003854547,20.129636764526367
HDS,14,"[(-100, 100)]",10,1000,100,F102017,1061.0513399897136,16.581752061843872
HDS,13,"[(-100, 100)]",50,1000,100,F92017,10293.583079261089,20.605286836624146
Sobol,13,"[(-100, 100)]",100,1000,100,F82017,875.6135974130464,16.44922709465027
HDS,13,"[(-100, 100)]",100,1000,100,F92017,24834.77133296169,22.18596887588501
Sobol,13,"[(-100, 100)]",10,1000,100,F92017,-697.9547688925213,19.604936838150024
Sobol,13,"[(-100, 100)]",30,1000,100,F92017,3340.664507188265,19.966130018234253
Sobol,14,"[(-100, 100)]",10,1000,100,F102017,1041.1290130660238,16.695213794708252
HDS,14,"[(-100, 100)]",30,1000,100,F102017,72520.26519012672,16.889302968978882
Sobol,13,"[(-100, 100)]",50,1000,100,F92017,10004.369441451348,20.686023950576782
HDS,14,"[(-100, 100)]",50,1000,100,F102017,165417.73782240134,18.201313972473145
Sobol,13,"[(-100, 100)]",100,1000,100,F92017,26231.637276035974,21.051491022109985
Sobol,13,"[(-100, 100)]",100,1000,100,F292017,18584962710.2962,110.4089858531952
HDS,14,"[(-100, 100)]",100,1000,100,F102017,1509266.9174227484,19.06670594215393
Sobol,14,"[(-100, 100)]",30,1000,100,F102017,61742.69974498513,16.750808238983154
HDS,14,"[(-100, 100)]",10,1000,100,F112017,53967.87518744062,20.880085945129395
HDS,14,"[(-100, 100)]",30,1000,100,F112017,28546831.246212475,21.613663911819454
Sobol,14,"[(-100, 100)]",50,1000,100,F102017,331767.21403521055,17.33940577507019
HDS,14,"[(-100, 100)]",10,1000,100,F12017,27292.59478653085,13.35330581665039
HDS,14,"[(-100, 100)]",50,1000,100,F112017,203713862.24766544,21.452104091644287
Sobol,14,"[(-100, 100)]",100,1000,100,F102017,731243.3999801081,17.88671112060547
HDS,14,"[(-100, 100)]",100,1000,100,F112017,6302696105.451802,22.63202714920044
HDS,14,"[(-100, 100)]",30,1000,100,F12017,99362010.1486988,14.207714796066284
Sobol,14,"[(-100, 100)]",10,1000,100,F112017,70549.56455279447,19.96837615966797
Sobol,14,"[(-100, 100)]",10,1000,100,F12017,15873.53092742344,13.151663780212402
HDS,14,"[(-100, 100)]",50,1000,100,F12017,1112033696.7105105,13.85211992263794
Sobol,14,"[(-100, 100)]",30,1000,100,F112017,58885653.61665721,21.01875400543213
Sobol,14,"[(-100, 100)]",50,1000,100,F112017,250969313.60453027,20.57867383956909
Sobol,14,"[(-100, 100)]",30,1000,100,F12017,3224346.002616344,14.110274076461792
HDS,14,"[(-100, 100)]",100,1000,100,F12017,24767106547.13436,14.672589778900146
Sobol,14,"[(-100, 100)]",100,1000,100,F112017,2160677120.084157,21.916868925094604
Sobol,14,"[(-100, 100)]",50,1000,100,F12017,2068029928.9436245,13.896023035049438
HDS,14,"[(-100, 100)]",10,1000,100,F122017,1354.9558052463597,18.288823127746586
HDS,14,"[(-100, 100)]",30,1000,100,F122017,382858.5177762417,19.156803846359253
Sobol,14,"[(-100, 100)]",100,1000,100,F12017,42287795380.80109,14.442028045654297
HDS,14,"[(-100, 100)]",50,1000,100,F122017,23581559.06378573,18.939138889312744
HDS,14,"[(-100, 100)]",100,1000,100,F122017,3691919843.4263806,20.98352313041687
HDS,14,"[(-100, 100)]",10,1000,100,F132017,1376.7608334166334,18.216053009033203
HDS,14,"[(-100, 100)]",30,1000,100,F132017,170402.1602302511,19.387840032577515
Sobol,14,"[(-100, 100)]",10,1000,100,F122017,1437.1019590552803,17.5911808013916
Sobol,14,"[(-100, 100)]",30,1000,100,F122017,1814841.3971162017,18.05103588104248
Sobol,14,"[(-100, 100)]",50,1000,100,F122017,9527486.757020175,17.907645225524902
HDS,14,"[(-100, 100)]",50,1000,100,F132017,2311393.2099651457,20.349287748336792
Sobol,14,"[(-100, 100)]",10,1000,100,F132017,1442.3106952549792,17.752352952957153
Sobol,14,"[(-100, 100)]",100,1000,100,F122017,1465989424.8859644,19.44407081604004
Sobol,14,"[(-100, 100)]",30,1000,100,F132017,186728.8244297685,19.45109724998474
HDS,14,"[(-100, 100)]",10,1000,100,F142017,1611.690156250511,18.534943103790283
HDS,14,"[(-100, 100)]",100,1000,100,F132017,25967743.57812004,24.680865049362183
HDS,14,"[(-100, 100)]",30,1000,100,F142017,225231.62828299677,18.442594051361084
Sobol,14,"[(-100, 100)]",50,1000,100,F132017,1750229.0679321075,20.14860725402832
HDS,14,"[(-100, 100)]",50,1000,100,F142017,5341696.016051765,18.400243759155277
HDS,14,"[(-100, 100)]",100,1000,100,F142017,444101864.6102333,20.380535125732425
Sobol,14,"[(-100, 100)]",10,1000,100,F142017,1504.5909760548395,17.56073021888733
HDS,14,"[(-100, 100)]",10,1000,100,F152017,1346.5141372764476,24.214637994766235
Sobol,14,"[(-100, 100)]",30,1000,100,F142017,986101.3651533944,17.175771713256836
Sobol,14,"[(-100, 100)]",100,1000,100,F132017,27119973.104155272,23.02846884727478
Sobol,14,"[(-100, 100)]",50,1000,100,F142017,4856340.117930269,18.394253969192505
Sobol,14,"[(-100, 100)]",100,1000,100,F142017,618386593.6455891,19.209362030029297
Sobol,13,"[(-100, 100)]",100,1000,100,F282017,6147437208.075228,242.81400990486145
HDS,14,"[(-100, 100)]",30,1000,100,F152017,2924.588662011137,30.474648237228397
Sobol,14,"[(-100, 100)]",10,1000,100,F152017,1380.778137513296,25.943320989608765
HDS,14,"[(-100, 100)]",50,1000,100,F152017,12460.306589286223,37.608598947525024
HDS,14,"[(-100, 100)]",10,1000,100,F172017,,20.53389406204224
HDS,14,"[(-100, 100)]",10,1000,100,F162017,1525.130438797676,43.33631896972656
Sobol,14,"[(-100, 100)]",30,1000,100,F152017,2746.012861379176,31.43130898475647
HDS,14,"[(-100, 100)]",100,1000,100,F152017,76321.02039490869,51.32588505744934
Sobol,14,"[(-100, 100)]",10,1000,100,F172017,,20.58581686019897
HDS,14,"[(-100, 100)]",30,1000,100,F172017,74350.99613574629,20.714865922927856
Sobol,14,"[(-100, 100)]",50,1000,100,F152017,11266.968552731743,37.70914912223816
HDS,14,"[(-100, 100)]",30,1000,100,F162017,181779.42602105395,78.2288658618927
HDS,14,"[(-100, 100)]",50,1000,100,F172017,1420163.8965017428,19.74460482597351
Sobol,14,"[(-100, 100)]",30,1000,100,F172017,77044.17148142864,19.085973978042603
Sobol,14,"[(-100, 100)]",10,1000,100,F162017,1512.409255674342,43.329394817352295
HDS,14,"[(-100, 100)]",100,1000,100,F172017,13008099.02467919,21.438591957092285
Sobol,14,"[(-100, 100)]",100,1000,100,F152017,908298.1414110994,49.200923204422
Sobol,14,"[(-100, 100)]",50,1000,100,F172017,983186.2456718882,19.60074210166931
HDS,14,"[(-100, 100)]",10,1000,100,F182017,1809.7004121902464,19.73724627494812
Sobol,14,"[(-100, 100)]",100,1000,100,F172017,20389628.22172581,20.309250116348267
HDS,14,"[(-100, 100)]",50,1000,100,F162017,6888520.052036715,113.90578198432922
Sobol,14,"[(-100, 100)]",10,1000,100,F182017,1808.021681755795,21.71192693710327
HDS,14,"[(-100, 100)]",30,1000,100,F182017,501237.3394664851,43.11731195449829
HDS,14,"[(-100, 100)]",10,1000,100,F192017,1822.637195630088,42.09550976753235
HDS,14,"[(-100, 100)]",50,1000,100,F182017,686363.4513402814,58.1289439201355
Sobol,14,"[(-100, 100)]",30,1000,100,F162017,70701.1536105471,75.46545195579529
Sobol,14,"[(-100, 100)]",30,1000,100,F182017,1059864.607738164,42.87948131561279
Sobol,14,"[(-100, 100)]",10,1000,100,F192017,1840.0372252771203,40.39508295059204
HDS,14,"[(-100, 100)]",100,1000,100,F182017,1216449138.4260056,93.71654891967772
HDS,14,"[(-100, 100)]",10,1000,100,F202017,2129.1592057481043,9.493186950683594
HDS,14,"[(-100, 100)]",30,1000,100,F192017,2469.400905520966,76.11191391944885
HDS,14,"[(-100, 100)]",100,1000,100,F162017,97645602020.24194,200.03181099891663
Sobol,14,"[(-100, 100)]",10,1000,100,F202017,2133.107196802196,8.561463117599487
Sobol,14,"[(-100, 100)]",50,1000,100,F182017,11687417.222592903,56.15931224822998
HDS,14,"[(-100, 100)]",30,1000,100,F202017,2360.332884465623,22.000600814819336
Sobol,14,"[(-100, 100)]",50,1000,100,F162017,8392620.638995524,111.42178106307983
HDS,14,"[(-100, 100)]",50,1000,100,F202017,4066.061073658535,23.12584614753723
Sobol,14,"[(-100, 100)]",30,1000,100,F202017,2291.8805900370307,22.46050715446472
Sobol,14,"[(-100, 100)]",50,1000,100,F202017,4768.231558160791,22.13514494895935
HDS,14,"[(-100, 100)]",10,1000,100,F212017,2216.808229776704,3.0745630264282227
HDS,14,"[(-100, 100)]",100,1000,100,F202017,22222.709976603703,26.12755799293518
Sobol,14,"[(-100, 100)]",10,1000,100,F212017,2216.707774560849,2.8306829929351807
HDS,14,"[(-100, 100)]",50,1000,100,F192017,2519.599966953754,111.8567008972168
Sobol,14,"[(-100, 100)]",30,1000,100,F192017,3732.6545136598033,77.43158411979675
Sobol,14,"[(-100, 100)]",100,1000,100,F202017,51975.65910388113,24.71355700492859
HDS,14,"[(-100, 100)]",30,1000,100,F212017,2264.3485281356443,27.1717848777771
HDS,14,"[(-100, 100)]",50,1000,100,F212017,2468.687616029168,27.756319999694824
Sobol,14,"[(-100, 100)]",100,1000,100,F182017,774848350.7949522,93.72203207015993
HDS,14,"[(-100, 100)]",10,1000,100,F22017,202.4325469523237,14.48508906364441
HDS,14,"[(-100, 100)]",30,1000,100,F22017,13003.401705795162,14.225407838821411
HDS,14,"[(-100, 100)]",100,1000,100,F212017,3082.1768159472385,29.480212926864624
Sobol,14,"[(-100, 100)]",30,1000,100,F212017,2302.94771848667,26.243152141571045
Sobol,14,"[(-100, 100)]",10,1000,100,F22017,200.64208939175523,14.74639105796814
Sobol,14,"[(-100, 100)]",50,1000,100,F212017,2526.809780748345,26.68742799758911
Sobol,14,"[(-100, 100)]",30,1000,100,F22017,11715.693669348788,13.527403116226196
HDS,14,"[(-100, 100)]",50,1000,100,F22017,74513.95900382509,14.000135898590088
HDS,14,"[(-100, 100)]",10,1000,100,F222017,2363.129868566165,12.71766185760498
HDS,14,"[(-100, 100)]",100,1000,100,F22017,280398.0587628934,15.766984939575195
Sobol,14,"[(-100, 100)]",100,1000,100,F212017,3373.4489223978526,28.392024993896484
Sobol,14,"[(-100, 100)]",50,1000,100,F22017,100623.72298361188,13.968528032302856
Sobol,14,"[(-100, 100)]",10,1000,100,F222017,2363.5206592973163,10.757612228393556
Sobol,14,"[(-100, 100)]",100,1000,100,F22017,290954.7070356033,15.366803169250488
HDS,14,"[(-100, 100)]",30,1000,100,F222017,2923.746113238976,29.803082942962646
HDS,14,"[(-100, 100)]",10,1000,100,F232017,2541.463875531711,9.92349123954773
Sobol,14,"[(-100, 100)]",10,1000,100,F232017,2533.765107916656,9.474169731140137
HDS,14,"[(-100, 100)]",50,1000,100,F222017,11388.87124931306,29.23287296295166
HDS,14,"[(-100, 100)]",30,1000,100,F232017,2722.6963487804637,24.46942615509033
HDS,14,"[(-100, 100)]",100,1000,100,F222017,25308.71928860547,31.629287004470825
HDS,14,"[(-100, 100)]",100,1000,100,F192017,6564.673015707504,201.9894909858704
Sobol,14,"[(-100, 100)]",30,1000,100,F222017,3267.1811330995124,29.32046604156494
Sobol,14,"[(-100, 100)]",50,1000,100,F192017,3072.5693748691174,110.67567801475523
HDS,14,"[(-100, 100)]",50,1000,100,F232017,5849.995103864108,24.75872683525085
HDS,14,"[(-100, 100)]",10,1000,100,F242017,2885.50540897249,9.221816062927246
Sobol,14,"[(-100, 100)]",30,1000,100,F232017,2700.002978874128,23.87436580657959
Sobol,14,"[(-100, 100)]",50,1000,100,F222017,5206.540282444799,29.42595601081848
Sobol,14,"[(-100, 100)]",10,1000,100,F242017,2890.178892612529,9.69512391090393
Sobol,14,"[(-100, 100)]",100,1000,100,F222017,26836.43313341902,31.60336995124817
HDS,14,"[(-100, 100)]",100,1000,100,F232017,49087.12521746856,27.9897038936615
Sobol,14,"[(-100, 100)]",100,1000,100,F162017,37882343708.38286,197.0044116973877
Sobol,14,"[(-100, 100)]",50,1000,100,F232017,5688.634300216187,24.771077871322632
HDS,14,"[(-100, 100)]",10,1000,100,F252017,2973.81350404752,14.465388059616089
HDS,14,"[(-100, 100)]",30,1000,100,F242017,2865.249199652756,24.89672303199768
HDS,14,"[(-100, 100)]",50,1000,100,F242017,5054.509303464711,27.80585813522339
Sobol,14,"[(-100, 100)]",10,1000,100,F252017,2972.703822811738,14.125828981399536
HDS,14,"[(-100, 100)]",100,1000,100,F242017,6741.27217123512,30.726314067840576
Sobol,14,"[(-100, 100)]",100,1000,100,F232017,44636.80174329173,26.945465087890625
Sobol,14,"[(-100, 100)]",30,1000,100,F242017,2865.5515295663427,25.002438068389893
HDS,14,"[(-100, 100)]",10,1000,100,F262017,2978.868112798587,16.683587074279785
Sobol,14,"[(-100, 100)]",50,1000,100,F242017,4312.148888275402,26.371140956878666
Sobol,14,"[(-100, 100)]",100,1000,100,F242017,6710.315200804704,29.63819909095764
HDS,14,"[(-100, 100)]",30,1000,100,F252017,3398.649876726883,70.41121196746826
Sobol,14,"[(-100, 100)]",10,1000,100,F262017,2593.7978282226736,45.46675205230713
HDS,14,"[(-100, 100)]",10,1000,100,F272017,2849.5408470108646,9.927486896514893
HDS,14,"[(-100, 100)]",50,1000,100,F252017,4863.0481067779965,97.55170583724976
HDS,14,"[(-100, 100)]",30,1000,100,F262017,3209.334052677153,71.94039297103882
Sobol,14,"[(-100, 100)]",10,1000,100,F272017,2817.3285419076856,10.269394874572754
Sobol,14,"[(-100, 100)]",30,1000,100,F252017,3391.2641082361,70.16183304786682
HDS,14,"[(-100, 100)]",50,1000,100,F262017,3982.9809269230127,97.81957817077635
HDS,14,"[(-100, 100)]",30,1000,100,F272017,2879.885914680712,62.009873151779175
Sobol,14,"[(-100, 100)]",100,1000,100,F192017,5272.359574477412,202.64762210845947
Sobol,14,"[(-100, 100)]",30,1000,100,F262017,3199.6102054599637,65.0002589225769
HDS,14,"[(-100, 100)]",100,1000,100,F252017,23112.631815527377,160.1806981563568
Sobol,14,"[(-100, 100)]",50,1000,100,F252017,5106.937096167967,96.39885711669922
HDS,14,"[(-100, 100)]",100,1000,100,F262017,5109.236389074013,161.7728350162506
Sobol,14,"[(-100, 100)]",30,1000,100,F272017,2912.867343443366,54.56653308868408
HDS,14,"[(-100, 100)]",50,1000,100,F272017,3250.9133989094635,92.3907241821289
HDS,14,"[(-100, 100)]",10,1000,100,F282017,4021.302019951872,61.78093504905701
Sobol,14,"[(-100, 100)]",50,1000,100,F262017,3687.6508621444254,97.19583201408386
Sobol,14,"[(-100, 100)]",10,1000,100,F282017,4194.0936613826025,62.81782603263855
HDS,14,"[(-100, 100)]",30,1000,100,F282017,16119065.155477809,103.00222778320312
Sobol,14,"[(-100, 100)]",50,1000,100,F272017,3265.6316258141496,92.11179184913637
HDS,14,"[(-100, 100)]",100,1000,100,F272017,5300.360685125456,157.88840508461
HDS,14,"[(-100, 100)]",10,1000,100,F292017,,43.64221000671387
Sobol,14,"[(-100, 100)]",100,1000,100,F252017,18646.26813001941,159.78601121902466
HDS,14,"[(-100, 100)]",50,1000,100,F282017,117098012.90645836,143.6380970478058
Sobol,14,"[(-100, 100)]",100,1000,100,F262017,5547.723305794897,161.02863812446594
HDS,14,"[(-100, 100)]",30,1000,100,F292017,12931475.486184774,59.40619921684265
Sobol,14,"[(-100, 100)]",10,1000,100,F292017,,44.16584396362305
HDS,14,"[(-100, 100)]",10,1000,100,F32017,309.74497743379675,5.772768974304199
Sobol,14,"[(-100, 100)]",10,1000,100,F32017,309.7162591676811,4.477295875549316
Sobol,14,"[(-100, 100)]",30,1000,100,F282017,7052913.365651814,101.36284184455872
HDS,14,"[(-100, 100)]",30,1000,100,F32017,356.79217193758984,14.077991008758543
HDS,14,"[(-100, 100)]",50,1000,100,F32017,691.5442331354297,14.299293041229248
HDS,14,"[(-100, 100)]",50,1000,100,F292017,800277344.2994221,73.38787579536438
Sobol,14,"[(-100, 100)]",30,1000,100,F32017,391.7582749133219,13.970151901245115
Sobol,14,"[(-100, 100)]",50,1000,100,F32017,919.052908889394,14.16221284866333
HDS,14,"[(-100, 100)]",100,1000,100,F32017,5145.897453505477,16.03860306739807
Sobol,14,"[(-100, 100)]",30,1000,100,F292017,7178459.039574175,57.2943811416626
HDS,14,"[(-100, 100)]",10,1000,100,F42017,425.2611105531468,13.801578044891356
Sobol,14,"[(-100, 100)]",100,1000,100,F32017,12185.88638447076,14.594502210617064
Sobol,14,"[(-100, 100)]",10,1000,100,F42017,428.7195044013059,13.290230989456177
HDS,14,"[(-100, 100)]",30,1000,100,F42017,762.6832926777095,13.834463119506836
HDS,14,"[(-100, 100)]",50,1000,100,F42017,5395.367291770805,14.217544794082642
Sobol,14,"[(-100, 100)]",30,1000,100,F42017,849.3686741194899,13.862469911575316
HDS,14,"[(-100, 100)]",10,1000,100,F52017,500.0058037856935,0.3684558868408203
Sobol,14,"[(-100, 100)]",10,1000,100,F52017,500.0077669706818,0.1980941295623779
HDS,14,"[(-100, 100)]",30,1000,100,F52017,500.06542948130704,0.6507070064544678
HDS,14,"[(-100, 100)]",100,1000,100,F42017,28856.600484551647,15.53990912437439
Sobol,14,"[(-100, 100)]",30,1000,100,F52017,500.0682806539168,0.2896828651428222
HDS,14,"[(-100, 100)]",50,1000,100,F52017,500.05894833407353,0.801292896270752
Sobol,14,"[(-100, 100)]",50,1000,100,F52017,500.0810322353333,0.3940343856811523
HDS,14,"[(-100, 100)]",100,1000,100,F52017,500.0840394910489,1.7202329635620115
Sobol,14,"[(-100, 100)]",100,1000,100,F52017,500.1376399692311,0.6362309455871582
HDS,14,"[(-100, 100)]",100,1000,100,F282017,2976249621.2127194,242.75466918945312
Sobol,14,"[(-100, 100)]",50,1000,100,F42017,3567.7020951257145,13.92940092086792
Sobol,14,"[(-100, 100)]",100,1000,100,F272017,4953.084924647856,153.24500608444214
Sobol,14,"[(-100, 100)]",100,1000,100,F42017,36102.97098935298,14.28082013130188
HDS,14,"[(-100, 100)]",100,1000,100,F292017,2528036211.084196,110.23585391044617
Sobol,14,"[(-100, 100)]",50,1000,100,F292017,874620251.5779392,72.65463972091675
HDS,14,"[(-100, 100)]",10,1000,100,F62017,658.379238935519,15.8347589969635
HDS,14,"[(-100, 100)]",30,1000,100,F62017,3273.6159394406177,16.221540927886963
HDS,14,"[(-100, 100)]",50,1000,100,F62017,40512.91747604848,16.65851902961731
HDS,14,"[(-100, 100)]",100,1000,100,F62017,1575418.5952926795,17.547407865524292
Sobol,14,"[(-100, 100)]",10,1000,100,F62017,650.6368035723241,15.431376934051514
HDS,14,"[(-100, 100)]",10,1000,100,F72017,738.0,19.31216073036194
Sobol,14,"[(-100, 100)]",50,1000,100,F282017,1093351652.7291038,140.92145204544067
Sobol,14,"[(-100, 100)]",30,1000,100,F62017,1472.172491604143,15.46594786643982
Sobol,14,"[(-100, 100)]",50,1000,100,F62017,45538.678380014855,15.841411828994753
HDS,14,"[(-100, 100)]",10,1000,100,F82017,801.2885636916177,0.8684720993041992
Sobol,14,"[(-100, 100)]",10,1000,100,F82017,801.9694048431109,0.8172831535339355
Sobol,14,"[(-100, 100)]",100,1000,100,F62017,1137414.6337660167,16.14749503135681
HDS,14,"[(-100, 100)]",30,1000,100,F82017,809.6627197098356,4.110248804092407
HDS,14,"[(-100, 100)]",30,1000,100,F72017,1165.5242708404478,19.45784902572632
Sobol,14,"[(-100, 100)]",30,1000,100,F82017,809.008646535342,5.919088125228882
Sobol,14,"[(-100, 100)]",10,1000,100,F72017,743.6987009303327,19.142466068267822
HDS,14,"[(-100, 100)]",50,1000,100,F82017,823.5076168283371,11.124429941177368
HDS,14,"[(-100, 100)]",50,1000,100,F72017,1567.048309754993,20.942267894744877
HDS,14,"[(-100, 100)]",100,1000,100,F72017,3259.72387362267,22.550944089889526
Sobol,14,"[(-100, 100)]",50,1000,100,F82017,819.0078497493236,6.968765258789063
HDS,14,"[(-100, 100)]",100,1000,100,F82017,926.7727128118114,17.590958833694458
Sobol,14,"[(-100, 100)]",30,1000,100,F72017,1170.452460089427,19.5200309753418
HDS,14,"[(-100, 100)]",10,1000,100,F92017,-1285.8540152840833,19.156141996383667
Sobol,14,"[(-100, 100)]",50,1000,100,F72017,1644.0379905827376,20.41778802871704
HDS,14,"[(-100, 100)]",30,1000,100,F92017,4124.420372879378,19.460559844970703
Sobol,14,"[(-100, 100)]",100,1000,100,F72017,3243.249091910652,21.29453206062317
Sobol,14,"[(-100, 100)]",100,1000,100,F82017,912.6369938284456,16.8261821269989
HDS,14,"[(-100, 100)]",50,1000,100,F92017,8657.143778378573,20.06233811378479
Sobol,14,"[(-100, 100)]",10,1000,100,F92017,-1335.344002008056,18.22398829460144
HDS,14,"[(-100, 100)]",100,1000,100,F92017,24736.72561484884,21.719013214111328
HDS,15,"[(-100, 100)]",10,1000,100,F102017,1026.11254695561,17.163426876068115
Sobol,14,"[(-100, 100)]",30,1000,100,F92017,3245.822987105033,18.725710153579712
HDS,15,"[(-100, 100)]",30,1000,100,F102017,83664.58083299085,16.595167875289917
HDS,15,"[(-100, 100)]",50,1000,100,F102017,221581.30069057696,17.2356059551239
Sobol,14,"[(-100, 100)]",50,1000,100,F92017,8146.268497121391,19.62360405921936
Sobol,15,"[(-100, 100)]",10,1000,100,F102017,1092.8317590096426,17.827001810073853
HDS,15,"[(-100, 100)]",100,1000,100,F102017,522889.3040051437,18.76241397857666
Sobol,14,"[(-100, 100)]",100,1000,100,F92017,24736.926540922606,22.17142915725708
Sobol,15,"[(-100, 100)]",30,1000,100,F102017,62758.80836686463,17.21846079826355
Sobol,14,"[(-100, 100)]",100,1000,100,F292017,6408639021.668099,111.39975237846376
Sobol,15,"[(-100, 100)]",50,1000,100,F102017,194252.97479325923,17.03571105003357
HDS,15,"[(-100, 100)]",10,1000,100,F112017,84551.03610099379,20.480525970458984
Sobol,15,"[(-100, 100)]",100,1000,100,F102017,1970241.283537099,16.998229026794434
HDS,15,"[(-100, 100)]",10,1000,100,F12017,3243.282008373121,13.944747924804688
HDS,15,"[(-100, 100)]",30,1000,100,F12017,1767120.6054390694,13.429144144058228
HDS,15,"[(-100, 100)]",30,1000,100,F112017,24628650.851283103,21.777349948883057
HDS,15,"[(-100, 100)]",50,1000,100,F112017,506883190.8653032,21.826196432113647
HDS,15,"[(-100, 100)]",100,1000,100,F112017,4214137548.986959,22.29436230659485
HDS,15,"[(-100, 100)]",50,1000,100,F12017,305045051.0040685,13.383081912994385
Sobol,15,"[(-100, 100)]",10,1000,100,F112017,169022.7932953969,20.027766942977905
Sobol,15,"[(-100, 100)]",10,1000,100,F12017,11885.46301831156,13.663257837295532
Sobol,15,"[(-100, 100)]",30,1000,100,F12017,28879811.473320685,12.900677919387816
Sobol,15,"[(-100, 100)]",30,1000,100,F112017,56815252.60131432,21.191113233566284
Sobol,15,"[(-100, 100)]",50,1000,100,F12017,761829996.196425,12.935352087020874
Sobol,15,"[(-100, 100)]",50,1000,100,F112017,546161923.1093073,21.46842694282532
Sobol,15,"[(-100, 100)]",100,1000,100,F112017,5519492833.395699,21.280909061431885
HDS,15,"[(-100, 100)]",100,1000,100,F12017,20687440989.1501,14.700621128082275
HDS,15,"[(-100, 100)]",30,1000,100,F122017,394303.6912797863,17.28782296180725
HDS,15,"[(-100, 100)]",10,1000,100,F122017,1494.091846164107,17.9996018409729
Sobol,15,"[(-100, 100)]",100,1000,100,F12017,40558899441.37544,13.50318717956543
HDS,15,"[(-100, 100)]",50,1000,100,F122017,52039440.406371735,18.444823026657104
HDS,15,"[(-100, 100)]",10,1000,100,F132017,1362.3859751721698,17.778934955596924
HDS,15,"[(-100, 100)]",100,1000,100,F122017,2465601563.479183,18.87768507003784
HDS,15,"[(-100, 100)]",30,1000,100,F132017,181273.80219397883,18.72604274749756
Sobol,15,"[(-100, 100)]",30,1000,100,F122017,101482.18433567256,17.0263888835907
Sobol,15,"[(-100, 100)]",10,1000,100,F122017,2156.890300865989,17.44835901260376
Sobol,15,"[(-100, 100)]",50,1000,100,F122017,15246994.233836424,18.2503719329834
HDS,15,"[(-100, 100)]",50,1000,100,F132017,2047366.8032909604,20.105507850646973
Sobol,15,"[(-100, 100)]",10,1000,100,F132017,1352.5729142001762,18.13547968864441
Sobol,15,"[(-100, 100)]",100,1000,100,F122017,4930960648.117871,17.515703916549683
Sobol,15,"[(-100, 100)]",30,1000,100,F132017,235774.0508293836,18.86486506462097
HDS,15,"[(-100, 100)]",10,1000,100,F142017,2143.240584505287,18.440726041793823
HDS,15,"[(-100, 100)]",100,1000,100,F132017,47798228.25073069,23.97838020324707
HDS,15,"[(-100, 100)]",30,1000,100,F142017,595494.1363766838,19.055928230285645
HDS,15,"[(-100, 100)]",50,1000,100,F142017,5801249.677311959,19.105211973190308
HDS,15,"[(-100, 100)]",100,1000,100,F142017,681657891.0914671,19.299522161483765
Sobol,15,"[(-100, 100)]",50,1000,100,F132017,2657926.222741833,20.21189594268799
HDS,15,"[(-100, 100)]",10,1000,100,F152017,1337.8890340172304,21.504515886306763
Sobol,15,"[(-100, 100)]",10,1000,100,F142017,1693.290307198613,18.35146808624268
Sobol,15,"[(-100, 100)]",100,1000,100,F132017,30542632.046536937,23.5927631855011
Sobol,15,"[(-100, 100)]",30,1000,100,F142017,791923.5974945042,18.356574058532715
Sobol,15,"[(-100, 100)]",50,1000,100,F142017,13530344.95896596,18.15436792373657
Sobol,15,"[(-100, 100)]",100,1000,100,F142017,651670786.6956658,18.059361219406128
Sobol,15,"[(-100, 100)]",10,1000,100,F152017,1337.568879597536,14.467159986495972
HDS,15,"[(-100, 100)]",30,1000,100,F152017,3178.6315835019354,29.790891885757446
Sobol,14,"[(-100, 100)]",100,1000,100,F282017,33377799738.56013,241.38016176223755
HDS,15,"[(-100, 100)]",50,1000,100,F152017,10785.863738263222,36.16364812850952
HDS,15,"[(-100, 100)]",10,1000,100,F172017,,19.07226014137268
HDS,15,"[(-100, 100)]",10,1000,100,F162017,1485.8094191840332,41.87018013000488
Sobol,15,"[(-100, 100)]",30,1000,100,F152017,4030.786789079264,29.537206888198853
HDS,15,"[(-100, 100)]",100,1000,100,F152017,96841.12262177643,48.41631317138672
Sobol,15,"[(-100, 100)]",10,1000,100,F172017,,18.648380994796756
Sobol,15,"[(-100, 100)]",50,1000,100,F152017,8456.11915349562,35.14776086807251
HDS,15,"[(-100, 100)]",30,1000,100,F172017,204253.50052651975,19.237032175064087
HDS,15,"[(-100, 100)]",50,1000,100,F172017,1277028.5310705905,19.93745303153992
HDS,15,"[(-100, 100)]",30,1000,100,F162017,97357.91483952536,76.02097296714783
HDS,15,"[(-100, 100)]",100,1000,100,F172017,15423363.004985012,21.692219972610477
Sobol,15,"[(-100, 100)]",30,1000,100,F172017,117252.55431859028,18.995132207870483
Sobol,15,"[(-100, 100)]",10,1000,100,F162017,1502.192483312256,41.41551423072815
Sobol,15,"[(-100, 100)]",50,1000,100,F172017,1040134.6981994298,18.785067081451416
Sobol,15,"[(-100, 100)]",100,1000,100,F152017,973556.0003217376,47.12186217308045
HDS,15,"[(-100, 100)]",10,1000,100,F182017,1809.0065952609552,18.473253965377808
Sobol,15,"[(-100, 100)]",100,1000,100,F172017,16939389.04965927,20.43579912185669
HDS,15,"[(-100, 100)]",50,1000,100,F162017,16532378.354230452,108.42113089561462
Sobol,15,"[(-100, 100)]",10,1000,100,F182017,1809.10073293852,20.774152755737305
HDS,15,"[(-100, 100)]",30,1000,100,F182017,398342.07589902496,43.625402212142944
HDS,15,"[(-100, 100)]",10,1000,100,F192017,1835.3388105835536,41.56446099281311
HDS,15,"[(-100, 100)]",50,1000,100,F182017,6321410.650314305,56.930145025253296
Sobol,15,"[(-100, 100)]",30,1000,100,F162017,89588.16253857472,75.60594201087952
Sobol,15,"[(-100, 100)]",30,1000,100,F182017,339537.25827916025,43.20989394187927
Sobol,15,"[(-100, 100)]",10,1000,100,F192017,1840.56492502649,41.288249015808105
HDS,15,"[(-100, 100)]",100,1000,100,F182017,971342069.6871848,93.5433120727539
HDS,15,"[(-100, 100)]",10,1000,100,F202017,2145.8757407515773,8.447381973266602
HDS,15,"[(-100, 100)]",30,1000,100,F192017,2708.482875598784,75.08093500137329
HDS,15,"[(-100, 100)]",100,1000,100,F162017,663110446241.9817,194.73444628715515
Sobol,15,"[(-100, 100)]",10,1000,100,F202017,2130.831736495111,7.971222162246704
Sobol,15,"[(-100, 100)]",50,1000,100,F182017,6427467.486398246,57.32282900810242
Sobol,15,"[(-100, 100)]",50,1000,100,F162017,40071424.81313796,107.00679898262024
HDS,15,"[(-100, 100)]",30,1000,100,F202017,2215.945006621004,20.601407051086422
HDS,15,"[(-100, 100)]",50,1000,100,F202017,3958.9572529120014,22.36201906204224
HDS,15,"[(-100, 100)]",100,1000,100,F202017,53013.45265471943,25.001912117004395
Sobol,15,"[(-100, 100)]",30,1000,100,F202017,2471.010274913334,21.549203872680664
HDS,15,"[(-100, 100)]",10,1000,100,F212017,2216.120567602489,2.7843801975250244
Sobol,15,"[(-100, 100)]",10,1000,100,F212017,2217.778350838448,2.4499478340148926
Sobol,15,"[(-100, 100)]",50,1000,100,F202017,3489.4448231724427,22.00043892860413
HDS,15,"[(-100, 100)]",50,1000,100,F192017,2848.608043726237,112.07973098754884
Sobol,15,"[(-100, 100)]",100,1000,100,F202017,27309.758944150908,23.60379910469055
Sobol,15,"[(-100, 100)]",30,1000,100,F192017,3067.656631417495,75.85474491119385
HDS,15,"[(-100, 100)]",30,1000,100,F212017,2330.99423459155,25.985981225967407
HDS,15,"[(-100, 100)]",50,1000,100,F212017,2509.239090280789,26.611787796020508
Sobol,15,"[(-100, 100)]",100,1000,100,F182017,436312963.12600136,92.3026659488678
HDS,15,"[(-100, 100)]",10,1000,100,F22017,200.96678411985627,13.34209680557251
HDS,15,"[(-100, 100)]",30,1000,100,F22017,18847.16274001887,13.443098068237305
HDS,15,"[(-100, 100)]",100,1000,100,F212017,2870.916030435942,28.632103204727173
Sobol,15,"[(-100, 100)]",10,1000,100,F22017,200.2684919861932,11.890568017959597
Sobol,15,"[(-100, 100)]",30,1000,100,F212017,2314.5258163680346,26.237088918685917
Sobol,15,"[(-100, 100)]",50,1000,100,F212017,2555.67507274407,26.103142976760864
Sobol,15,"[(-100, 100)]",30,1000,100,F22017,18012.36367173632,13.729988098144531
HDS,15,"[(-100, 100)]",50,1000,100,F22017,60890.51342361164,14.050542831420898
HDS,15,"[(-100, 100)]",10,1000,100,F222017,2434.8864990708557,9.497597932815552
HDS,15,"[(-100, 100)]",100,1000,100,F22017,273595.5906311471,15.59144115447998
Sobol,15,"[(-100, 100)]",10,1000,100,F222017,2446.980072381412,11.401955127716064
Sobol,15,"[(-100, 100)]",100,1000,100,F212017,3339.96523735758,29.212496995925903
Sobol,15,"[(-100, 100)]",50,1000,100,F22017,75850.1033066183,14.844288110733032
Sobol,15,"[(-100, 100)]",100,1000,100,F22017,306149.6517616849,15.100083112716677
HDS,15,"[(-100, 100)]",10,1000,100,F232017,2544.3397777323926,10.321738004684448
HDS,15,"[(-100, 100)]",30,1000,100,F222017,3434.4734522077624,29.69531798362732
Sobol,15,"[(-100, 100)]",10,1000,100,F232017,2543.74883145928,8.78498387336731
HDS,15,"[(-100, 100)]",50,1000,100,F222017,9013.383738733008,29.864320755004883
HDS,15,"[(-100, 100)]",100,1000,100,F222017,25775.04662996895,32.42437124252319
HDS,15,"[(-100, 100)]",30,1000,100,F232017,2913.281121952013,24.477952003479004
Sobol,15,"[(-100, 100)]",30,1000,100,F222017,4066.614469467927,28.53455424308777
HDS,15,"[(-100, 100)]",100,1000,100,F192017,5874.245542864973,200.07083797454837
HDS,15,"[(-100, 100)]",50,1000,100,F232017,5635.778169326713,25.944881916046143
Sobol,15,"[(-100, 100)]",50,1000,100,F192017,2958.563070131723,112.56867504119872
Sobol,15,"[(-100, 100)]",30,1000,100,F232017,3325.069251272794,23.92346501350403
Sobol,15,"[(-100, 100)]",50,1000,100,F222017,10750.24969158768,28.85145711898804
Sobol,15,"[(-100, 100)]",100,1000,100,F222017,29108.252988647368,31.603636980056763
HDS,15,"[(-100, 100)]",10,1000,100,F242017,2887.964532900136,12.901088953018188
HDS,15,"[(-100, 100)]",100,1000,100,F232017,34529.1016191182,27.518136024475098
Sobol,15,"[(-100, 100)]",100,1000,100,F162017,156324452727.81317,196.8853747844696
Sobol,15,"[(-100, 100)]",50,1000,100,F232017,5396.247456597184,24.994574069976807
Sobol,15,"[(-100, 100)]",10,1000,100,F242017,2890.1839868558945,10.520283222198486
HDS,15,"[(-100, 100)]",30,1000,100,F242017,2853.9690511499584,22.513259649276733
HDS,15,"[(-100, 100)]",50,1000,100,F242017,4261.8164700661055,27.19014310836792
HDS,15,"[(-100, 100)]",100,1000,100,F242017,7692.57691267964,29.42731523513794
HDS,15,"[(-100, 100)]",10,1000,100,F252017,2502.588902880574,23.026161909103397
Sobol,15,"[(-100, 100)]",100,1000,100,F232017,38036.72511403602,26.254711151123047
Sobol,15,"[(-100, 100)]",30,1000,100,F242017,2868.8710544071846,23.60655403137207
Sobol,15,"[(-100, 100)]",50,1000,100,F242017,4302.607342564687,26.25537061691284
Sobol,15,"[(-100, 100)]",10,1000,100,F252017,2505.3350216184845,22.026108980178837
Sobol,15,"[(-100, 100)]",100,1000,100,F242017,8126.095293708366,28.8680739402771
HDS,15,"[(-100, 100)]",30,1000,100,F252017,3374.2045202483023,54.32482886314392
HDS,15,"[(-100, 100)]",10,1000,100,F262017,2766.3524039848508,47.74785614013672
HDS,15,"[(-100, 100)]",50,1000,100,F252017,4662.467751420518,95.03768920898438
HDS,15,"[(-100, 100)]",30,1000,100,F262017,3214.706921564185,72.1925528049469
Sobol,15,"[(-100, 100)]",30,1000,100,F252017,3401.16128725536,69.7767059803009
Sobol,15,"[(-100, 100)]",10,1000,100,F262017,2737.3944964327734,47.36919903755188
HDS,15,"[(-100, 100)]",10,1000,100,F272017,2839.555160554497,8.74812912940979
HDS,15,"[(-100, 100)]",50,1000,100,F262017,3772.594984340927,97.952614068985
Sobol,15,"[(-100, 100)]",10,1000,100,F272017,2808.081869626115,12.497605323791504
Sobol,15,"[(-100, 100)]",100,1000,100,F192017,6127.595564440792,199.0622751712799
Sobol,15,"[(-100, 100)]",30,1000,100,F262017,3202.13896698724,70.05318593978882
HDS,15,"[(-100, 100)]",100,1000,100,F252017,21603.377411385725,158.65422368049622
HDS,15,"[(-100, 100)]",30,1000,100,F272017,2885.8010547306158,58.6338050365448
Sobol,15,"[(-100, 100)]",50,1000,100,F252017,5164.765168165623,94.33542394638062
HDS,15,"[(-100, 100)]",50,1000,100,F272017,3216.427459872209,60.39076209068298
HDS,15,"[(-100, 100)]",100,1000,100,F262017,4859.492098332792,160.6635081768036
Sobol,15,"[(-100, 100)]",30,1000,100,F272017,2900.8360633468837,49.643046855926514
Sobol,15,"[(-100, 100)]",50,1000,100,F262017,3803.057933246406,96.09527802467346
HDS,15,"[(-100, 100)]",10,1000,100,F282017,4280.138680972182,61.14136290550232
Sobol,15,"[(-100, 100)]",50,1000,100,F272017,3234.286928420295,93.74763298034668
HDS,15,"[(-100, 100)]",30,1000,100,F282017,43894460.61553675,105.599848985672
Sobol,15,"[(-100, 100)]",10,1000,100,F282017,4216.978289497372,64.75214910507202
HDS,15,"[(-100, 100)]",100,1000,100,F272017,4802.22953006629,159.0174732208252
Sobol,15,"[(-100, 100)]",100,1000,100,F252017,18514.50403871289,161.5305027961731
HDS,15,"[(-100, 100)]",10,1000,100,F292017,,45.75735926628113
HDS,15,"[(-100, 100)]",30,1000,100,F292017,31053382.110992547,60.14972305297852
Sobol,15,"[(-100, 100)]",100,1000,100,F262017,5260.368313711097,164.73282504081726
HDS,15,"[(-100, 100)]",50,1000,100,F282017,128054016.0363638,148.1080822944641
Sobol,15,"[(-100, 100)]",10,1000,100,F292017,,43.40886402130127
HDS,15,"[(-100, 100)]",10,1000,100,F32017,307.4911259311575,7.383275032043457
Sobol,15,"[(-100, 100)]",10,1000,100,F32017,309.4449841685761,4.827199220657349
Sobol,15,"[(-100, 100)]",30,1000,100,F282017,37940085.90665464,104.42788815498352
HDS,15,"[(-100, 100)]",30,1000,100,F32017,435.7663468862427,15.355944156646729
HDS,15,"[(-100, 100)]",50,1000,100,F292017,483167407.8894815,74.71249485015869
HDS,15,"[(-100, 100)]",50,1000,100,F32017,1090.5359294676152,14.787850856781006
Sobol,15,"[(-100, 100)]",30,1000,100,F292017,13303526.280412368,58.40151619911194
Sobol,15,"[(-100, 100)]",30,1000,100,F32017,351.30465046700857,14.404382944107056
Sobol,15,"[(-100, 100)]",50,1000,100,F32017,1656.6187348504095,14.696304321289062
HDS,15,"[(-100, 100)]",100,1000,100,F32017,5616.475011717928,16.05081605911255
HDS,15,"[(-100, 100)]",10,1000,100,F42017,422.4438905810207,13.964001178741457
HDS,15,"[(-100, 100)]",30,1000,100,F42017,763.1828705241646,14.130762100219728
Sobol,15,"[(-100, 100)]",100,1000,100,F32017,6622.356434980894,14.775919914245604
Sobol,15,"[(-100, 100)]",10,1000,100,F42017,437.92479316593335,13.550990104675291
Sobol,15,"[(-100, 100)]",30,1000,100,F42017,771.7281377449102,13.615612983703612
HDS,15,"[(-100, 100)]",10,1000,100,F52017,500.0023546063772,0.4021120071411133
Sobol,15,"[(-100, 100)]",10,1000,100,F52017,500.0029225351316,0.1830768585205078
HDS,15,"[(-100, 100)]",30,1000,100,F52017,500.0376596614708,0.5668668746948242
Sobol,15,"[(-100, 100)]",30,1000,100,F52017,500.0632885060031,0.2855150699615478
HDS,15,"[(-100, 100)]",50,1000,100,F52017,500.067719989755,0.9125313758850098
Sobol,15,"[(-100, 100)]",50,1000,100,F52017,500.0843766055608,0.4228100776672363
HDS,15,"[(-100, 100)]",100,1000,100,F52017,500.0740719761121,1.7440073490142822
Sobol,15,"[(-100, 100)]",100,1000,100,F52017,500.1312088645215,0.6270768642425537
HDS,15,"[(-100, 100)]",50,1000,100,F42017,1403.814125725337,14.55780577659607
HDS,15,"[(-100, 100)]",100,1000,100,F42017,26801.58840128611,15.774961233139038
HDS,15,"[(-100, 100)]",10,1000,100,F62017,635.9292317468392,15.54249119758606
HDS,15,"[(-100, 100)]",100,1000,100,F282017,9006886567.661356,247.732705116272
Sobol,15,"[(-100, 100)]",50,1000,100,F42017,9049.180610239437,14.26148772239685
HDS,15,"[(-100, 100)]",100,1000,100,F292017,4585695028.996223,111.27578401565552
Sobol,15,"[(-100, 100)]",100,1000,100,F42017,47862.062642034325,14.938162088394163
Sobol,15,"[(-100, 100)]",100,1000,100,F272017,4471.971890778734,156.46393609046936
Sobol,15,"[(-100, 100)]",50,1000,100,F292017,685132935.9705675,72.8068950176239
Sobol,15,"[(-100, 100)]",10,1000,100,F62017,643.3159593343909,15.532973766326904
HDS,15,"[(-100, 100)]",30,1000,100,F62017,1565.9313055900514,16.16910195350647
HDS,15,"[(-100, 100)]",50,1000,100,F62017,30671.42251044874,16.111464977264404
HDS,15,"[(-100, 100)]",100,1000,100,F62017,594148.0070466748,17.610318899154663
HDS,15,"[(-100, 100)]",10,1000,100,F72017,728.5005243461072,19.64336895942688
Sobol,15,"[(-100, 100)]",30,1000,100,F62017,1917.7376046168104,15.973718881607056
HDS,15,"[(-100, 100)]",30,1000,100,F72017,1105.6767994041843,20.19531917572021
Sobol,15,"[(-100, 100)]",50,1000,100,F62017,52204.97902038376,16.864151000976562
Sobol,15,"[(-100, 100)]",100,1000,100,F62017,1799890.5006074929,17.546281814575195
HDS,15,"[(-100, 100)]",10,1000,100,F82017,801.3899241299448,1.020860195159912
Sobol,15,"[(-100, 100)]",10,1000,100,F82017,801.632642190575,0.8974308967590332
Sobol,15,"[(-100, 100)]",50,1000,100,F282017,236416886.85523573,146.08403301239014
HDS,15,"[(-100, 100)]",30,1000,100,F82017,810.019826044466,3.952809810638428
Sobol,15,"[(-100, 100)]",10,1000,100,F72017,752.1264625913935,20.56631183624268
Sobol,15,"[(-100, 100)]",30,1000,100,F82017,809.2104764510731,4.044145107269287
HDS,15,"[(-100, 100)]",50,1000,100,F82017,824.2767320649016,9.589076042175291
HDS,15,"[(-100, 100)]",50,1000,100,F72017,1674.7471597651297,21.35345888137817
Sobol,15,"[(-100, 100)]",30,1000,100,F72017,1142.6743441165945,20.817299842834476
HDS,15,"[(-100, 100)]",100,1000,100,F72017,3274.515832137175,22.28228187561035
HDS,15,"[(-100, 100)]",100,1000,100,F82017,907.2697396804216,17.60218119621277
Sobol,15,"[(-100, 100)]",50,1000,100,F82017,815.796258920032,13.876731157302856
HDS,15,"[(-100, 100)]",10,1000,100,F92017,-961.0468721347396,18.927659034729004
Sobol,15,"[(-100, 100)]",50,1000,100,F72017,1548.2216580152822,20.02725100517273
HDS,15,"[(-100, 100)]",30,1000,100,F92017,3444.532463284908,19.92828607559204
Sobol,15,"[(-100, 100)]",100,1000,100,F72017,3163.609843308329,20.558034896850582
Sobol,15,"[(-100, 100)]",100,1000,100,F82017,939.3906589213094,16.755194902420044
Sobol,15,"[(-100, 100)]",10,1000,100,F92017,-986.0976021175184,18.888683795928955
HDS,15,"[(-100, 100)]",50,1000,100,F92017,10482.64293593112,20.91282200813293
Sobol,15,"[(-100, 100)]",30,1000,100,F92017,2932.473910442753,19.440016746521
HDS,15,"[(-100, 100)]",100,1000,100,F92017,24863.08755705521,21.975756883621216
HDS,16,"[(-100, 100)]",10,1000,100,F102017,1107.517621632291,16.47643494606018
HDS,16,"[(-100, 100)]",30,1000,100,F102017,115700.4418317004,17.109337091445923
HDS,16,"[(-100, 100)]",50,1000,100,F102017,301125.8414358536,17.17942500114441
Sobol,15,"[(-100, 100)]",50,1000,100,F92017,6855.715045742951,20.24755620956421
HDS,16,"[(-100, 100)]",100,1000,100,F102017,769221.7933506015,19.37604403495789
Sobol,16,"[(-100, 100)]",10,1000,100,F102017,1086.4415990104792,17.098350763320923
Sobol,16,"[(-100, 100)]",30,1000,100,F102017,69368.7536745446,17.146739959716797
Sobol,15,"[(-100, 100)]",100,1000,100,F292017,10323433857.03217,113.7265169620514
Sobol,15,"[(-100, 100)]",100,1000,100,F92017,24864.26689635656,21.1201229095459
Sobol,16,"[(-100, 100)]",50,1000,100,F102017,225198.68350044283,17.27984118461609
HDS,16,"[(-100, 100)]",10,1000,100,F112017,183091.49086073207,21.685774087905884
HDS,16,"[(-100, 100)]",10,1000,100,F12017,4968.87055443956,13.641963958740234
Sobol,16,"[(-100, 100)]",100,1000,100,F102017,946877.81345071,17.889968156814575
HDS,16,"[(-100, 100)]",30,1000,100,F112017,21598091.485665683,21.62049412727356
HDS,16,"[(-100, 100)]",30,1000,100,F12017,77538377.73267698,13.812288999557495
HDS,16,"[(-100, 100)]",50,1000,100,F112017,128993046.34524098,21.96632122993469
HDS,16,"[(-100, 100)]",100,1000,100,F112017,5072383135.312738,23.248171091079712
Sobol,16,"[(-100, 100)]",10,1000,100,F12017,24986.54384174839,13.160523176193236
HDS,16,"[(-100, 100)]",50,1000,100,F12017,686882569.7220079,13.820104837417604
Sobol,16,"[(-100, 100)]",30,1000,100,F12017,65275073.01069751,13.084839820861816
Sobol,16,"[(-100, 100)]",10,1000,100,F112017,281769.96092637454,20.70018482208252
Sobol,16,"[(-100, 100)]",30,1000,100,F112017,21029481.547600817,20.99324083328247
Sobol,16,"[(-100, 100)]",50,1000,100,F112017,171332910.39239025,21.28419184684753
Sobol,16,"[(-100, 100)]",50,1000,100,F12017,3343260442.935389,13.91288685798645
HDS,16,"[(-100, 100)]",100,1000,100,F12017,20041709504.40138,15.481047868728638
Sobol,16,"[(-100, 100)]",100,1000,100,F112017,4715156078.21878,21.931224822998047
HDS,16,"[(-100, 100)]",10,1000,100,F122017,3123.719744613889,18.73340106010437
HDS,16,"[(-100, 100)]",30,1000,100,F122017,460304.79412070406,18.772273063659668
Sobol,16,"[(-100, 100)]",100,1000,100,F12017,25439829163.695816,14.482187032699583
HDS,16,"[(-100, 100)]",50,1000,100,F122017,28116710.63283988,18.91839599609375
HDS,16,"[(-100, 100)]",10,1000,100,F132017,1373.5712906721717,18.49295997619629
HDS,16,"[(-100, 100)]",100,1000,100,F122017,2074739326.4415703,19.90469002723694
HDS,16,"[(-100, 100)]",30,1000,100,F132017,179274.52106063924,19.433171272277832
Sobol,16,"[(-100, 100)]",10,1000,100,F122017,1568.8849527331818,17.254775047302246
Sobol,16,"[(-100, 100)]",30,1000,100,F122017,580156.2534177146,17.793701171875
Sobol,16,"[(-100, 100)]",50,1000,100,F122017,15253471.659444584,17.899144887924194
HDS,16,"[(-100, 100)]",50,1000,100,F132017,2094805.905492933,20.751673936843872
Sobol,16,"[(-100, 100)]",10,1000,100,F132017,1374.8916042595065,17.639892101287842
Sobol,16,"[(-100, 100)]",100,1000,100,F122017,1531512802.3396122,18.60483193397522
Sobol,16,"[(-100, 100)]",30,1000,100,F132017,689332.1248145828,19.157673120498657
HDS,16,"[(-100, 100)]",10,1000,100,F142017,1645.0019741223489,17.787246227264404
HDS,16,"[(-100, 100)]",100,1000,100,F132017,38305450.412687205,25.75930094718933
HDS,16,"[(-100, 100)]",30,1000,100,F142017,763560.2954076775,18.37919783592224
HDS,16,"[(-100, 100)]",50,1000,100,F142017,27140882.61894924,18.93160390853882
Sobol,16,"[(-100, 100)]",50,1000,100,F132017,3961866.639387383,20.71601104736328
HDS,16,"[(-100, 100)]",10,1000,100,F152017,1337.6417799995825,17.431235790252686
HDS,16,"[(-100, 100)]",100,1000,100,F142017,371033940.7481303,20.06363797187805
Sobol,16,"[(-100, 100)]",10,1000,100,F142017,2538.809899122972,17.789191007614136
Sobol,16,"[(-100, 100)]",10,1000,100,F152017,1504.4112134724462,12.347074031829834
Sobol,16,"[(-100, 100)]",30,1000,100,F142017,1860210.3448865623,17.91683292388916
Sobol,16,"[(-100, 100)]",50,1000,100,F142017,36773433.99777432,18.322028636932373
Sobol,16,"[(-100, 100)]",100,1000,100,F132017,38014942.66766532,24.384875059127808
Sobol,16,"[(-100, 100)]",100,1000,100,F142017,997720885.600114,18.141131162643436
HDS,16,"[(-100, 100)]",30,1000,100,F152017,1727.9706877734072,31.08492398262024
Sobol,15,"[(-100, 100)]",100,1000,100,F282017,14973603318.688486,248.8059549331665
HDS,16,"[(-100, 100)]",50,1000,100,F152017,7577.203790107262,36.54149508476257
HDS,16,"[(-100, 100)]",10,1000,100,F172017,,19.25807809829712
HDS,16,"[(-100, 100)]",10,1000,100,F162017,1485.2418763665914,42.53893113136292
Sobol,16,"[(-100, 100)]",30,1000,100,F152017,2005.2520331317544,29.92544198036194
HDS,16,"[(-100, 100)]",100,1000,100,F152017,241128.46763176043,50.11094808578491
Sobol,16,"[(-100, 100)]",10,1000,100,F172017,,19.29059410095215
Sobol,16,"[(-100, 100)]",50,1000,100,F152017,16391.016065615848,34.91079115867615
HDS,16,"[(-100, 100)]",30,1000,100,F172017,84511.74415972026,19.26238894462585
HDS,16,"[(-100, 100)]",50,1000,100,F172017,599557.091801862,19.74156808853149
HDS,16,"[(-100, 100)]",30,1000,100,F162017,97240.8898699546,77.08643317222595
Sobol,16,"[(-100, 100)]",10,1000,100,F162017,1485.5702732850625,41.659384965896606
Sobol,16,"[(-100, 100)]",30,1000,100,F172017,92029.45374282156,19.168508291244507
HDS,16,"[(-100, 100)]",100,1000,100,F172017,11534529.9669426,21.817686080932617
Sobol,16,"[(-100, 100)]",50,1000,100,F172017,1397303.0537117077,19.23842406272888
Sobol,16,"[(-100, 100)]",100,1000,100,F152017,134011.63571264443,48.105653047561646
HDS,16,"[(-100, 100)]",10,1000,100,F182017,1810.5592937613903,16.87311887741089
Sobol,16,"[(-100, 100)]",100,1000,100,F172017,10268584.024629738,21.0565197467804
HDS,16,"[(-100, 100)]",50,1000,100,F162017,113791342.78001072,111.59817123413086
Sobol,16,"[(-100, 100)]",10,1000,100,F182017,1810.3193796986684,22.67803382873535
HDS,16,"[(-100, 100)]",30,1000,100,F182017,374553.1856937407,43.653724908828735
HDS,16,"[(-100, 100)]",10,1000,100,F192017,1833.0226186562347,42.98531413078308
HDS,16,"[(-100, 100)]",50,1000,100,F182017,1420669.9515877457,59.32776713371277
Sobol,16,"[(-100, 100)]",30,1000,100,F162017,43186.03427234784,77.5219419002533
Sobol,16,"[(-100, 100)]",30,1000,100,F182017,555664.6664086676,43.38467121124268
Sobol,16,"[(-100, 100)]",10,1000,100,F192017,1936.2771500773356,41.42958807945252
HDS,16,"[(-100, 100)]",100,1000,100,F182017,898362919.4911486,95.745187997818
HDS,16,"[(-100, 100)]",10,1000,100,F202017,2136.5316457260838,8.656567096710205
HDS,16,"[(-100, 100)]",30,1000,100,F192017,2159.9399376111014,77.24333810806274
HDS,16,"[(-100, 100)]",100,1000,100,F162017,136637715134.40894,197.6425862312317
Sobol,16,"[(-100, 100)]",10,1000,100,F202017,2121.342285752629,7.373428821563721
Sobol,16,"[(-100, 100)]",50,1000,100,F182017,19977174.646217592,57.648833990097046
Sobol,16,"[(-100, 100)]",50,1000,100,F162017,8884699.44634064,109.62559914588928
HDS,16,"[(-100, 100)]",30,1000,100,F202017,2721.282895262585,22.030001163482662
HDS,16,"[(-100, 100)]",50,1000,100,F202017,3951.224414732181,22.75327706336975
Sobol,16,"[(-100, 100)]",30,1000,100,F202017,2441.8845100654344,21.42920708656311
HDS,16,"[(-100, 100)]",100,1000,100,F202017,14424.95170155557,24.359668970108032
HDS,16,"[(-100, 100)]",10,1000,100,F212017,2215.8213011198286,2.5656259059906006
Sobol,16,"[(-100, 100)]",10,1000,100,F212017,2213.360238966984,2.365018129348755
Sobol,16,"[(-100, 100)]",50,1000,100,F202017,4480.676921633245,22.21886301040649
HDS,16,"[(-100, 100)]",50,1000,100,F192017,2853.764519797147,110.53327488899232
Sobol,16,"[(-100, 100)]",100,1000,100,F202017,30360.04898139277,23.949185609817505
HDS,16,"[(-100, 100)]",30,1000,100,F212017,2284.656169160772,20.357970237731934
Sobol,16,"[(-100, 100)]",30,1000,100,F192017,2494.3872944624254,76.85458326339722
HDS,16,"[(-100, 100)]",50,1000,100,F212017,2597.506049440887,27.911822080612183
Sobol,16,"[(-100, 100)]",100,1000,100,F182017,76529166.31537275,93.4789378643036
HDS,16,"[(-100, 100)]",10,1000,100,F22017,200.57158321902483,12.275377988815308
HDS,16,"[(-100, 100)]",30,1000,100,F22017,13562.281709381758,14.618826866149902
Sobol,16,"[(-100, 100)]",30,1000,100,F212017,2311.7472003365306,26.81080102920532
Sobol,16,"[(-100, 100)]",10,1000,100,F22017,202.08843937381968,14.22097110748291
HDS,16,"[(-100, 100)]",100,1000,100,F212017,3350.9555971378177,31.402271270751957
Sobol,16,"[(-100, 100)]",50,1000,100,F212017,2528.5160717493586,27.98802614212036
Sobol,16,"[(-100, 100)]",30,1000,100,F22017,16984.76510437651,14.061930656433104
HDS,16,"[(-100, 100)]",50,1000,100,F22017,84471.74844421279,14.270720958709717
HDS,16,"[(-100, 100)]",100,1000,100,F22017,263655.651858211,15.704444885253906
HDS,16,"[(-100, 100)]",10,1000,100,F222017,2378.66481783641,10.720375061035156
Sobol,16,"[(-100, 100)]",50,1000,100,F22017,79154.24751260593,13.89241886138916
Sobol,16,"[(-100, 100)]",10,1000,100,F222017,2361.810371469271,7.22654390335083
Sobol,16,"[(-100, 100)]",100,1000,100,F22017,260040.77495912864,14.321170330047607
Sobol,16,"[(-100, 100)]",100,1000,100,F212017,3134.306879041149,29.1766037940979
HDS,16,"[(-100, 100)]",10,1000,100,F232017,2547.9106546997355,10.220451831817629
HDS,16,"[(-100, 100)]",30,1000,100,F222017,5037.255283134167,29.575088262557983
Sobol,16,"[(-100, 100)]",10,1000,100,F232017,2446.0326295697264,9.572713136672974
HDS,16,"[(-100, 100)]",30,1000,100,F232017,3157.328574586174,25.84218525886536
HDS,16,"[(-100, 100)]",50,1000,100,F222017,3616.980643529195,30.72674584388733
HDS,16,"[(-100, 100)]",100,1000,100,F222017,31049.340224848547,32.97036695480347
HDS,16,"[(-100, 100)]",100,1000,100,F192017,7081.476168248057,202.8985779285431
Sobol,16,"[(-100, 100)]",30,1000,100,F222017,2841.368664458655,30.546884775161743
HDS,16,"[(-100, 100)]",50,1000,100,F232017,4571.929718846783,25.94828081130981
Sobol,16,"[(-100, 100)]",50,1000,100,F192017,2691.9972969919777,114.0945188999176
Sobol,16,"[(-100, 100)]",30,1000,100,F232017,2809.842969297227,25.82793378829956
Sobol,16,"[(-100, 100)]",50,1000,100,F222017,8004.355895836554,30.369964122772217
HDS,16,"[(-100, 100)]",10,1000,100,F242017,2888.1335020807987,12.419479131698608
Sobol,16,"[(-100, 100)]",100,1000,100,F222017,26742.233922893403,32.35891795158386
Sobol,16,"[(-100, 100)]",100,1000,100,F162017,43959607408.9717,197.85131692886355
HDS,16,"[(-100, 100)]",100,1000,100,F232017,45229.53518443598,27.5237877368927
Sobol,16,"[(-100, 100)]",10,1000,100,F242017,2888.938494369394,9.367813110351562
Sobol,16,"[(-100, 100)]",50,1000,100,F232017,4848.075771234002,25.062669038772583
HDS,16,"[(-100, 100)]",30,1000,100,F242017,2860.26787862647,26.40652322769165
HDS,16,"[(-100, 100)]",50,1000,100,F242017,4623.585875055711,28.80833387374878
HDS,16,"[(-100, 100)]",100,1000,100,F242017,7552.171655271339,30.60888910293579
Sobol,16,"[(-100, 100)]",100,1000,100,F232017,39651.428307283706,27.023519039154053
Sobol,16,"[(-100, 100)]",30,1000,100,F242017,2917.520296983421,26.67806625366211
HDS,16,"[(-100, 100)]",10,1000,100,F252017,2500.379442386375,43.18538093566895
Sobol,16,"[(-100, 100)]",50,1000,100,F242017,4147.876854689386,27.363243103027344
HDS,16,"[(-100, 100)]",10,1000,100,F262017,2921.0221540242246,14.042721033096312
Sobol,16,"[(-100, 100)]",100,1000,100,F242017,7808.429726176382,28.79743003845215
Sobol,16,"[(-100, 100)]",10,1000,100,F252017,2964.97333494695,15.24923610687256
Sobol,16,"[(-100, 100)]",10,1000,100,F262017,3005.914042192458,8.043516874313354
HDS,16,"[(-100, 100)]",10,1000,100,F272017,2809.5771529056897,10.458636045455933
HDS,16,"[(-100, 100)]",30,1000,100,F252017,3386.839960041088,71.3468132019043
Sobol,16,"[(-100, 100)]",10,1000,100,F272017,2797.8643368102817,8.862046003341675
HDS,16,"[(-100, 100)]",50,1000,100,F252017,4719.649319188951,95.6871702671051
HDS,16,"[(-100, 100)]",30,1000,100,F262017,3185.5051449808325,73.81842494010925
HDS,16,"[(-100, 100)]",30,1000,100,F272017,2897.2805327449337,41.521990060806274
Sobol,16,"[(-100, 100)]",30,1000,100,F252017,3389.784633591971,69.6140968799591
HDS,16,"[(-100, 100)]",50,1000,100,F262017,3717.839230011281,97.84838914871216
Sobol,16,"[(-100, 100)]",100,1000,100,F192017,7656.182561662992,201.8888108730316
Sobol,16,"[(-100, 100)]",30,1000,100,F272017,2995.0547584993046,66.00546097755432
HDS,16,"[(-100, 100)]",100,1000,100,F252017,18878.244560702784,160.43486309051514
Sobol,16,"[(-100, 100)]",30,1000,100,F262017,3231.32138776974,71.99338698387146
Sobol,16,"[(-100, 100)]",50,1000,100,F252017,4847.517792680456,95.02478694915771
HDS,16,"[(-100, 100)]",100,1000,100,F262017,5234.378237932891,163.16518092155457
HDS,16,"[(-100, 100)]",50,1000,100,F272017,3254.516014360768,91.90995192527772
HDS,16,"[(-100, 100)]",10,1000,100,F282017,4187.83076051893,62.62227296829224
Sobol,16,"[(-100, 100)]",50,1000,100,F262017,4045.39147406588,97.97204899787904
HDS,16,"[(-100, 100)]",30,1000,100,F282017,7613078.699644773,101.59157299995422
Sobol,16,"[(-100, 100)]",10,1000,100,F282017,4202.228062960218,62.17940878868103
Sobol,16,"[(-100, 100)]",50,1000,100,F272017,3357.6027471849197,92.5332419872284
HDS,16,"[(-100, 100)]",100,1000,100,F272017,4337.245520268856,157.4757640361786
HDS,16,"[(-100, 100)]",50,1000,100,F282017,371673335.638241,143.52500224113464
Sobol,16,"[(-100, 100)]",100,1000,100,F252017,20091.80585573382,160.54935598373413
HDS,16,"[(-100, 100)]",10,1000,100,F292017,,44.56294298171997
Sobol,16,"[(-100, 100)]",100,1000,100,F262017,5519.386909742147,162.77767395973206
HDS,16,"[(-100, 100)]",30,1000,100,F292017,12627842.14323194,60.04034805297852
Sobol,16,"[(-100, 100)]",30,1000,100,F282017,5340408.65173013,104.2482271194458
Sobol,16,"[(-100, 100)]",10,1000,100,F292017,,44.13631796836853
HDS,16,"[(-100, 100)]",10,1000,100,F32017,307.7817169859754,5.999412059783936
Sobol,16,"[(-100, 100)]",10,1000,100,F32017,308.7655947643713,5.004325866699219
HDS,16,"[(-100, 100)]",30,1000,100,F32017,371.2562857936998,14.832881689071655
HDS,16,"[(-100, 100)]",50,1000,100,F292017,2111258064.1158173,73.72281074523926
HDS,16,"[(-100, 100)]",50,1000,100,F32017,1247.4416429791245,15.233492851257324
Sobol,16,"[(-100, 100)]",30,1000,100,F32017,409.9930184161631,14.055840015411375
Sobol,16,"[(-100, 100)]",50,1000,100,F32017,887.5235913348332,14.672981023788452
Sobol,16,"[(-100, 100)]",30,1000,100,F292017,114429556.02222492,58.13518571853638
HDS,16,"[(-100, 100)]",100,1000,100,F32017,6595.977897684178,16.81305432319641
HDS,16,"[(-100, 100)]",10,1000,100,F42017,434.857930731802,14.032886981964111
HDS,16,"[(-100, 100)]",30,1000,100,F42017,993.6338140443517,14.304800033569336
Sobol,16,"[(-100, 100)]",100,1000,100,F32017,7533.974954181997,16.042535066604614
Sobol,16,"[(-100, 100)]",10,1000,100,F42017,437.1723953727976,13.96492600440979
Sobol,16,"[(-100, 100)]",30,1000,100,F42017,724.0661765773874,14.316242933273315
HDS,16,"[(-100, 100)]",10,1000,100,F52017,500.006956346944,0.4667940139770508
Sobol,16,"[(-100, 100)]",10,1000,100,F52017,500.0081689757049,0.2092339992523193
HDS,16,"[(-100, 100)]",30,1000,100,F52017,500.0450743341128,0.6010730266571045
Sobol,16,"[(-100, 100)]",30,1000,100,F52017,500.04459597077926,0.2918288707733154
HDS,16,"[(-100, 100)]",50,1000,100,F52017,500.0716092979422,0.8678910732269287
Sobol,16,"[(-100, 100)]",50,1000,100,F52017,500.0797890962879,0.4050650596618652
HDS,16,"[(-100, 100)]",100,1000,100,F52017,500.0757669684005,1.8493239879608157
HDS,16,"[(-100, 100)]",50,1000,100,F42017,2194.8276777001274,15.906156063079834
Sobol,16,"[(-100, 100)]",100,1000,100,F52017,500.1284747192468,0.8013508319854736
Sobol,16,"[(-100, 100)]",50,1000,100,F282017,243795739.7790711,144.04737901687622
HDS,16,"[(-100, 100)]",100,1000,100,F42017,25547.4526565542,16.382212162017822
Sobol,16,"[(-100, 100)]",100,1000,100,F272017,4382.441211637971,158.17418813705444
Sobol,16,"[(-100, 100)]",50,1000,100,F42017,3042.5203534938246,15.64200496673584
HDS,16,"[(-100, 100)]",10,1000,100,F62017,648.6289387644854,16.650053024291992
HDS,16,"[(-100, 100)]",100,1000,100,F292017,6504184967.198906,113.22595620155334
Sobol,16,"[(-100, 100)]",50,1000,100,F292017,1123772893.8375084,74.51509308815002
HDS,16,"[(-100, 100)]",30,1000,100,F62017,3674.698555410898,16.874045848846436
Sobol,16,"[(-100, 100)]",100,1000,100,F42017,31224.243671881257,15.4411940574646
HDS,16,"[(-100, 100)]",100,1000,100,F282017,7132792328.97226,248.25210285186768
HDS,16,"[(-100, 100)]",50,1000,100,F62017,39501.14890398023,16.291547298431396
Sobol,16,"[(-100, 100)]",10,1000,100,F62017,651.3312592483387,15.495320081710815
HDS,16,"[(-100, 100)]",100,1000,100,F62017,1157247.1264410904,17.652572870254517
Sobol,16,"[(-100, 100)]",30,1000,100,F62017,1980.1860018437992,15.8571298122406
HDS,16,"[(-100, 100)]",10,1000,100,F72017,734.938884008533,19.47305011749268
HDS,16,"[(-100, 100)]",30,1000,100,F72017,1083.6301792324762,19.91283106803894
Sobol,16,"[(-100, 100)]",50,1000,100,F62017,216553.23186105167,16.377161979675293
HDS,16,"[(-100, 100)]",10,1000,100,F82017,801.5768393120625,0.8359320163726807
Sobol,16,"[(-100, 100)]",10,1000,100,F82017,802.1333290675456,1.008821964263916
Sobol,16,"[(-100, 100)]",100,1000,100,F62017,2294910.299277154,16.58565402030945
HDS,16,"[(-100, 100)]",30,1000,100,F82017,808.6785303995397,5.841032981872559
HDS,16,"[(-100, 100)]",50,1000,100,F72017,1720.0420088499409,20.56247401237488
Sobol,16,"[(-100, 100)]",30,1000,100,F82017,812.0293643111913,4.44563102722168
HDS,16,"[(-100, 100)]",100,1000,100,F72017,2848.978794747385,21.63746118545532
Sobol,16,"[(-100, 100)]",10,1000,100,F72017,738.5171952000176,19.121411085128784
Sobol,16,"[(-100, 100)]",30,1000,100,F72017,1131.9345443157135,19.61932110786438
HDS,16,"[(-100, 100)]",50,1000,100,F82017,819.4008865307989,11.537209749221802
Sobol,16,"[(-100, 100)]",50,1000,100,F82017,814.7691062231615,10.095760822296144
Sobol,16,"[(-100, 100)]",50,1000,100,F72017,1519.2570074011587,19.56993412971497
HDS,16,"[(-100, 100)]",100,1000,100,F82017,916.2282659742126,17.705752849578857
HDS,16,"[(-100, 100)]",10,1000,100,F92017,-814.1555924556787,19.159820079803467
Sobol,16,"[(-100, 100)]",100,1000,100,F72017,2862.861972185941,20.44284582138061
HDS,16,"[(-100, 100)]",30,1000,100,F92017,3131.322619241042,19.66173911094665
Sobol,16,"[(-100, 100)]",100,1000,100,F82017,900.7929991158178,16.729329109191895
HDS,16,"[(-100, 100)]",50,1000,100,F92017,7567.228132004046,21.08917498588562
HDS,17,"[(-100, 100)]",10,1000,100,F102017,1076.2226899905645,16.94103503227234
HDS,16,"[(-100, 100)]",100,1000,100,F92017,25822.190868088117,22.058374881744385
Sobol,16,"[(-100, 100)]",10,1000,100,F92017,-977.4208917819142,19.46849513053894
Sobol,16,"[(-100, 100)]",30,1000,100,F92017,2638.318202918572,20.187773942947388
HDS,17,"[(-100, 100)]",30,1000,100,F102017,103913.9386743159,16.810651063919067
Sobol,17,"[(-100, 100)]",10,1000,100,F102017,1065.5722730428474,16.839913845062256
Sobol,16,"[(-100, 100)]",50,1000,100,F92017,8956.036512088189,20.445289850234985
HDS,17,"[(-100, 100)]",50,1000,100,F102017,244494.32470440216,17.213911056518555
Sobol,16,"[(-100, 100)]",100,1000,100,F92017,24298.656149076454,21.17867493629456
HDS,17,"[(-100, 100)]",100,1000,100,F102017,1068171.735706654,18.26215505599976
Sobol,17,"[(-100, 100)]",30,1000,100,F102017,115086.3357002215,16.707316160202026
Sobol,16,"[(-100, 100)]",100,1000,100,F292017,13420111938.521006,111.79716610908508
Sobol,17,"[(-100, 100)]",50,1000,100,F102017,285046.3529554218,16.894339084625244
HDS,17,"[(-100, 100)]",10,1000,100,F112017,136243.7385307932,21.45843625068665
HDS,17,"[(-100, 100)]",30,1000,100,F112017,18712796.303604152,21.488168001174927
Sobol,17,"[(-100, 100)]",100,1000,100,F102017,886334.9788430862,17.672051906585693
HDS,17,"[(-100, 100)]",50,1000,100,F112017,161212375.6282347,21.70762324333191
HDS,17,"[(-100, 100)]",10,1000,100,F12017,1734.1535543237965,13.73540496826172
HDS,17,"[(-100, 100)]",30,1000,100,F12017,70523205.83356746,14.373716831207275
HDS,17,"[(-100, 100)]",100,1000,100,F112017,5264372389.672723,23.544509887695312
HDS,17,"[(-100, 100)]",50,1000,100,F12017,3337544149.2919054,14.496581077575684
Sobol,17,"[(-100, 100)]",10,1000,100,F112017,67950.53377559676,21.127535820007324
Sobol,17,"[(-100, 100)]",30,1000,100,F112017,33224926.67219907,21.99006581306457
Sobol,17,"[(-100, 100)]",10,1000,100,F12017,28818.86059900759,13.351281881332396
Sobol,17,"[(-100, 100)]",30,1000,100,F12017,127541908.60759242,13.248486042022703
Sobol,17,"[(-100, 100)]",50,1000,100,F112017,164078060.81481233,21.605443000793457
Sobol,17,"[(-100, 100)]",50,1000,100,F12017,4516922948.5137,13.755152225494385
HDS,17,"[(-100, 100)]",100,1000,100,F12017,12288792731.232164,15.723406076431274
Sobol,17,"[(-100, 100)]",100,1000,100,F112017,5279635060.619448,22.13866400718689
HDS,17,"[(-100, 100)]",10,1000,100,F122017,2964.1026204729305,18.558789014816284
HDS,17,"[(-100, 100)]",30,1000,100,F122017,2044506.2078276249,18.37069702148437
HDS,17,"[(-100, 100)]",50,1000,100,F122017,13632515.678580018,19.04357099533081
HDS,17,"[(-100, 100)]",100,1000,100,F122017,1720873738.954597,20.20856499671936
HDS,17,"[(-100, 100)]",10,1000,100,F132017,1359.5191193685082,18.448097944259644
Sobol,17,"[(-100, 100)]",100,1000,100,F12017,40471957265.55624,14.8206627368927
HDS,17,"[(-100, 100)]",30,1000,100,F132017,301868.09456810664,20.29413390159607
Sobol,17,"[(-100, 100)]",10,1000,100,F122017,1580.505870290932,18.633214950561523
Sobol,17,"[(-100, 100)]",30,1000,100,F122017,478080.94472901046,18.437730073928837
Sobol,17,"[(-100, 100)]",50,1000,100,F122017,26594224.524403285,18.41554570198059
Sobol,17,"[(-100, 100)]",100,1000,100,F122017,5925756411.4107485,18.896578073501587
Sobol,17,"[(-100, 100)]",10,1000,100,F132017,1390.8672136378018,18.185281991958615
HDS,17,"[(-100, 100)]",50,1000,100,F132017,1501134.923697506,21.58358120918274
Sobol,17,"[(-100, 100)]",30,1000,100,F132017,229065.10047207287,19.473387956619263
HDS,17,"[(-100, 100)]",10,1000,100,F142017,1712.994537039747,18.10680294036865
HDS,17,"[(-100, 100)]",30,1000,100,F142017,1538321.430992819,18.3173828125
HDS,17,"[(-100, 100)]",50,1000,100,F142017,32465951.66688828,19.49584269523621
HDS,17,"[(-100, 100)]",100,1000,100,F132017,27110211.2888692,24.954222202301025
HDS,17,"[(-100, 100)]",100,1000,100,F142017,648522486.1829205,20.65642070770264
Sobol,17,"[(-100, 100)]",50,1000,100,F132017,1586775.791487381,21.142139196395878
HDS,17,"[(-100, 100)]",10,1000,100,F152017,1338.3196726890058,18.89544892311096
Sobol,17,"[(-100, 100)]",10,1000,100,F142017,1835.7464685125665,17.917300939559937
Sobol,17,"[(-100, 100)]",30,1000,100,F142017,1672340.2849155937,17.969494819641113
Sobol,17,"[(-100, 100)]",50,1000,100,F142017,30334552.53920525,18.89078998565674
Sobol,17,"[(-100, 100)]",100,1000,100,F142017,928486077.3248231,19.37535405158997
Sobol,17,"[(-100, 100)]",100,1000,100,F132017,38079306.36017961,23.51759171485901
Sobol,17,"[(-100, 100)]",10,1000,100,F152017,1338.920605959437,23.53201985359192
HDS,17,"[(-100, 100)]",30,1000,100,F152017,4235.203486143441,31.44597697257996
HDS,17,"[(-100, 100)]",50,1000,100,F152017,15888.772484077104,36.14162015914917
Sobol,16,"[(-100, 100)]",100,1000,100,F282017,4527012705.728785,247.8625400066376
HDS,17,"[(-100, 100)]",10,1000,100,F162017,1539.5067684690362,43.00892901420593
HDS,17,"[(-100, 100)]",100,1000,100,F152017,65183.38020404069,49.62394499778748
HDS,17,"[(-100, 100)]",10,1000,100,F172017,,19.52304720878601
Sobol,17,"[(-100, 100)]",30,1000,100,F152017,5676.268185917783,30.20147490501404
Sobol,17,"[(-100, 100)]",50,1000,100,F152017,9750.294978934558,35.602977991104126
Sobol,17,"[(-100, 100)]",10,1000,100,F172017,,20.01256489753723
HDS,17,"[(-100, 100)]",30,1000,100,F172017,79339.40874532345,20.4033842086792
HDS,17,"[(-100, 100)]",30,1000,100,F162017,72471.0761260582,78.47193503379822
HDS,17,"[(-100, 100)]",50,1000,100,F172017,1179327.9412365868,20.65877914428711
Sobol,17,"[(-100, 100)]",10,1000,100,F162017,1530.2527946619737,43.59284520149231
Sobol,17,"[(-100, 100)]",30,1000,100,F172017,146788.25441710075,19.758223056793213
HDS,17,"[(-100, 100)]",100,1000,100,F172017,17018279.679061677,21.586981058120728
Sobol,17,"[(-100, 100)]",100,1000,100,F152017,240704.09414420644,49.11646294593811
Sobol,17,"[(-100, 100)]",50,1000,100,F172017,572442.7659858223,19.769195079803467
HDS,17,"[(-100, 100)]",10,1000,100,F182017,1810.078761054292,20.825843334198
Sobol,17,"[(-100, 100)]",100,1000,100,F172017,12972449.737604331,20.0320508480072
HDS,17,"[(-100, 100)]",50,1000,100,F162017,3975519.701605813,113.02115511894226
Sobol,17,"[(-100, 100)]",10,1000,100,F182017,1809.4130204323856,19.18525195121765
HDS,17,"[(-100, 100)]",30,1000,100,F182017,203964.02338457527,44.23328185081482
HDS,17,"[(-100, 100)]",50,1000,100,F182017,5583203.563381841,57.7644727230072
HDS,17,"[(-100, 100)]",10,1000,100,F192017,1935.1818351309955,41.15311002731323
Sobol,17,"[(-100, 100)]",30,1000,100,F162017,116684.00277002594,77.036465883255
Sobol,17,"[(-100, 100)]",30,1000,100,F182017,878543.409915355,43.07376480102539
Sobol,17,"[(-100, 100)]",10,1000,100,F192017,1839.1953221265328,41.93786382675171
HDS,17,"[(-100, 100)]",100,1000,100,F182017,1033780511.1092604,96.15033006668092
HDS,17,"[(-100, 100)]",10,1000,100,F202017,2121.065942813871,8.000754833221436
HDS,17,"[(-100, 100)]",30,1000,100,F192017,3401.102679626575,79.56412291526794
Sobol,17,"[(-100, 100)]",50,1000,100,F182017,8644697.3424459,58.39714574813843
Sobol,17,"[(-100, 100)]",10,1000,100,F202017,2129.976041909561,9.0817768573761
HDS,17,"[(-100, 100)]",100,1000,100,F162017,42997617892.59442,199.9635818004608
Sobol,17,"[(-100, 100)]",50,1000,100,F162017,314300226.3956262,111.10944819450378
HDS,17,"[(-100, 100)]",30,1000,100,F202017,2354.136963618409,23.859351873397827
HDS,17,"[(-100, 100)]",50,1000,100,F202017,4454.873630503827,23.95835590362549
HDS,17,"[(-100, 100)]",100,1000,100,F202017,21563.82495281744,24.838727235794067
Sobol,17,"[(-100, 100)]",30,1000,100,F202017,2337.7415483329974,22.63331294059753
HDS,17,"[(-100, 100)]",10,1000,100,F212017,2214.224749588184,3.22861909866333
Sobol,17,"[(-100, 100)]",50,1000,100,F202017,3846.7960004623687,22.8744592666626
HDS,17,"[(-100, 100)]",50,1000,100,F192017,2661.1253147964994,115.28579473495483
Sobol,17,"[(-100, 100)]",100,1000,100,F202017,28324.03419513815,25.003475189208984
Sobol,17,"[(-100, 100)]",30,1000,100,F192017,2156.604606870032,80.31019115447998
Sobol,17,"[(-100, 100)]",10,1000,100,F212017,1050.2756718014284,27.85522484779358
HDS,17,"[(-100, 100)]",30,1000,100,F212017,2289.3094005993885,27.25018310546875
Sobol,17,"[(-100, 100)]",100,1000,100,F182017,1919970697.8569524,97.20052075386047
HDS,17,"[(-100, 100)]",10,1000,100,F22017,200.4307764181149,12.4967200756073
Sobol,17,"[(-100, 100)]",30,1000,100,F212017,2286.0395490289848,18.33849191665649
HDS,17,"[(-100, 100)]",50,1000,100,F212017,2510.773973585788,29.292085886001587
HDS,17,"[(-100, 100)]",30,1000,100,F22017,13820.231330643996,14.600454807281494
Sobol,17,"[(-100, 100)]",10,1000,100,F22017,200.8553016432265,14.735879898071287
HDS,17,"[(-100, 100)]",100,1000,100,F212017,3149.9454044963813,31.109597206115723
HDS,17,"[(-100, 100)]",50,1000,100,F22017,74357.5706054956,15.315385818481444
Sobol,17,"[(-100, 100)]",30,1000,100,F22017,19077.72686591845,14.413741111755373
HDS,17,"[(-100, 100)]",100,1000,100,F22017,288195.7035521933,16.145860195159912
Sobol,17,"[(-100, 100)]",50,1000,100,F22017,84214.06075880944,14.587555170059204
Sobol,17,"[(-100, 100)]",50,1000,100,F212017,2615.7365454675883,28.69555711746216
HDS,17,"[(-100, 100)]",10,1000,100,F222017,2363.934947738286,13.087160110473633
Sobol,17,"[(-100, 100)]",100,1000,100,F22017,302269.32286811905,14.729887962341309
Sobol,17,"[(-100, 100)]",100,1000,100,F212017,3079.2555821849032,29.298979997634888
Sobol,17,"[(-100, 100)]",10,1000,100,F222017,2433.736684582104,8.549254894256592
HDS,17,"[(-100, 100)]",10,1000,100,F232017,2541.7995662096737,9.969519138336182
HDS,17,"[(-100, 100)]",30,1000,100,F222017,3115.768387280315,30.33341407775879
Sobol,17,"[(-100, 100)]",10,1000,100,F232017,2563.554489079186,9.922083139419556
HDS,17,"[(-100, 100)]",50,1000,100,F222017,6970.166983412513,30.89681601524353
HDS,17,"[(-100, 100)]",30,1000,100,F232017,2756.1442633590987,24.91922903060913
HDS,17,"[(-100, 100)]",100,1000,100,F222017,19009.779239764543,32.97423315048218
HDS,17,"[(-100, 100)]",100,1000,100,F192017,3345.1217839283845,207.7937412261963
Sobol,17,"[(-100, 100)]",50,1000,100,F192017,2515.0404679145718,115.21345591545104
HDS,17,"[(-100, 100)]",50,1000,100,F232017,5649.128488612235,25.34601593017578
Sobol,17,"[(-100, 100)]",30,1000,100,F222017,2776.0962388714934,29.361146211624146
Sobol,17,"[(-100, 100)]",50,1000,100,F222017,9581.340235548969,29.68977975845337
Sobol,17,"[(-100, 100)]",30,1000,100,F232017,2840.4009473689707,24.42071485519409
HDS,17,"[(-100, 100)]",10,1000,100,F242017,2915.2778959614216,7.927736759185791
Sobol,17,"[(-100, 100)]",100,1000,100,F222017,20520.355341328595,32.87976884841919
Sobol,17,"[(-100, 100)]",10,1000,100,F242017,2888.6240981006804,10.137020111083984
Sobol,17,"[(-100, 100)]",50,1000,100,F232017,10606.974250738594,25.3947389125824
HDS,17,"[(-100, 100)]",100,1000,100,F232017,45853.33172070637,29.028738021850582
Sobol,17,"[(-100, 100)]",100,1000,100,F162017,1070051605650.411,203.13398480415344
HDS,17,"[(-100, 100)]",30,1000,100,F242017,2903.4284308326514,28.65805697441101
HDS,17,"[(-100, 100)]",50,1000,100,F242017,4202.187267454653,28.37206196784973
HDS,17,"[(-100, 100)]",10,1000,100,F252017,2968.217596600859,15.37718415260315
HDS,17,"[(-100, 100)]",100,1000,100,F242017,6520.027340803496,30.50994682312012
Sobol,17,"[(-100, 100)]",100,1000,100,F232017,43842.47444304841,27.28851008415222
Sobol,17,"[(-100, 100)]",30,1000,100,F242017,2855.908793213983,20.12089514732361
Sobol,17,"[(-100, 100)]",50,1000,100,F242017,4405.601382639175,27.486974954605103
HDS,17,"[(-100, 100)]",10,1000,100,F262017,3002.846290506404,10.111907243728638
Sobol,17,"[(-100, 100)]",10,1000,100,F262017,2996.46841938861,12.585869073867798
Sobol,17,"[(-100, 100)]",100,1000,100,F242017,6164.357096453339,29.86045289039612
Sobol,17,"[(-100, 100)]",10,1000,100,F252017,2885.162156259275,46.39080286026001
HDS,17,"[(-100, 100)]",10,1000,100,F272017,2830.708538869937,8.46820592880249
HDS,17,"[(-100, 100)]",30,1000,100,F252017,3391.643127821268,74.31690311431885
Sobol,17,"[(-100, 100)]",10,1000,100,F272017,2835.3324306142904,11.767373085021973
HDS,17,"[(-100, 100)]",50,1000,100,F252017,4541.188998071903,99.44261479377748
HDS,17,"[(-100, 100)]",30,1000,100,F262017,3209.537333687488,74.6369731426239
HDS,17,"[(-100, 100)]",30,1000,100,F272017,2902.002027783594,49.80709981918335
Sobol,17,"[(-100, 100)]",30,1000,100,F252017,3393.463279922531,71.74916696548462
HDS,17,"[(-100, 100)]",50,1000,100,F262017,3806.5541124451584,101.01263308525084
Sobol,17,"[(-100, 100)]",100,1000,100,F192017,9230.091595265983,205.14122605323792
Sobol,17,"[(-100, 100)]",30,1000,100,F272017,2888.876448441225,47.95619416236877
Sobol,17,"[(-100, 100)]",30,1000,100,F262017,3215.4772491591702,71.90288019180298
HDS,17,"[(-100, 100)]",100,1000,100,F252017,21137.432586216622,163.78036785125732
Sobol,17,"[(-100, 100)]",50,1000,100,F252017,4793.374905145054,95.6097490787506
HDS,17,"[(-100, 100)]",100,1000,100,F262017,5230.812428294994,165.74218010902405
HDS,17,"[(-100, 100)]",10,1000,100,F282017,4115.982816614996,63.68719792366028
HDS,17,"[(-100, 100)]",50,1000,100,F272017,3338.6045971262283,93.67850804328918
Sobol,17,"[(-100, 100)]",50,1000,100,F262017,3553.848797231912,98.2372260093689
HDS,17,"[(-100, 100)]",30,1000,100,F282017,38249124.3589589,103.77319288253784
Sobol,17,"[(-100, 100)]",10,1000,100,F282017,4069.992341596454,62.81986403465271
Sobol,17,"[(-100, 100)]",50,1000,100,F272017,3280.848092297654,92.57971286773682
HDS,17,"[(-100, 100)]",100,1000,100,F272017,4890.906589142312,158.0523808002472
HDS,17,"[(-100, 100)]",50,1000,100,F282017,335323859.1234921,143.0738170146942
HDS,17,"[(-100, 100)]",10,1000,100,F292017,,43.707396030426025
Sobol,17,"[(-100, 100)]",100,1000,100,F252017,19638.411598008595,159.99976420402527
Sobol,17,"[(-100, 100)]",100,1000,100,F262017,5793.683169804877,163.0493710041046
Sobol,17,"[(-100, 100)]",30,1000,100,F282017,50175599.84535392,103.0433919429779
Sobol,17,"[(-100, 100)]",10,1000,100,F292017,,44.69036912918091
HDS,17,"[(-100, 100)]",30,1000,100,F292017,19191295.221200947,60.274861097335815
HDS,17,"[(-100, 100)]",10,1000,100,F32017,306.5963220803513,7.604396104812622
Sobol,17,"[(-100, 100)]",10,1000,100,F32017,309.00790929419003,5.481466770172119
HDS,17,"[(-100, 100)]",30,1000,100,F32017,366.1902413289508,15.11043095588684
HDS,17,"[(-100, 100)]",50,1000,100,F32017,967.292374146474,15.07935070991516
Sobol,17,"[(-100, 100)]",30,1000,100,F32017,374.2065384698168,14.96692395210266
HDS,17,"[(-100, 100)]",50,1000,100,F292017,2416655761.0230823,75.31872820854187
Sobol,17,"[(-100, 100)]",50,1000,100,F32017,832.1397620447797,14.9493670463562
HDS,17,"[(-100, 100)]",100,1000,100,F32017,4021.76782916726,16.867632150650024
HDS,17,"[(-100, 100)]",10,1000,100,F42017,433.9837082551412,14.053245782852173
Sobol,17,"[(-100, 100)]",30,1000,100,F292017,36945561.35011894,59.91647505760193
Sobol,17,"[(-100, 100)]",100,1000,100,F32017,7694.139463394687,15.209713220596312
Sobol,17,"[(-100, 100)]",10,1000,100,F42017,439.8230414814558,14.077447891235352
HDS,17,"[(-100, 100)]",30,1000,100,F42017,699.2706480410827,14.940907955169678
HDS,17,"[(-100, 100)]",50,1000,100,F42017,1825.8410713957696,15.194050073623655
HDS,17,"[(-100, 100)]",100,1000,100,F42017,20193.076340862568,15.992413997650146
Sobol,17,"[(-100, 100)]",30,1000,100,F42017,721.2406590799219,13.999894857406616
HDS,17,"[(-100, 100)]",10,1000,100,F52017,500.0061448324235,0.3762879371643066
Sobol,17,"[(-100, 100)]",10,1000,100,F52017,500.0032690545155,0.234264850616455
Sobol,17,"[(-100, 100)]",50,1000,100,F42017,2118.888656873333,14.34039306640625
HDS,17,"[(-100, 100)]",30,1000,100,F52017,500.037076783502,0.633720874786377
Sobol,17,"[(-100, 100)]",30,1000,100,F52017,500.04141664978937,0.2880859375
HDS,17,"[(-100, 100)]",50,1000,100,F52017,500.0617206382697,0.83660888671875
Sobol,17,"[(-100, 100)]",50,1000,100,F282017,863779840.299504,143.98053216934204
Sobol,17,"[(-100, 100)]",50,1000,100,F52017,500.0708526838737,0.4007878303527832
HDS,17,"[(-100, 100)]",100,1000,100,F52017,500.0910505463541,1.9379048347473145
Sobol,17,"[(-100, 100)]",100,1000,100,F52017,500.1168466100922,0.6719307899475098
Sobol,17,"[(-100, 100)]",100,1000,100,F272017,4878.844504584402,157.07375121116638
Sobol,17,"[(-100, 100)]",100,1000,100,F42017,34451.40287469159,15.244249105453491
HDS,17,"[(-100, 100)]",100,1000,100,F292017,9276578629.453775,114.87897181510924
HDS,17,"[(-100, 100)]",10,1000,100,F62017,645.191917305434,16.516319036483765
HDS,17,"[(-100, 100)]",30,1000,100,F62017,1880.4045814833212,17.020934104919434
HDS,17,"[(-100, 100)]",100,1000,100,F282017,3656476050.725978,249.700501203537
Sobol,17,"[(-100, 100)]",50,1000,100,F292017,1300916869.1942792,74.28031778335571
HDS,17,"[(-100, 100)]",50,1000,100,F62017,34922.6236094017,17.177768230438232
HDS,17,"[(-100, 100)]",100,1000,100,F62017,1080032.4616031356,18.07277083396912
HDS,17,"[(-100, 100)]",10,1000,100,F72017,738.8430130650288,19.544371843338013
Sobol,17,"[(-100, 100)]",10,1000,100,F62017,648.3445568385478,15.683426856994627
Sobol,17,"[(-100, 100)]",30,1000,100,F62017,1807.353239291996,15.673601150512695
Sobol,17,"[(-100, 100)]",50,1000,100,F62017,80569.53346909623,15.86197280883789
HDS,17,"[(-100, 100)]",10,1000,100,F82017,801.0423852779245,0.7036809921264648
Sobol,17,"[(-100, 100)]",10,1000,100,F82017,801.9863785615503,0.8320209980010986
HDS,17,"[(-100, 100)]",30,1000,100,F72017,1128.5244928317986,19.937993049621586
Sobol,17,"[(-100, 100)]",100,1000,100,F62017,1552492.3239114813,16.697057962417603
HDS,17,"[(-100, 100)]",30,1000,100,F82017,809.3736711915029,5.426663875579834
Sobol,17,"[(-100, 100)]",30,1000,100,F82017,809.0659132795539,4.400120258331299
Sobol,17,"[(-100, 100)]",10,1000,100,F72017,731.4906082366809,19.48388385772705
HDS,17,"[(-100, 100)]",50,1000,100,F72017,1623.7883797678028,20.310444116592407
HDS,17,"[(-100, 100)]",100,1000,100,F72017,3209.117331585141,22.178112983703613
HDS,17,"[(-100, 100)]",50,1000,100,F82017,814.5130668039752,14.576008319854736
Sobol,17,"[(-100, 100)]",30,1000,100,F72017,1157.672001106284,19.99170827865601
Sobol,17,"[(-100, 100)]",50,1000,100,F82017,810.2996174467387,9.339842081069946
HDS,17,"[(-100, 100)]",100,1000,100,F82017,875.1710727888579,18.467280864715576
HDS,17,"[(-100, 100)]",10,1000,100,F92017,-825.9834230397628,19.513649702072144
Sobol,17,"[(-100, 100)]",50,1000,100,F72017,1605.8358043707476,20.438984870910645
Sobol,17,"[(-100, 100)]",100,1000,100,F72017,3245.99709145829,20.50370478630066
HDS,17,"[(-100, 100)]",30,1000,100,F92017,3413.8785036583704,20.05558586120605
Sobol,17,"[(-100, 100)]",100,1000,100,F82017,850.1789061852785,16.739914417266846
HDS,17,"[(-100, 100)]",50,1000,100,F92017,10418.027351880346,20.720949172973636
Sobol,17,"[(-100, 100)]",10,1000,100,F92017,-842.9235484973942,19.02849006652832
HDS,18,"[(-100, 100)]",10,1000,100,F102017,1046.5283449410736,18.05298614501953
HDS,17,"[(-100, 100)]",100,1000,100,F92017,23930.02228389457,23.502887964248657
Sobol,17,"[(-100, 100)]",30,1000,100,F92017,3439.485685890664,20.475445985794067
HDS,18,"[(-100, 100)]",30,1000,100,F102017,109613.13172467216,18.195130109786987
HDS,18,"[(-100, 100)]",50,1000,100,F102017,496549.45232128096,18.36577296257019
Sobol,17,"[(-100, 100)]",50,1000,100,F92017,9594.84858323365,20.893813133239743
Sobol,18,"[(-100, 100)]",10,1000,100,F102017,1024.913016693311,17.239349842071533
Sobol,18,"[(-100, 100)]",30,1000,100,F102017,72568.53270631342,17.33278727531433
HDS,18,"[(-100, 100)]",100,1000,100,F102017,675671.7074395102,18.926793813705444
Sobol,17,"[(-100, 100)]",100,1000,100,F92017,22463.3771814541,21.554505825042725
Sobol,18,"[(-100, 100)]",50,1000,100,F102017,655316.100037209,17.196884155273438
HDS,18,"[(-100, 100)]",10,1000,100,F112017,435645.7436184808,21.568594932556152
Sobol,17,"[(-100, 100)]",100,1000,100,F292017,6900242219.451785,113.95568370819092
HDS,18,"[(-100, 100)]",30,1000,100,F112017,47698865.16638297,21.19610595703125
Sobol,18,"[(-100, 100)]",100,1000,100,F102017,927111.829930478,17.596393823623657
HDS,18,"[(-100, 100)]",10,1000,100,F12017,11231.122416526525,13.589094877243042
HDS,18,"[(-100, 100)]",50,1000,100,F112017,151123561.85268426,21.977694749832157
HDS,18,"[(-100, 100)]",100,1000,100,F112017,6368420925.070929,23.03104329109192
HDS,18,"[(-100, 100)]",30,1000,100,F12017,157445084.2679235,14.355396032333374
Sobol,18,"[(-100, 100)]",10,1000,100,F112017,187164.84981250996,20.540570974349976
Sobol,18,"[(-100, 100)]",10,1000,100,F12017,37587.73634426663,13.064818859100342
HDS,18,"[(-100, 100)]",50,1000,100,F12017,120563456.66066648,14.0342378616333
Sobol,18,"[(-100, 100)]",30,1000,100,F112017,37492201.9179533,21.13905096054077
Sobol,18,"[(-100, 100)]",30,1000,100,F12017,42643342.16516584,13.95035195350647
Sobol,18,"[(-100, 100)]",50,1000,100,F112017,292212819.5470468,21.378628969192505
Sobol,18,"[(-100, 100)]",50,1000,100,F12017,1071636772.6920986,13.78944993019104
Sobol,18,"[(-100, 100)]",100,1000,100,F112017,6748597109.168905,22.105865955352783
HDS,18,"[(-100, 100)]",100,1000,100,F12017,15931977142.548063,15.266441345214844
HDS,18,"[(-100, 100)]",10,1000,100,F122017,1246.67162669912,17.715039014816284
HDS,18,"[(-100, 100)]",30,1000,100,F122017,393836.7564722003,18.02690100669861
HDS,18,"[(-100, 100)]",50,1000,100,F122017,13369913.860286668,18.576617002487183
Sobol,18,"[(-100, 100)]",100,1000,100,F12017,38801531649.63719,14.204029321670532
HDS,18,"[(-100, 100)]",100,1000,100,F122017,4200491008.773016,19.65431022644043
HDS,18,"[(-100, 100)]",10,1000,100,F132017,1384.528912912183,18.36388182640076
HDS,18,"[(-100, 100)]",30,1000,100,F132017,304533.5343834855,19.52742886543274
Sobol,18,"[(-100, 100)]",10,1000,100,F122017,2011.850212806658,17.729246854782104
Sobol,18,"[(-100, 100)]",30,1000,100,F122017,681143.5716271801,17.940715074539185
Sobol,18,"[(-100, 100)]",50,1000,100,F122017,18251815.748073928,17.791646003723145
Sobol,18,"[(-100, 100)]",100,1000,100,F122017,8161554179.836679,18.39880394935608
HDS,18,"[(-100, 100)]",50,1000,100,F132017,1667336.1215981257,20.836391925811768
Sobol,18,"[(-100, 100)]",10,1000,100,F132017,1366.931529313577,17.970672130584717
Sobol,18,"[(-100, 100)]",30,1000,100,F132017,263183.88919133536,19.03491973876953
HDS,18,"[(-100, 100)]",10,1000,100,F142017,1577.6577990885646,17.901649713516235
HDS,18,"[(-100, 100)]",100,1000,100,F132017,21952914.245261345,24.98413896560669
HDS,18,"[(-100, 100)]",30,1000,100,F142017,1885853.9707148972,17.881557941436768
HDS,18,"[(-100, 100)]",50,1000,100,F142017,16797685.973334607,19.149903059005737
HDS,18,"[(-100, 100)]",100,1000,100,F142017,669345600.4063075,19.55132508277893
Sobol,18,"[(-100, 100)]",50,1000,100,F132017,3617910.917767524,20.729094982147217
HDS,18,"[(-100, 100)]",10,1000,100,F152017,1338.1091448781683,21.13140082359314
Sobol,18,"[(-100, 100)]",10,1000,100,F142017,3652.626598013478,18.208019018173218
Sobol,18,"[(-100, 100)]",30,1000,100,F142017,2324537.973463065,18.20559310913086
Sobol,18,"[(-100, 100)]",100,1000,100,F132017,35956678.95254877,24.04824805259705
Sobol,18,"[(-100, 100)]",50,1000,100,F142017,7384277.048095908,19.01952600479126
Sobol,18,"[(-100, 100)]",100,1000,100,F142017,310186206.9916479,18.90399408340454
Sobol,18,"[(-100, 100)]",10,1000,100,F152017,1336.9603926827654,21.843857049942017
HDS,18,"[(-100, 100)]",30,1000,100,F152017,4624.2946507037705,31.96515297889709
HDS,18,"[(-100, 100)]",50,1000,100,F152017,11102.21805907326,37.19401693344116
Sobol,17,"[(-100, 100)]",100,1000,100,F282017,17912342734.527332,251.48038816452024
HDS,18,"[(-100, 100)]",10,1000,100,F162017,1660.824739180076,42.369842290878296
HDS,18,"[(-100, 100)]",100,1000,100,F152017,135915.89752251282,50.57075095176697
Sobol,18,"[(-100, 100)]",30,1000,100,F152017,7506.609663670831,30.852048873901367
HDS,18,"[(-100, 100)]",10,1000,100,F172017,,20.6235408782959
Sobol,18,"[(-100, 100)]",50,1000,100,F152017,8417.241609701254,36.16105508804321
HDS,18,"[(-100, 100)]",30,1000,100,F172017,199763.5618931192,20.09634685516357
Sobol,18,"[(-100, 100)]",10,1000,100,F172017,,20.369391918182373
HDS,18,"[(-100, 100)]",30,1000,100,F162017,54596.88185876564,78.97297310829163
Sobol,18,"[(-100, 100)]",10,1000,100,F162017,1531.935756805769,41.49662113189697
HDS,18,"[(-100, 100)]",50,1000,100,F172017,2052463.6523793985,19.984142065048218
Sobol,18,"[(-100, 100)]",30,1000,100,F172017,113428.87381593612,19.162082195281982
Sobol,18,"[(-100, 100)]",100,1000,100,F152017,265313.2393993111,48.61083221435547
HDS,18,"[(-100, 100)]",100,1000,100,F172017,21691864.00913416,22.64419889450073
Sobol,18,"[(-100, 100)]",50,1000,100,F172017,1351628.8856944954,20.489056825637817
HDS,18,"[(-100, 100)]",10,1000,100,F182017,1808.8109973354635,21.91646099090576
HDS,18,"[(-100, 100)]",50,1000,100,F162017,349949795.4427328,112.66305589675903
Sobol,18,"[(-100, 100)]",100,1000,100,F172017,10327073.67589381,21.056006908416748
Sobol,18,"[(-100, 100)]",10,1000,100,F182017,1808.092642830052,18.130759954452515
HDS,18,"[(-100, 100)]",30,1000,100,F182017,179227.32711560503,44.89844298362732
HDS,18,"[(-100, 100)]",50,1000,100,F182017,10339745.693343475,60.107101917266846
Sobol,18,"[(-100, 100)]",30,1000,100,F162017,80860.92434691136,79.2151780128479
HDS,18,"[(-100, 100)]",10,1000,100,F192017,1836.5144371388208,43.06549906730652
Sobol,18,"[(-100, 100)]",30,1000,100,F182017,369980.87462921336,43.56980013847351
HDS,18,"[(-100, 100)]",30,1000,100,F192017,3184.311703225984,78.55610394477844
HDS,18,"[(-100, 100)]",100,1000,100,F182017,1508188465.65845,97.35612487792967
Sobol,18,"[(-100, 100)]",10,1000,100,F192017,1827.2762620687445,42.9006552696228
HDS,18,"[(-100, 100)]",100,1000,100,F162017,125959863659.8866,200.41679096221924
HDS,18,"[(-100, 100)]",10,1000,100,F202017,2141.4392013412494,7.74129319190979
Sobol,18,"[(-100, 100)]",50,1000,100,F182017,5884448.096497297,59.17009902000427
Sobol,18,"[(-100, 100)]",10,1000,100,F202017,2141.9739056536228,7.706032037734985
Sobol,18,"[(-100, 100)]",50,1000,100,F162017,185418507.22999352,111.8309202194214
HDS,18,"[(-100, 100)]",30,1000,100,F202017,2610.511470660757,21.80901598930359
HDS,18,"[(-100, 100)]",50,1000,100,F202017,4507.794704468111,22.373483896255493
HDS,18,"[(-100, 100)]",100,1000,100,F202017,30977.59974083652,24.587289094924927
Sobol,18,"[(-100, 100)]",30,1000,100,F202017,2576.604527155628,21.620126008987427
Sobol,18,"[(-100, 100)]",50,1000,100,F202017,3817.166922019386,22.189284086227417
HDS,18,"[(-100, 100)]",50,1000,100,F192017,2914.1816393304443,114.52639603614809
Sobol,18,"[(-100, 100)]",100,1000,100,F202017,32493.00763697444,23.54074501991272
Sobol,18,"[(-100, 100)]",30,1000,100,F192017,2801.3840594027924,76.20642423629761
HDS,18,"[(-100, 100)]",10,1000,100,F212017,927.7699901462776,25.693165063858032
Sobol,18,"[(-100, 100)]",10,1000,100,F212017,2216.7183483515937,2.631386041641236
HDS,18,"[(-100, 100)]",30,1000,100,F212017,2296.992237239829,27.30090093612671
Sobol,18,"[(-100, 100)]",100,1000,100,F182017,347391748.9199568,94.29185700416564
HDS,18,"[(-100, 100)]",10,1000,100,F22017,204.9136933575316,14.22617769241333
HDS,18,"[(-100, 100)]",50,1000,100,F212017,2526.9706289238625,27.728355884552
HDS,18,"[(-100, 100)]",100,1000,100,F212017,3169.099617202281,30.901262044906616
HDS,18,"[(-100, 100)]",30,1000,100,F22017,18368.364532171345,14.442503213882446
Sobol,18,"[(-100, 100)]",10,1000,100,F22017,200.7714936019178,13.779821872711182
Sobol,18,"[(-100, 100)]",30,1000,100,F212017,2317.6928104342965,28.048815727233887
Sobol,18,"[(-100, 100)]",30,1000,100,F22017,24052.78316874932,14.509317874908447
HDS,18,"[(-100, 100)]",50,1000,100,F22017,74496.11544716569,14.85778784751892
Sobol,18,"[(-100, 100)]",50,1000,100,F212017,2470.952639183539,27.420026063919067
HDS,18,"[(-100, 100)]",100,1000,100,F22017,244126.95764790007,15.554308891296388
HDS,18,"[(-100, 100)]",10,1000,100,F222017,2373.279039777159,12.025015115737917
Sobol,18,"[(-100, 100)]",100,1000,100,F212017,3370.790141022509,29.761484146118164
Sobol,18,"[(-100, 100)]",50,1000,100,F22017,60230.134286386325,14.077786922454834
Sobol,18,"[(-100, 100)]",10,1000,100,F222017,2382.240622631222,10.791691064834597
Sobol,18,"[(-100, 100)]",100,1000,100,F22017,301353.61704775144,15.008059978485107
HDS,18,"[(-100, 100)]",10,1000,100,F232017,2535.268538843728,9.462194919586182
HDS,18,"[(-100, 100)]",30,1000,100,F222017,3454.3265087881355,30.64884901046753
Sobol,18,"[(-100, 100)]",10,1000,100,F232017,2530.441123187137,11.727481126785278
HDS,18,"[(-100, 100)]",50,1000,100,F222017,4042.6878266922886,31.85811996459961
HDS,18,"[(-100, 100)]",30,1000,100,F232017,3114.4535404100625,25.397953033447266
HDS,18,"[(-100, 100)]",100,1000,100,F222017,27899.23495521835,34.25997710227966
HDS,18,"[(-100, 100)]",100,1000,100,F192017,5403.150504818312,204.790472984314
Sobol,18,"[(-100, 100)]",50,1000,100,F192017,2952.7568346518565,115.8784487247467
Sobol,18,"[(-100, 100)]",30,1000,100,F222017,2822.017857510862,30.55572009086609
HDS,18,"[(-100, 100)]",50,1000,100,F232017,5343.488740639506,26.429836988449097
Sobol,18,"[(-100, 100)]",30,1000,100,F232017,3093.5805337570905,24.352042198181152
Sobol,18,"[(-100, 100)]",50,1000,100,F222017,3286.064335027861,31.450194120407104
HDS,18,"[(-100, 100)]",10,1000,100,F242017,2889.4976811909128,13.471240043640137
Sobol,18,"[(-100, 100)]",100,1000,100,F222017,29683.187387205497,31.84224009513855
Sobol,18,"[(-100, 100)]",100,1000,100,F162017,106310625987.57544,198.87227392196652
Sobol,18,"[(-100, 100)]",10,1000,100,F242017,2915.080891942153,10.615057945251465
HDS,18,"[(-100, 100)]",30,1000,100,F242017,2867.742159016167,17.83926010131836
HDS,18,"[(-100, 100)]",100,1000,100,F232017,47964.5385968382,27.67809009552002
Sobol,18,"[(-100, 100)]",50,1000,100,F232017,5438.062936058708,25.30339097976685
HDS,18,"[(-100, 100)]",10,1000,100,F252017,2505.068332323184,18.958765029907227
HDS,18,"[(-100, 100)]",50,1000,100,F242017,4311.657065986799,27.689849853515625
HDS,18,"[(-100, 100)]",100,1000,100,F242017,7011.01909161177,30.226654291152958
Sobol,18,"[(-100, 100)]",30,1000,100,F242017,2883.9429086305936,22.126455068588257
Sobol,18,"[(-100, 100)]",100,1000,100,F232017,48328.5119617896,26.75525403022766
Sobol,18,"[(-100, 100)]",10,1000,100,F252017,2966.430498234675,17.07641863822937
Sobol,18,"[(-100, 100)]",50,1000,100,F242017,4750.715003742083,27.34033703804016
HDS,18,"[(-100, 100)]",10,1000,100,F262017,2991.755550689448,13.284017086029053
Sobol,18,"[(-100, 100)]",100,1000,100,F242017,7055.386923232648,28.625476121902462
Sobol,18,"[(-100, 100)]",10,1000,100,F262017,2979.7055415019768,11.368851900100708
HDS,18,"[(-100, 100)]",10,1000,100,F272017,2832.207590197563,9.716907739639282
HDS,18,"[(-100, 100)]",30,1000,100,F252017,3379.2408015352357,71.93694591522217
Sobol,18,"[(-100, 100)]",10,1000,100,F272017,2841.0367818036234,8.65826678276062
HDS,18,"[(-100, 100)]",50,1000,100,F252017,4960.338477409147,97.56542110443117
HDS,18,"[(-100, 100)]",30,1000,100,F262017,3214.5235505709206,73.61273694038391
HDS,18,"[(-100, 100)]",50,1000,100,F262017,3625.1449599072535,98.31048607826231
HDS,18,"[(-100, 100)]",30,1000,100,F272017,2935.275706473597,67.70217180252075
Sobol,18,"[(-100, 100)]",30,1000,100,F252017,3394.40256022261,69.88330388069153
Sobol,18,"[(-100, 100)]",100,1000,100,F192017,5016.032676877513,203.577978849411
Sobol,18,"[(-100, 100)]",30,1000,100,F262017,3205.354696567232,71.74383211135864
HDS,18,"[(-100, 100)]",100,1000,100,F252017,24089.58493923672,163.8928759098053
Sobol,18,"[(-100, 100)]",50,1000,100,F252017,5042.604063834166,97.5395610332489
Sobol,18,"[(-100, 100)]",30,1000,100,F272017,2926.6996356665672,67.82555890083313
HDS,18,"[(-100, 100)]",100,1000,100,F262017,4893.97030523791,165.24642610549927
HDS,18,"[(-100, 100)]",50,1000,100,F272017,3259.7809375411352,93.05706596374512
Sobol,18,"[(-100, 100)]",50,1000,100,F262017,3606.847930435953,97.45771074295044
HDS,18,"[(-100, 100)]",10,1000,100,F282017,4348.223300539609,63.250060081481934
Sobol,18,"[(-100, 100)]",10,1000,100,F282017,4124.426137418212,64.11841607093811
HDS,18,"[(-100, 100)]",30,1000,100,F282017,40288925.93315576,105.24774694442748
HDS,18,"[(-100, 100)]",100,1000,100,F272017,5113.19851076372,160.86845326423645
Sobol,18,"[(-100, 100)]",50,1000,100,F272017,3292.7089059765126,95.1030251979828
HDS,18,"[(-100, 100)]",10,1000,100,F292017,,44.93324899673462
Sobol,18,"[(-100, 100)]",100,1000,100,F252017,20970.09905980913,162.72389793395996
HDS,18,"[(-100, 100)]",50,1000,100,F282017,415930952.3143174,148.64374494552612
Sobol,18,"[(-100, 100)]",100,1000,100,F262017,5274.268991318984,164.85187101364136
HDS,18,"[(-100, 100)]",30,1000,100,F292017,13520852.083979951,58.34665012359619
Sobol,18,"[(-100, 100)]",10,1000,100,F292017,,43.819685220718384
HDS,18,"[(-100, 100)]",10,1000,100,F32017,307.2983802019338,8.413387060165405
Sobol,18,"[(-100, 100)]",10,1000,100,F32017,309.3281193066801,5.2033350467681885
Sobol,18,"[(-100, 100)]",30,1000,100,F282017,46787931.94008564,104.99214386940002
HDS,18,"[(-100, 100)]",30,1000,100,F32017,417.7213823391437,14.64072322845459
HDS,18,"[(-100, 100)]",50,1000,100,F32017,1033.311053778606,14.909965753555298
HDS,18,"[(-100, 100)]",50,1000,100,F292017,1040862476.127824,74.86301183700562
Sobol,18,"[(-100, 100)]",30,1000,100,F32017,363.32953408845896,14.811702013015749
Sobol,18,"[(-100, 100)]",50,1000,100,F32017,944.6744954605392,15.480208158493042
Sobol,18,"[(-100, 100)]",30,1000,100,F292017,6667232.57828794,59.14857006072998
HDS,18,"[(-100, 100)]",100,1000,100,F32017,2952.58475004222,16.632188081741333
HDS,18,"[(-100, 100)]",10,1000,100,F42017,429.1306663370378,14.03525686264038
HDS,18,"[(-100, 100)]",30,1000,100,F42017,683.4444922154621,14.555590867996216
Sobol,18,"[(-100, 100)]",100,1000,100,F32017,5219.24306583413,15.410350799560549
Sobol,18,"[(-100, 100)]",10,1000,100,F42017,432.7913479135651,14.272841930389404
Sobol,18,"[(-100, 100)]",30,1000,100,F42017,692.6954767315482,14.547993898391724
HDS,18,"[(-100, 100)]",10,1000,100,F52017,500.00471306675854,0.3556118011474609
Sobol,18,"[(-100, 100)]",10,1000,100,F52017,500.0013625667491,0.1902441978454589
HDS,18,"[(-100, 100)]",30,1000,100,F52017,500.05659994352885,0.5654499530792236
Sobol,18,"[(-100, 100)]",30,1000,100,F52017,500.0589426610086,0.2862999439239502
HDS,18,"[(-100, 100)]",50,1000,100,F52017,500.070743862962,0.8029201030731201
Sobol,18,"[(-100, 100)]",50,1000,100,F52017,500.0846462971853,0.4582798480987549
HDS,18,"[(-100, 100)]",50,1000,100,F42017,2093.571062618322,15.230570077896118
HDS,18,"[(-100, 100)]",100,1000,100,F52017,500.08204678406486,1.779822826385498
Sobol,18,"[(-100, 100)]",100,1000,100,F52017,500.1366779308474,0.7087218761444092
HDS,18,"[(-100, 100)]",100,1000,100,F282017,3499929451.3387065,246.2203221321106
HDS,18,"[(-100, 100)]",100,1000,100,F42017,39127.83629736251,16.452445030212402
Sobol,18,"[(-100, 100)]",100,1000,100,F272017,5115.468949833781,157.67249083518982
HDS,18,"[(-100, 100)]",100,1000,100,F292017,6128144633.502634,113.36152601242064
Sobol,18,"[(-100, 100)]",50,1000,100,F42017,2152.3386061596407,14.336430072784424
HDS,18,"[(-100, 100)]",10,1000,100,F62017,641.3320021380304,17.800451278686523
Sobol,18,"[(-100, 100)]",100,1000,100,F42017,14472.721714693907,15.615896940231323
Sobol,18,"[(-100, 100)]",50,1000,100,F292017,978389109.5759548,77.26686692237854
Sobol,18,"[(-100, 100)]",50,1000,100,F282017,584436939.8568565,147.18473601341248
HDS,18,"[(-100, 100)]",30,1000,100,F62017,2049.023333291281,17.49848484992981
HDS,18,"[(-100, 100)]",50,1000,100,F62017,50021.68288568421,16.907083988189697
Sobol,18,"[(-100, 100)]",10,1000,100,F62017,646.6465120742699,16.75111198425293
HDS,18,"[(-100, 100)]",100,1000,100,F62017,608872.6004435781,17.57276201248169
Sobol,18,"[(-100, 100)]",30,1000,100,F62017,2311.7422775326045,15.942656755447388
HDS,18,"[(-100, 100)]",10,1000,100,F72017,740.22608750641,20.519837856292725
HDS,18,"[(-100, 100)]",30,1000,100,F72017,1159.681456491472,20.24548077583313
Sobol,18,"[(-100, 100)]",50,1000,100,F62017,119732.10939778328,15.928092002868652
HDS,18,"[(-100, 100)]",10,1000,100,F82017,802.3525650244521,1.009526014328003
Sobol,18,"[(-100, 100)]",10,1000,100,F82017,801.8960821333301,0.6906499862670898
HDS,18,"[(-100, 100)]",30,1000,100,F82017,807.6468677194582,4.886495113372803
Sobol,18,"[(-100, 100)]",100,1000,100,F62017,1084863.163697243,17.048646926879883
HDS,18,"[(-100, 100)]",50,1000,100,F72017,1626.4522590374306,22.20123600959778
Sobol,18,"[(-100, 100)]",30,1000,100,F82017,809.3905808839373,4.135890245437622
HDS,18,"[(-100, 100)]",100,1000,100,F72017,3277.6347214083307,23.030452013015747
Sobol,18,"[(-100, 100)]",10,1000,100,F72017,730.288879120792,21.57905626296997
Sobol,18,"[(-100, 100)]",30,1000,100,F72017,1142.5852081305457,21.96536874771118
HDS,18,"[(-100, 100)]",50,1000,100,F82017,819.9477884964466,10.939393997192385
Sobol,18,"[(-100, 100)]",50,1000,100,F82017,813.7299260680846,8.056777954101562
HDS,18,"[(-100, 100)]",100,1000,100,F82017,931.972683946639,17.685775756835938
Sobol,18,"[(-100, 100)]",50,1000,100,F72017,1657.7147970414137,20.86273002624512
Sobol,18,"[(-100, 100)]",100,1000,100,F72017,3247.024736233355,20.40034317970276
HDS,18,"[(-100, 100)]",10,1000,100,F92017,-1530.7451092854844,20.05949187278748
HDS,18,"[(-100, 100)]",30,1000,100,F92017,4153.007723918179,20.675605058670044
Sobol,18,"[(-100, 100)]",100,1000,100,F82017,922.9861695403524,16.513860940933228
HDS,18,"[(-100, 100)]",50,1000,100,F92017,9672.658009160868,19.976341247558597
HDS,19,"[(-100, 100)]",10,1000,100,F102017,1028.0695498719394,16.790605783462524
HDS,18,"[(-100, 100)]",100,1000,100,F92017,24850.65983882791,22.01775813102722
Sobol,18,"[(-100, 100)]",10,1000,100,F92017,-1175.256508106877,19.56242609024048
Sobol,18,"[(-100, 100)]",30,1000,100,F92017,3656.302791054415,19.74602103233337
HDS,19,"[(-100, 100)]",30,1000,100,F102017,100372.01925470168,16.648213863372803
Sobol,18,"[(-100, 100)]",50,1000,100,F92017,9264.558523329411,19.688513040542603
Sobol,19,"[(-100, 100)]",10,1000,100,F102017,1146.306290030741,16.74769687652588
Sobol,18,"[(-100, 100)]",100,1000,100,F92017,24342.85759301355,21.22124195098877
HDS,19,"[(-100, 100)]",50,1000,100,F102017,207620.81741465247,19.001652002334595
HDS,19,"[(-100, 100)]",100,1000,100,F102017,1927826.29746428,19.87595772743225
Sobol,19,"[(-100, 100)]",30,1000,100,F102017,167059.51689499186,17.208568811416626
Sobol,18,"[(-100, 100)]",100,1000,100,F292017,12917454798.025553,113.55698680877686
HDS,19,"[(-100, 100)]",10,1000,100,F112017,84679.6869955986,21.89092993736267
HDS,19,"[(-100, 100)]",30,1000,100,F112017,43918907.57475344,22.132046222686768
HDS,19,"[(-100, 100)]",10,1000,100,F12017,3819.762869703814,14.185874938964844
Sobol,19,"[(-100, 100)]",50,1000,100,F102017,250128.59500658212,18.463490962982178
Sobol,19,"[(-100, 100)]",100,1000,100,F102017,2279464.5660071718,18.730452060699463
HDS,19,"[(-100, 100)]",50,1000,100,F112017,161166755.1915978,22.44680595397949
HDS,19,"[(-100, 100)]",100,1000,100,F112017,3450743732.7325363,23.50649380683899
Sobol,19,"[(-100, 100)]",10,1000,100,F12017,29129.163750667056,13.525285005569458
HDS,19,"[(-100, 100)]",30,1000,100,F12017,15190835.275583062,14.709150075912476
Sobol,19,"[(-100, 100)]",10,1000,100,F112017,290160.4347228769,21.632606029510494
HDS,19,"[(-100, 100)]",50,1000,100,F12017,2612197319.9411817,14.71338391304016
Sobol,19,"[(-100, 100)]",30,1000,100,F112017,37935387.40505792,21.04020595550537
Sobol,19,"[(-100, 100)]",50,1000,100,F112017,242115570.60114068,21.91412091255188
HDS,19,"[(-100, 100)]",100,1000,100,F12017,82155335836.83788,14.934443950653076
Sobol,19,"[(-100, 100)]",30,1000,100,F12017,93015700.16072948,14.583136081695557
Sobol,19,"[(-100, 100)]",100,1000,100,F112017,5526542991.339436,22.168280124664307
Sobol,19,"[(-100, 100)]",50,1000,100,F12017,4237983189.9101114,14.327564001083374
HDS,19,"[(-100, 100)]",10,1000,100,F122017,1487.252688722976,17.92968988418579
HDS,19,"[(-100, 100)]",30,1000,100,F122017,3053631.562290036,18.32197594642639
Sobol,19,"[(-100, 100)]",100,1000,100,F12017,33120011079.76593,14.062088251113892
HDS,19,"[(-100, 100)]",50,1000,100,F122017,53315210.99808744,18.516847133636475
HDS,19,"[(-100, 100)]",10,1000,100,F132017,1400.8886601160118,17.665831089019775
HDS,19,"[(-100, 100)]",100,1000,100,F122017,15562811944.997158,19.17837905883789
Sobol,19,"[(-100, 100)]",10,1000,100,F122017,1578.6516746369232,17.15404510498047
HDS,19,"[(-100, 100)]",30,1000,100,F132017,309997.24399508926,19.52868795394897
Sobol,19,"[(-100, 100)]",30,1000,100,F122017,499017.82330472575,17.741549730300903
Sobol,19,"[(-100, 100)]",50,1000,100,F122017,9937591.159769123,18.03911709785461
HDS,19,"[(-100, 100)]",50,1000,100,F132017,1848300.2918297127,20.324369192123413
Sobol,19,"[(-100, 100)]",10,1000,100,F132017,1394.8011840222257,17.517164945602417
Sobol,19,"[(-100, 100)]",100,1000,100,F122017,5162362641.059032,18.065484046936035
Sobol,19,"[(-100, 100)]",30,1000,100,F132017,367617.8434280791,19.226928234100345
HDS,19,"[(-100, 100)]",10,1000,100,F142017,1721.487447409063,17.662395238876343
HDS,19,"[(-100, 100)]",100,1000,100,F132017,54804684.83777402,24.51195693016052
HDS,19,"[(-100, 100)]",30,1000,100,F142017,4154876.8910092376,17.630614757537842
Sobol,19,"[(-100, 100)]",50,1000,100,F132017,2544452.2069941126,19.78105592727661
HDS,19,"[(-100, 100)]",50,1000,100,F142017,13450564.999454996,18.00927996635437
HDS,19,"[(-100, 100)]",10,1000,100,F152017,1338.930655044482,14.503567218780518
HDS,19,"[(-100, 100)]",100,1000,100,F142017,686152712.2680061,19.182573080062863
Sobol,19,"[(-100, 100)]",10,1000,100,F142017,1758.5505437151694,17.274643898010254
Sobol,19,"[(-100, 100)]",30,1000,100,F142017,3065041.7135400325,17.33849310874939
Sobol,19,"[(-100, 100)]",100,1000,100,F132017,27533563.88496567,23.06173300743103
Sobol,19,"[(-100, 100)]",50,1000,100,F142017,11021679.154654618,17.594576835632324
Sobol,19,"[(-100, 100)]",100,1000,100,F142017,724568003.5964203,18.19222092628479
Sobol,18,"[(-100, 100)]",100,1000,100,F282017,20958166505.692192,244.6395320892334
Sobol,19,"[(-100, 100)]",10,1000,100,F152017,1345.586713832294,25.62149214744568
HDS,19,"[(-100, 100)]",30,1000,100,F152017,7846.334502496607,30.69352698326111
HDS,19,"[(-100, 100)]",50,1000,100,F152017,19212.52715438509,36.67590498924256
HDS,19,"[(-100, 100)]",10,1000,100,F172017,,21.598721981048584
HDS,19,"[(-100, 100)]",10,1000,100,F162017,1656.3385102497657,43.25342178344727
Sobol,19,"[(-100, 100)]",30,1000,100,F152017,3352.566753810365,31.186378955841064
HDS,19,"[(-100, 100)]",100,1000,100,F152017,172289.34168970486,51.06467819213867
Sobol,19,"[(-100, 100)]",10,1000,100,F172017,,20.683897733688354
Sobol,19,"[(-100, 100)]",50,1000,100,F152017,8742.474516970116,36.621527671813965
HDS,19,"[(-100, 100)]",30,1000,100,F172017,117492.83737527678,20.861332893371586
HDS,19,"[(-100, 100)]",50,1000,100,F172017,823099.4152971117,21.55408406257629
HDS,19,"[(-100, 100)]",30,1000,100,F162017,49347.17237756041,80.11551904678345
HDS,19,"[(-100, 100)]",100,1000,100,F172017,22774762.71999901,21.63065981864929
Sobol,19,"[(-100, 100)]",10,1000,100,F162017,1497.512212275611,43.22124600410461
Sobol,19,"[(-100, 100)]",30,1000,100,F172017,80641.76298216541,20.02676677703857
Sobol,19,"[(-100, 100)]",50,1000,100,F172017,704828.8729463518,20.222341775894165
Sobol,19,"[(-100, 100)]",100,1000,100,F152017,115648.40759118833,50.16480803489685
HDS,19,"[(-100, 100)]",10,1000,100,F182017,1807.8555029267127,18.78924298286438
Sobol,19,"[(-100, 100)]",100,1000,100,F172017,13841981.215553423,20.309952974319454
HDS,19,"[(-100, 100)]",50,1000,100,F162017,388181443.2510356,113.96852827072144
Sobol,19,"[(-100, 100)]",10,1000,100,F182017,1806.9706943454512,19.152379989624023
HDS,19,"[(-100, 100)]",30,1000,100,F182017,146818.87800986704,43.47069001197815
HDS,19,"[(-100, 100)]",10,1000,100,F192017,1824.3957978344636,41.95831489562988
HDS,19,"[(-100, 100)]",50,1000,100,F182017,15817826.37352218,59.106035232543945
Sobol,19,"[(-100, 100)]",30,1000,100,F162017,244762.1426975898,77.1493411064148
Sobol,19,"[(-100, 100)]",30,1000,100,F182017,1680110.6045366349,44.03870701789856
Sobol,19,"[(-100, 100)]",10,1000,100,F192017,1838.6099790858443,41.67329812049866
HDS,19,"[(-100, 100)]",100,1000,100,F182017,378843608.1274773,96.44296288490295
HDS,19,"[(-100, 100)]",10,1000,100,F202017,2137.53832422168,7.760302066802978
HDS,19,"[(-100, 100)]",30,1000,100,F192017,2201.305976327215,79.28941702842712
Sobol,19,"[(-100, 100)]",10,1000,100,F202017,2132.642342773137,7.7689430713653564
HDS,19,"[(-100, 100)]",100,1000,100,F162017,352667067178.4928,200.326327085495
Sobol,19,"[(-100, 100)]",50,1000,100,F182017,4202822.12905633,58.332042932510376
HDS,19,"[(-100, 100)]",30,1000,100,F202017,2568.5706089622063,27.98544311523437
Sobol,19,"[(-100, 100)]",50,1000,100,F162017,221934431.28736293,117.79749202728271
HDS,19,"[(-100, 100)]",50,1000,100,F202017,6274.762107280646,30.4144868850708
Sobol,19,"[(-100, 100)]",30,1000,100,F202017,2491.4924060199637,27.71605491638184
HDS,19,"[(-100, 100)]",100,1000,100,F202017,51309.43740569412,31.18215799331665
Sobol,19,"[(-100, 100)]",50,1000,100,F202017,3733.5679019178096,28.5523681640625
HDS,19,"[(-100, 100)]",50,1000,100,F192017,2249.065672308824,129.71168613433838
HDS,19,"[(-100, 100)]",10,1000,100,F212017,721.2138385456826,32.21162486076355
Sobol,19,"[(-100, 100)]",10,1000,100,F212017,2215.576966437044,3.5118367671966557
Sobol,19,"[(-100, 100)]",100,1000,100,F202017,31897.21380145048,29.49801278114319
Sobol,19,"[(-100, 100)]",30,1000,100,F192017,2425.884326163036,96.55999088287354
HDS,19,"[(-100, 100)]",30,1000,100,F212017,2329.308243756731,32.23624396324158
Sobol,19,"[(-100, 100)]",100,1000,100,F182017,761735018.0646334,113.41468286514282
HDS,19,"[(-100, 100)]",10,1000,100,F22017,200.571240980792,18.0648889541626
HDS,19,"[(-100, 100)]",30,1000,100,F22017,17343.58038017944,17.948634147644043
Sobol,19,"[(-100, 100)]",30,1000,100,F212017,2304.6599245144066,24.348955869674683
HDS,19,"[(-100, 100)]",50,1000,100,F212017,2536.925160664499,35.10714387893677
Sobol,19,"[(-100, 100)]",10,1000,100,F22017,200.4822000706733,16.46154808998108
HDS,19,"[(-100, 100)]",100,1000,100,F212017,2867.8091166011827,37.79382300376892
Sobol,19,"[(-100, 100)]",30,1000,100,F22017,23543.24838408582,16.617881298065186
HDS,19,"[(-100, 100)]",50,1000,100,F22017,77050.25443077074,17.037547826766968
HDS,19,"[(-100, 100)]",100,1000,100,F22017,227494.64680714865,19.258354902267456
HDS,19,"[(-100, 100)]",10,1000,100,F222017,2368.4548937559425,12.616306066513062
Sobol,19,"[(-100, 100)]",50,1000,100,F22017,61375.22437389715,17.41111707687378
Sobol,19,"[(-100, 100)]",50,1000,100,F212017,2481.380119731145,33.98933291435242
Sobol,19,"[(-100, 100)]",10,1000,100,F222017,2362.3200162561425,11.211748123168944
Sobol,19,"[(-100, 100)]",100,1000,100,F22017,310274.3624075421,17.715989112854004
Sobol,19,"[(-100, 100)]",100,1000,100,F212017,3280.78273295791,36.180793046951294
HDS,19,"[(-100, 100)]",10,1000,100,F232017,2542.786696801323,11.370091915130615
Sobol,19,"[(-100, 100)]",10,1000,100,F232017,2546.1689825628787,12.171998977661133
HDS,19,"[(-100, 100)]",30,1000,100,F222017,3202.6477046871587,32.35768723487854
HDS,19,"[(-100, 100)]",30,1000,100,F232017,2843.5823971591367,26.424246072769165
HDS,19,"[(-100, 100)]",50,1000,100,F222017,10298.884349469878,33.14471697807312
HDS,19,"[(-100, 100)]",100,1000,100,F222017,37369.38895756279,35.949548959732056
HDS,19,"[(-100, 100)]",100,1000,100,F192017,4485.425951302915,233.20791602134705
Sobol,19,"[(-100, 100)]",50,1000,100,F192017,2654.259008216354,129.95315384864807
HDS,19,"[(-100, 100)]",50,1000,100,F232017,5995.678754114153,25.84689497947693
Sobol,19,"[(-100, 100)]",30,1000,100,F232017,2817.7775402334946,25.38712191581726
Sobol,19,"[(-100, 100)]",30,1000,100,F222017,3070.254917098394,29.71365189552307
Sobol,19,"[(-100, 100)]",50,1000,100,F222017,13032.212697736624,30.43720293045044
HDS,19,"[(-100, 100)]",10,1000,100,F242017,2891.904669982137,10.135268211364746
Sobol,19,"[(-100, 100)]",100,1000,100,F162017,142298627188.16556,229.44171380996704
Sobol,19,"[(-100, 100)]",100,1000,100,F222017,41870.91227332079,33.46544408798218
Sobol,19,"[(-100, 100)]",10,1000,100,F242017,2895.075648261637,9.21456217765808
Sobol,19,"[(-100, 100)]",50,1000,100,F232017,6597.702941568656,25.626580953598022
HDS,19,"[(-100, 100)]",100,1000,100,F232017,40617.14054000267,28.53480434417725
HDS,19,"[(-100, 100)]",30,1000,100,F242017,2868.4505080028453,25.55507779121399
HDS,19,"[(-100, 100)]",10,1000,100,F252017,2505.371455008474,20.058998823165894
HDS,19,"[(-100, 100)]",50,1000,100,F242017,4220.818081506962,28.70367217063904
HDS,19,"[(-100, 100)]",100,1000,100,F242017,8516.269739427065,30.372997999191284
Sobol,19,"[(-100, 100)]",10,1000,100,F252017,2962.439704224665,13.85474419593811
Sobol,19,"[(-100, 100)]",30,1000,100,F242017,2881.443104852274,22.373003005981445
Sobol,19,"[(-100, 100)]",100,1000,100,F232017,45716.79931926968,27.36141276359558
Sobol,19,"[(-100, 100)]",50,1000,100,F242017,4730.688475350207,27.247000694274902
HDS,19,"[(-100, 100)]",10,1000,100,F262017,2998.921147741202,12.833510875701904
Sobol,19,"[(-100, 100)]",100,1000,100,F242017,6351.145639159665,28.74614405632019
Sobol,19,"[(-100, 100)]",10,1000,100,F262017,2922.4850327386985,23.87213778495789
HDS,19,"[(-100, 100)]",30,1000,100,F252017,3399.429391983371,72.8176908493042
HDS,19,"[(-100, 100)]",10,1000,100,F272017,2842.0304521027506,11.3070068359375
Sobol,19,"[(-100, 100)]",10,1000,100,F272017,2817.9356481929453,12.05804705619812
HDS,19,"[(-100, 100)]",50,1000,100,F252017,4925.858448986589,99.17481708526611
HDS,19,"[(-100, 100)]",30,1000,100,F262017,3207.68521173838,74.72320294380188
Sobol,19,"[(-100, 100)]",30,1000,100,F252017,3386.897064283992,51.47996211051941
HDS,19,"[(-100, 100)]",50,1000,100,F262017,3882.997768017076,101.14563703536987
HDS,19,"[(-100, 100)]",30,1000,100,F272017,2891.5568885801804,62.11149787902832
Sobol,19,"[(-100, 100)]",100,1000,100,F192017,4562.562563137177,203.08910298347476
Sobol,19,"[(-100, 100)]",30,1000,100,F262017,3193.862390084189,73.58730006217957
HDS,19,"[(-100, 100)]",100,1000,100,F252017,17274.783414758072,165.67677211761475
Sobol,19,"[(-100, 100)]",50,1000,100,F252017,4962.95718472461,99.2685408592224
Sobol,19,"[(-100, 100)]",30,1000,100,F272017,3166.1817983975056,51.93045020103455
HDS,19,"[(-100, 100)]",100,1000,100,F262017,5380.468321389456,167.9643793106079
HDS,19,"[(-100, 100)]",50,1000,100,F272017,3044.065597911466,96.4323902130127
Sobol,19,"[(-100, 100)]",50,1000,100,F262017,3729.1567600012895,100.91696405410768
HDS,19,"[(-100, 100)]",10,1000,100,F282017,4210.330370579635,64.8402578830719
HDS,19,"[(-100, 100)]",30,1000,100,F282017,50081326.71044988,106.15497398376463
Sobol,19,"[(-100, 100)]",10,1000,100,F282017,4301.354685781127,62.95001125335693
Sobol,19,"[(-100, 100)]",50,1000,100,F272017,3193.155859718458,94.82287406921388
HDS,19,"[(-100, 100)]",100,1000,100,F272017,4928.655862463051,162.30149292945862
HDS,19,"[(-100, 100)]",50,1000,100,F282017,179143867.24421835,146.45495796203613
HDS,19,"[(-100, 100)]",10,1000,100,F292017,,44.592230796813965
Sobol,19,"[(-100, 100)]",100,1000,100,F252017,23070.65629832333,163.0886311531067
HDS,19,"[(-100, 100)]",30,1000,100,F292017,7199292.205001578,60.56177115440369
Sobol,19,"[(-100, 100)]",100,1000,100,F262017,5295.688299084373,164.10240006446838
Sobol,19,"[(-100, 100)]",10,1000,100,F292017,,44.95424485206604
HDS,19,"[(-100, 100)]",10,1000,100,F32017,303.8346732128616,6.135957956314087
Sobol,19,"[(-100, 100)]",10,1000,100,F32017,308.23920565033046,6.686713218688965
Sobol,19,"[(-100, 100)]",30,1000,100,F282017,14529970.48881689,104.23861289024352
HDS,19,"[(-100, 100)]",30,1000,100,F32017,362.7770043535404,14.995314121246338
HDS,19,"[(-100, 100)]",50,1000,100,F32017,819.0126610340632,15.10365104675293
HDS,19,"[(-100, 100)]",50,1000,100,F292017,1726105747.90867,74.8732659816742
Sobol,19,"[(-100, 100)]",30,1000,100,F292017,106764459.74175107,59.42762494087219
Sobol,19,"[(-100, 100)]",30,1000,100,F32017,408.6913143481537,14.520339965820312
Sobol,19,"[(-100, 100)]",50,1000,100,F32017,1874.9580687626355,14.638913869857788
HDS,19,"[(-100, 100)]",100,1000,100,F32017,6128.582915613405,16.887216806411743
HDS,19,"[(-100, 100)]",10,1000,100,F42017,432.2703249190594,14.250768899917604
HDS,19,"[(-100, 100)]",30,1000,100,F42017,777.6973552014445,14.694025039672852
Sobol,19,"[(-100, 100)]",100,1000,100,F32017,6423.478386999122,15.680615186691284
Sobol,19,"[(-100, 100)]",10,1000,100,F42017,429.5785110933138,14.081050872802734
Sobol,19,"[(-100, 100)]",30,1000,100,F42017,694.3388961541677,14.206717014312744
HDS,19,"[(-100, 100)]",10,1000,100,F52017,500.0041504249013,0.5622208118438721
Sobol,19,"[(-100, 100)]",10,1000,100,F52017,500.0051173975263,0.2509949207305908
HDS,19,"[(-100, 100)]",30,1000,100,F52017,500.0576952341545,0.5886368751525879
Sobol,19,"[(-100, 100)]",30,1000,100,F52017,500.0664874417267,0.2853109836578369
HDS,19,"[(-100, 100)]",50,1000,100,F52017,500.0678681548199,0.917189121246338
Sobol,19,"[(-100, 100)]",50,1000,100,F52017,500.0905195000908,0.5401079654693604
HDS,19,"[(-100, 100)]",100,1000,100,F52017,500.1039734117308,1.9358272552490237
Sobol,19,"[(-100, 100)]",100,1000,100,F52017,500.1233377184012,0.7291719913482666
HDS,19,"[(-100, 100)]",50,1000,100,F42017,2532.342075621608,15.555544137954712
HDS,19,"[(-100, 100)]",100,1000,100,F42017,41424.41622919094,16.366952180862427
Sobol,19,"[(-100, 100)]",100,1000,100,F272017,5462.580047703137,158.77042889595032
HDS,19,"[(-100, 100)]",100,1000,100,F282017,9344946548.41456,245.96838688850403
HDS,19,"[(-100, 100)]",10,1000,100,F62017,632.9341848878926,15.847316026687622
Sobol,19,"[(-100, 100)]",50,1000,100,F282017,208843429.20857415,144.59377670288086
Sobol,19,"[(-100, 100)]",50,1000,100,F42017,1809.0905023795576,14.332274198532104
HDS,19,"[(-100, 100)]",100,1000,100,F292017,3103339786.937252,114.43347311019896
Sobol,19,"[(-100, 100)]",100,1000,100,F42017,38910.8178577379,14.591779947280884
HDS,19,"[(-100, 100)]",30,1000,100,F62017,1112.603982785985,16.518556833267212
Sobol,19,"[(-100, 100)]",50,1000,100,F292017,908062692.337106,75.73201704025269
Sobol,19,"[(-100, 100)]",10,1000,100,F62017,649.6716852588238,15.5353741645813
HDS,19,"[(-100, 100)]",50,1000,100,F62017,105493.9386657056,16.882991075515747
HDS,19,"[(-100, 100)]",100,1000,100,F62017,1174130.8913367237,18.0046808719635
HDS,19,"[(-100, 100)]",10,1000,100,F72017,742.0,20.11712527275085
Sobol,19,"[(-100, 100)]",30,1000,100,F62017,2386.6785690313545,16.57458209991455
HDS,19,"[(-100, 100)]",30,1000,100,F72017,1108.5761585581477,20.91896176338196
HDS,19,"[(-100, 100)]",50,1000,100,F72017,1657.14176384628,20.280110120773315
Sobol,19,"[(-100, 100)]",50,1000,100,F62017,97661.40181548592,15.989985942840576
HDS,19,"[(-100, 100)]",10,1000,100,F82017,801.5167290984677,0.8661167621612549
Sobol,19,"[(-100, 100)]",10,1000,100,F82017,802.3743943124806,0.8086600303649902
Sobol,19,"[(-100, 100)]",100,1000,100,F62017,995885.7048334872,16.14324378967285
HDS,19,"[(-100, 100)]",30,1000,100,F82017,807.7812969426952,5.604666233062744
Sobol,19,"[(-100, 100)]",10,1000,100,F72017,732.9416634727213,19.65478491783142
Sobol,19,"[(-100, 100)]",30,1000,100,F82017,809.652584313933,5.297779083251953
HDS,19,"[(-100, 100)]",100,1000,100,F72017,3045.897733294698,22.11530065536499
HDS,19,"[(-100, 100)]",50,1000,100,F82017,820.4951456037636,11.856443166732788
Sobol,19,"[(-100, 100)]",50,1000,100,F72017,1628.893423956595,20.32475185394287
Sobol,19,"[(-100, 100)]",30,1000,100,F72017,1127.9516792092472,21.07836103439331
Sobol,19,"[(-100, 100)]",50,1000,100,F82017,816.9469181423976,9.577271938323976
HDS,19,"[(-100, 100)]",100,1000,100,F82017,895.9380765842404,17.83420205116272
HDS,19,"[(-100, 100)]",10,1000,100,F92017,-1289.525620167542,19.156847953796387
Sobol,19,"[(-100, 100)]",100,1000,100,F72017,3314.4747989861157,20.40518021583557
HDS,19,"[(-100, 100)]",30,1000,100,F92017,3461.625112646325,20.593299865722656
HDS,19,"[(-100, 100)]",50,1000,100,F92017,8818.195167801885,20.883099794387817
Sobol,19,"[(-100, 100)]",100,1000,100,F82017,897.8515921114373,17.021272897720337
HDS,19,"[(-100, 100)]",100,1000,100,F92017,25486.35214501856,23.00588083267212
Sobol,19,"[(-100, 100)]",10,1000,100,F92017,-973.0004852841156,19.05283784866333
HDS,20,"[(-100, 100)]",10,1000,100,F102017,1048.5425031536574,17.253501892089844
Sobol,19,"[(-100, 100)]",30,1000,100,F92017,3262.5842509455306,19.55857014656067
Sobol,19,"[(-100, 100)]",50,1000,100,F92017,9787.687707195537,20.19204092025757
HDS,20,"[(-100, 100)]",30,1000,100,F102017,92227.70220581068,17.004772186279297
HDS,20,"[(-100, 100)]",50,1000,100,F102017,350681.90195304033,17.63455319404602
Sobol,20,"[(-100, 100)]",10,1000,100,F102017,1040.9398121684446,16.671538829803467
Sobol,19,"[(-100, 100)]",100,1000,100,F92017,25325.009648473075,21.864083290100098
HDS,20,"[(-100, 100)]",100,1000,100,F102017,1373183.3738257694,18.83553266525269
Sobol,20,"[(-100, 100)]",30,1000,100,F102017,110449.14774664376,16.777499198913574
HDS,20,"[(-100, 100)]",10,1000,100,F112017,65012.89199696236,21.335108041763306
Sobol,19,"[(-100, 100)]",100,1000,100,F292017,7057656799.660297,113.77763485908508
Sobol,20,"[(-100, 100)]",50,1000,100,F102017,210008.02310974637,17.2095947265625
HDS,20,"[(-100, 100)]",30,1000,100,F112017,54552567.08057441,21.377012968063354
HDS,20,"[(-100, 100)]",50,1000,100,F112017,279613652.10577303,21.82219767570496
Sobol,20,"[(-100, 100)]",100,1000,100,F102017,856481.7385438532,17.456756114959717
HDS,20,"[(-100, 100)]",10,1000,100,F12017,2376.8401347458903,14.168120861053469
HDS,20,"[(-100, 100)]",30,1000,100,F12017,17290547.30126307,13.93279266357422
HDS,20,"[(-100, 100)]",100,1000,100,F112017,6770207107.34437,22.961157083511356
Sobol,20,"[(-100, 100)]",10,1000,100,F112017,185634.26337672104,20.756977081298828
HDS,20,"[(-100, 100)]",50,1000,100,F12017,831542248.9105599,14.14305591583252
Sobol,20,"[(-100, 100)]",30,1000,100,F112017,45038274.47088605,21.028689861297607
Sobol,20,"[(-100, 100)]",10,1000,100,F12017,16262.46415232937,14.267677068710327
Sobol,20,"[(-100, 100)]",50,1000,100,F112017,221045279.288401,21.131696939468384
Sobol,20,"[(-100, 100)]",30,1000,100,F12017,15851553.622734835,13.66482400894165
HDS,20,"[(-100, 100)]",100,1000,100,F12017,21173778438.817944,16.198455095291138
Sobol,20,"[(-100, 100)]",50,1000,100,F12017,2141446018.3822567,13.526707887649536
Sobol,20,"[(-100, 100)]",100,1000,100,F112017,7434163690.363627,22.161156177520752
HDS,20,"[(-100, 100)]",10,1000,100,F122017,1456.9636193273031,17.487341165542603
HDS,20,"[(-100, 100)]",30,1000,100,F122017,500504.3679575904,18.550858974456787
HDS,20,"[(-100, 100)]",50,1000,100,F122017,71209669.76022364,18.56849503517151
HDS,20,"[(-100, 100)]",100,1000,100,F122017,1531650426.4224484,19.17363786697388
Sobol,20,"[(-100, 100)]",100,1000,100,F12017,30841043623.270218,14.571740865707396
HDS,20,"[(-100, 100)]",10,1000,100,F132017,1396.099211820724,18.27238416671753
HDS,20,"[(-100, 100)]",30,1000,100,F132017,360997.8627673639,19.71082091331482
Sobol,20,"[(-100, 100)]",10,1000,100,F122017,2929.762000740387,17.606419801712036
Sobol,20,"[(-100, 100)]",30,1000,100,F122017,1538003.3082311174,18.36352586746216
Sobol,20,"[(-100, 100)]",50,1000,100,F122017,25510783.709745955,19.15802502632141
Sobol,20,"[(-100, 100)]",100,1000,100,F122017,6040695214.474009,18.74303412437439
HDS,20,"[(-100, 100)]",50,1000,100,F132017,2333135.4183844985,21.85994791984558
Sobol,20,"[(-100, 100)]",10,1000,100,F132017,1413.3157671697502,17.788897037506104
Sobol,20,"[(-100, 100)]",30,1000,100,F132017,327964.65506370284,18.978862047195435
HDS,20,"[(-100, 100)]",10,1000,100,F142017,1717.9361923549611,18.523410081863403
HDS,20,"[(-100, 100)]",30,1000,100,F142017,1462412.1038435036,19.003326892852783
HDS,20,"[(-100, 100)]",50,1000,100,F142017,2042270.684659873,18.401764154434204
HDS,20,"[(-100, 100)]",100,1000,100,F132017,19843168.74086699,24.36263966560364
Sobol,20,"[(-100, 100)]",50,1000,100,F132017,913942.8468272012,20.94741988182068
HDS,20,"[(-100, 100)]",10,1000,100,F152017,1337.9582280574227,14.832001686096191
HDS,20,"[(-100, 100)]",100,1000,100,F142017,821053527.353724,19.606729984283447
Sobol,20,"[(-100, 100)]",10,1000,100,F142017,1967.9491028086327,17.863932132720947
Sobol,20,"[(-100, 100)]",50,1000,100,F142017,13309803.099091943,17.743387937545776
Sobol,20,"[(-100, 100)]",30,1000,100,F142017,1599861.6956641471,18.561697006225582
Sobol,20,"[(-100, 100)]",100,1000,100,F132017,33649989.46998419,22.870403051376343
Sobol,20,"[(-100, 100)]",10,1000,100,F152017,1341.4941712825644,18.451395988464355
Sobol,20,"[(-100, 100)]",100,1000,100,F142017,498443492.2513813,18.31924819946289
Sobol,19,"[(-100, 100)]",100,1000,100,F282017,12191610153.228796,243.72517085075376
HDS,20,"[(-100, 100)]",30,1000,100,F152017,4345.9895930626135,30.99506092071533
HDS,20,"[(-100, 100)]",50,1000,100,F152017,8211.254005915118,35.464118003845215
HDS,20,"[(-100, 100)]",10,1000,100,F172017,,19.43715810775757
HDS,20,"[(-100, 100)]",10,1000,100,F162017,1489.4912831926752,42.48727989196777
HDS,20,"[(-100, 100)]",100,1000,100,F152017,98302.25214097917,48.7162549495697
Sobol,20,"[(-100, 100)]",30,1000,100,F152017,3565.811063199,30.820441007614136
Sobol,20,"[(-100, 100)]",10,1000,100,F172017,,19.307170152664185
Sobol,20,"[(-100, 100)]",50,1000,100,F152017,13228.73726276759,36.53318500518799
HDS,20,"[(-100, 100)]",30,1000,100,F172017,117031.76366889763,21.414066314697266
HDS,20,"[(-100, 100)]",50,1000,100,F172017,1333733.2656134665,21.101364850997925
HDS,20,"[(-100, 100)]",30,1000,100,F162017,359343.9666668228,76.27190709114075
Sobol,20,"[(-100, 100)]",10,1000,100,F162017,1676.5160268878124,43.25384187698364
HDS,20,"[(-100, 100)]",100,1000,100,F172017,13521660.069578256,20.82773995399475
Sobol,20,"[(-100, 100)]",30,1000,100,F172017,101725.74791188011,20.26193308830261
Sobol,20,"[(-100, 100)]",50,1000,100,F172017,1287641.347089148,19.224648237228397
Sobol,20,"[(-100, 100)]",100,1000,100,F152017,65445.12144918155,49.07351899147034
HDS,20,"[(-100, 100)]",10,1000,100,F182017,1807.8896048226536,21.6564998626709
Sobol,20,"[(-100, 100)]",100,1000,100,F172017,17251568.94566013,20.733656883239743
HDS,20,"[(-100, 100)]",50,1000,100,F162017,493345256.703274,113.1112949848175
Sobol,20,"[(-100, 100)]",10,1000,100,F182017,1808.4633049464717,20.46929097175598
HDS,20,"[(-100, 100)]",30,1000,100,F182017,644902.3418266932,44.25945496559143
HDS,20,"[(-100, 100)]",10,1000,100,F192017,1829.0439490406163,40.50231027603149
HDS,20,"[(-100, 100)]",50,1000,100,F182017,7290383.910449452,58.37857604026794
Sobol,20,"[(-100, 100)]",30,1000,100,F162017,38386.99239610432,75.99894499778748
Sobol,20,"[(-100, 100)]",30,1000,100,F182017,274175.8773582428,44.74693298339844
Sobol,20,"[(-100, 100)]",10,1000,100,F192017,1823.9739208209264,41.18952488899231
HDS,20,"[(-100, 100)]",100,1000,100,F182017,2377086186.959997,96.51500272750854
HDS,20,"[(-100, 100)]",10,1000,100,F202017,2118.817273688885,7.666413068771362
HDS,20,"[(-100, 100)]",30,1000,100,F192017,2113.931011811348,78.65220403671265
Sobol,20,"[(-100, 100)]",10,1000,100,F202017,2148.349802975384,6.833258867263794
HDS,20,"[(-100, 100)]",100,1000,100,F162017,90921966097.70155,201.5415780544281
Sobol,20,"[(-100, 100)]",50,1000,100,F182017,3154569.5558603755,58.33070611953735
HDS,20,"[(-100, 100)]",30,1000,100,F202017,2499.4372025598245,22.97930884361267
Sobol,20,"[(-100, 100)]",50,1000,100,F162017,32750029.53470397,110.31780409812929
HDS,20,"[(-100, 100)]",50,1000,100,F202017,4549.422645747598,23.44738292694092
Sobol,20,"[(-100, 100)]",30,1000,100,F202017,2484.813523883232,22.676380157470703
HDS,20,"[(-100, 100)]",10,1000,100,F212017,2215.9423592690264,2.414614677429199
HDS,20,"[(-100, 100)]",100,1000,100,F202017,41027.43153059,24.80398678779602
Sobol,20,"[(-100, 100)]",10,1000,100,F212017,2215.998469732213,2.84252405166626
Sobol,20,"[(-100, 100)]",50,1000,100,F202017,4136.659319428145,22.64476585388184
HDS,20,"[(-100, 100)]",50,1000,100,F192017,2624.852311157409,111.6759819984436
Sobol,20,"[(-100, 100)]",100,1000,100,F202017,34594.44888125527,23.92534899711609
Sobol,20,"[(-100, 100)]",30,1000,100,F192017,2334.505833045391,78.24724197387695
HDS,20,"[(-100, 100)]",30,1000,100,F212017,2322.6504234225754,26.62214994430542
HDS,20,"[(-100, 100)]",50,1000,100,F212017,2544.9518178522176,27.792543172836304
Sobol,20,"[(-100, 100)]",100,1000,100,F182017,576377592.4877747,94.56910610198976
HDS,20,"[(-100, 100)]",10,1000,100,F22017,200.45068965876115,14.543355226516724
HDS,20,"[(-100, 100)]",30,1000,100,F22017,20083.3188077374,14.092927932739258
HDS,20,"[(-100, 100)]",100,1000,100,F212017,3069.4647938670173,29.474448919296265
Sobol,20,"[(-100, 100)]",30,1000,100,F212017,2306.2412768784397,26.02759003639221
Sobol,20,"[(-100, 100)]",50,1000,100,F212017,2500.856945991807,26.88295888900757
Sobol,20,"[(-100, 100)]",10,1000,100,F22017,201.24886969488668,14.37307333946228
Sobol,20,"[(-100, 100)]",30,1000,100,F22017,22408.591513665957,13.655529022216797
HDS,20,"[(-100, 100)]",10,1000,100,F222017,2367.874578421181,10.911853075027466
HDS,20,"[(-100, 100)]",50,1000,100,F22017,75109.7025686888,14.27634310722351
HDS,20,"[(-100, 100)]",100,1000,100,F22017,275453.69239036663,15.477607011795044
Sobol,20,"[(-100, 100)]",10,1000,100,F222017,2367.692783934257,10.084025859832764
Sobol,20,"[(-100, 100)]",100,1000,100,F212017,2912.039751200865,28.417415857315063
Sobol,20,"[(-100, 100)]",50,1000,100,F22017,91394.876749352,13.827095985412598
Sobol,20,"[(-100, 100)]",100,1000,100,F22017,284929.7249626274,14.566411972045898
HDS,20,"[(-100, 100)]",30,1000,100,F222017,2962.6185263088632,28.5973858833313
HDS,20,"[(-100, 100)]",10,1000,100,F232017,2541.1433569275687,9.379431247711182
Sobol,20,"[(-100, 100)]",10,1000,100,F232017,2450.318706633946,11.186682224273682
HDS,20,"[(-100, 100)]",50,1000,100,F222017,8379.047131432088,31.487983226776123
HDS,20,"[(-100, 100)]",30,1000,100,F232017,2935.282073527501,25.677072286605835
HDS,20,"[(-100, 100)]",100,1000,100,F222017,25027.699458721672,33.55285096168518
Sobol,20,"[(-100, 100)]",30,1000,100,F222017,3569.2456504503098,30.238076210021973
Sobol,20,"[(-100, 100)]",50,1000,100,F192017,2346.2826349561765,111.8891739845276
HDS,20,"[(-100, 100)]",50,1000,100,F232017,8824.743212678617,25.671963930130005
HDS,20,"[(-100, 100)]",100,1000,100,F192017,5410.685813631882,203.45469307899475
HDS,20,"[(-100, 100)]",10,1000,100,F242017,2886.054344570508,10.549012899398804
Sobol,20,"[(-100, 100)]",30,1000,100,F232017,2910.542754536252,25.14328503608704
Sobol,20,"[(-100, 100)]",50,1000,100,F222017,7551.110133207332,31.1059410572052
Sobol,20,"[(-100, 100)]",10,1000,100,F242017,2888.938711157268,9.213701725006104
HDS,20,"[(-100, 100)]",100,1000,100,F232017,44510.3275917763,28.78036499023437
Sobol,20,"[(-100, 100)]",100,1000,100,F222017,27142.532852785316,33.29792618751526
Sobol,20,"[(-100, 100)]",50,1000,100,F232017,8378.962321093768,25.824291944503784
Sobol,20,"[(-100, 100)]",100,1000,100,F162017,87682395208.32253,201.2874858379364
HDS,20,"[(-100, 100)]",10,1000,100,F252017,2972.471389378937,14.57506012916565
HDS,20,"[(-100, 100)]",30,1000,100,F242017,2890.547030605268,27.9057559967041
HDS,20,"[(-100, 100)]",50,1000,100,F242017,4408.205868642085,27.804081201553345
Sobol,20,"[(-100, 100)]",100,1000,100,F232017,51909.66627893078,27.835057020187374
HDS,20,"[(-100, 100)]",100,1000,100,F242017,6651.553057628809,30.662755727767944
Sobol,20,"[(-100, 100)]",10,1000,100,F252017,2969.0287372196126,16.224967002868652
HDS,20,"[(-100, 100)]",10,1000,100,F262017,2986.373398663988,12.076565980911257
Sobol,20,"[(-100, 100)]",30,1000,100,F242017,2872.9661954662247,27.239224910736084
Sobol,20,"[(-100, 100)]",50,1000,100,F242017,4101.852624920566,28.05897283554077
Sobol,20,"[(-100, 100)]",100,1000,100,F242017,7974.627560884808,29.736675024032596
HDS,20,"[(-100, 100)]",30,1000,100,F252017,3380.4921806283046,72.89601993560791
Sobol,20,"[(-100, 100)]",10,1000,100,F262017,2150.3598181430884,47.39705014228821
HDS,20,"[(-100, 100)]",10,1000,100,F272017,2822.39310181786,8.339671850204468
HDS,20,"[(-100, 100)]",50,1000,100,F252017,4588.695374657915,98.72901701927184
Sobol,20,"[(-100, 100)]",10,1000,100,F272017,2846.2178376771835,10.74804401397705
HDS,20,"[(-100, 100)]",30,1000,100,F262017,3218.8984429974225,73.8719630241394
HDS,20,"[(-100, 100)]",50,1000,100,F262017,3770.9429356747087,100.68203496932983
Sobol,20,"[(-100, 100)]",30,1000,100,F252017,3407.342094841284,71.07399392127991
HDS,20,"[(-100, 100)]",30,1000,100,F272017,2877.609835551656,55.790424823760986
Sobol,20,"[(-100, 100)]",100,1000,100,F192017,4448.076505807359,205.4676580429077
HDS,20,"[(-100, 100)]",100,1000,100,F252017,24776.514657711137,165.65561604499817
Sobol,20,"[(-100, 100)]",30,1000,100,F262017,3207.972924820727,74.29226803779602
Sobol,20,"[(-100, 100)]",50,1000,100,F252017,4568.666423956918,98.41918635368349
Sobol,20,"[(-100, 100)]",30,1000,100,F272017,2859.102934996392,57.92649435997009
HDS,20,"[(-100, 100)]",100,1000,100,F262017,5409.855256857494,167.15347599983215
HDS,20,"[(-100, 100)]",50,1000,100,F272017,3283.874021485405,94.34661388397215
Sobol,20,"[(-100, 100)]",50,1000,100,F262017,3794.275302969336,99.95900106430054
HDS,20,"[(-100, 100)]",10,1000,100,F282017,4411.448593109347,63.06910681724548
HDS,20,"[(-100, 100)]",30,1000,100,F282017,32993925.20994953,105.45652675628662
Sobol,20,"[(-100, 100)]",10,1000,100,F282017,4268.539485005185,63.114574909210205
Sobol,20,"[(-100, 100)]",50,1000,100,F272017,3212.695980877458,89.90670323371887
HDS,20,"[(-100, 100)]",100,1000,100,F272017,3949.711903766813,160.040540933609
Sobol,20,"[(-100, 100)]",100,1000,100,F252017,23784.847181197423,164.23197603225708
HDS,20,"[(-100, 100)]",10,1000,100,F292017,,47.10120296478272
HDS,20,"[(-100, 100)]",50,1000,100,F282017,469699198.8093023,147.09158086776733
Sobol,20,"[(-100, 100)]",100,1000,100,F262017,5117.135599927805,167.74802684783936
HDS,20,"[(-100, 100)]",30,1000,100,F292017,32836220.684115857,61.85772919654846
Sobol,20,"[(-100, 100)]",10,1000,100,F292017,,44.62689089775085
HDS,20,"[(-100, 100)]",10,1000,100,F32017,309.9783016661565,5.683562994003296
Sobol,20,"[(-100, 100)]",30,1000,100,F282017,22658369.62596648,108.15004682540894
Sobol,20,"[(-100, 100)]",10,1000,100,F32017,301.3026633123568,7.64773678779602
HDS,20,"[(-100, 100)]",50,1000,100,F292017,835257722.8062377,75.9339427947998
HDS,20,"[(-100, 100)]",30,1000,100,F32017,348.05455883273305,15.179595947265623
HDS,20,"[(-100, 100)]",50,1000,100,F32017,939.7453916198432,15.543354034423828
Sobol,20,"[(-100, 100)]",30,1000,100,F32017,419.7172916190421,15.026543855667114
Sobol,20,"[(-100, 100)]",50,1000,100,F32017,690.740271482541,14.823461294174194
Sobol,20,"[(-100, 100)]",30,1000,100,F292017,14976938.91501159,59.9179756641388
HDS,20,"[(-100, 100)]",100,1000,100,F32017,4301.19978711005,16.432973861694336
HDS,20,"[(-100, 100)]",10,1000,100,F42017,434.5396932464605,14.128016710281372
HDS,20,"[(-100, 100)]",30,1000,100,F42017,726.2734888190992,14.751837968826294
Sobol,20,"[(-100, 100)]",100,1000,100,F32017,9607.00792352753,15.088917970657349
Sobol,20,"[(-100, 100)]",10,1000,100,F42017,435.1630202787318,13.935339212417604
Sobol,20,"[(-100, 100)]",30,1000,100,F42017,1163.2424458241364,14.08976411819458
HDS,20,"[(-100, 100)]",10,1000,100,F52017,500.0010801436099,0.374161958694458
Sobol,20,"[(-100, 100)]",10,1000,100,F52017,500.001032695138,0.2140450477600097
HDS,20,"[(-100, 100)]",30,1000,100,F52017,500.0441065842012,0.6497499942779541
Sobol,20,"[(-100, 100)]",30,1000,100,F52017,500.067899577508,0.3279669284820556
HDS,20,"[(-100, 100)]",50,1000,100,F52017,500.0606616434425,0.8345160484313965
Sobol,20,"[(-100, 100)]",50,1000,100,F52017,500.0841526964318,0.395488977432251
HDS,20,"[(-100, 100)]",100,1000,100,F52017,500.1050120454343,1.663341999053955
Sobol,20,"[(-100, 100)]",100,1000,100,F52017,500.12703148798295,0.6542761325836182
HDS,20,"[(-100, 100)]",50,1000,100,F42017,4778.449168004838,14.861577987670898
HDS,20,"[(-100, 100)]",100,1000,100,F42017,12616.433939847688,16.04852604866028
HDS,20,"[(-100, 100)]",100,1000,100,F282017,7957943410.825778,253.08775186538696
Sobol,20,"[(-100, 100)]",100,1000,100,F272017,5337.977367174335,158.8171029090881
HDS,20,"[(-100, 100)]",100,1000,100,F292017,6964132173.338377,113.3681139945984
HDS,20,"[(-100, 100)]",10,1000,100,F62017,649.6881097296132,15.64990210533142
Sobol,20,"[(-100, 100)]",50,1000,100,F292017,850222096.2135394,74.62173104286194
Sobol,20,"[(-100, 100)]",50,1000,100,F42017,1514.5908083637366,14.33104395866394
Sobol,20,"[(-100, 100)]",100,1000,100,F42017,31423.89709040744,14.796871900558472
Sobol,20,"[(-100, 100)]",50,1000,100,F282017,129864131.09031782,144.77887105941772
HDS,20,"[(-100, 100)]",30,1000,100,F62017,1635.9080975986285,16.029834032058716
Sobol,20,"[(-100, 100)]",10,1000,100,F62017,642.703231028147,15.771842956542969
HDS,20,"[(-100, 100)]",50,1000,100,F62017,95157.4568550956,16.766849040985107
HDS,20,"[(-100, 100)]",100,1000,100,F62017,1057442.5300708916,17.774569034576416
HDS,20,"[(-100, 100)]",10,1000,100,F72017,724.6117624411124,19.752358198165894
HDS,20,"[(-100, 100)]",30,1000,100,F72017,1119.2494647045592,20.29929995536804
Sobol,20,"[(-100, 100)]",30,1000,100,F62017,1811.129239707756,15.978538990020752
Sobol,20,"[(-100, 100)]",50,1000,100,F62017,110681.79879070216,16.311670064926147
HDS,20,"[(-100, 100)]",10,1000,100,F82017,802.4812229267831,0.8508908748626709
HDS,20,"[(-100, 100)]",50,1000,100,F72017,1583.623485875309,20.1454119682312
Sobol,20,"[(-100, 100)]",10,1000,100,F82017,802.1339680719233,0.8007738590240479
Sobol,20,"[(-100, 100)]",100,1000,100,F62017,1526498.57172835,16.80910587310791
HDS,20,"[(-100, 100)]",30,1000,100,F82017,813.0894463423145,3.5578508377075195
Sobol,20,"[(-100, 100)]",30,1000,100,F82017,809.6982735236418,4.440771102905273
Sobol,20,"[(-100, 100)]",10,1000,100,F72017,740.9205664792387,19.67708992958069
HDS,20,"[(-100, 100)]",50,1000,100,F82017,818.6949357019362,11.261515855789185
Sobol,20,"[(-100, 100)]",30,1000,100,F72017,1174.652930942736,19.94736099243164
HDS,20,"[(-100, 100)]",100,1000,100,F72017,3160.002182400656,21.682066917419437
Sobol,20,"[(-100, 100)]",50,1000,100,F72017,1594.025619117404,19.70271897315979
HDS,20,"[(-100, 100)]",100,1000,100,F82017,910.6154865513288,17.920313119888306
Sobol,20,"[(-100, 100)]",50,1000,100,F82017,820.5696999530197,14.861053228378296
HDS,20,"[(-100, 100)]",10,1000,100,F92017,-855.4531937451284,19.334763050079346
HDS,20,"[(-100, 100)]",30,1000,100,F92017,3912.459427030515,19.613401889801025
Sobol,20,"[(-100, 100)]",100,1000,100,F72017,3267.5503753521643,20.57114005088806
HDS,20,"[(-100, 100)]",50,1000,100,F92017,7456.351667399173,20.28001976013184
Sobol,20,"[(-100, 100)]",100,1000,100,F82017,872.9335711965452,16.65201687812805
Sobol,20,"[(-100, 100)]",10,1000,100,F92017,-735.7901251984895,19.26641631126404
HDS,20,"[(-100, 100)]",100,1000,100,F92017,25638.72451297463,22.4881489276886
Sobol,20,"[(-100, 100)]",30,1000,100,F92017,3240.070413530826,19.81261897087097
HDS,21,"[(-100, 100)]",10,1000,100,F102017,1041.5974854704791,17.172822952270508
HDS,21,"[(-100, 100)]",30,1000,100,F102017,82517.52461431916,17.86189913749695
Sobol,20,"[(-100, 100)]",50,1000,100,F92017,8150.459610695952,20.69752693176269
HDS,21,"[(-100, 100)]",50,1000,100,F102017,326109.3171707103,17.90508508682251
Sobol,21,"[(-100, 100)]",10,1000,100,F102017,1055.9127902791329,16.697999954223633
HDS,21,"[(-100, 100)]",100,1000,100,F102017,696325.8181558338,18.895304918289185
Sobol,20,"[(-100, 100)]",100,1000,100,F92017,23940.823946139408,21.63338017463684
Sobol,20,"[(-100, 100)]",100,1000,100,F292017,17862218042.8908,111.71243619918825
Sobol,21,"[(-100, 100)]",30,1000,100,F102017,116804.9557556373,16.69756007194519
HDS,21,"[(-100, 100)]",10,1000,100,F112017,232873.03098491,20.74551820755005
Sobol,21,"[(-100, 100)]",50,1000,100,F102017,296421.6205803416,17.03929090499878
Sobol,21,"[(-100, 100)]",100,1000,100,F102017,1317286.3676944675,17.781941890716553
HDS,21,"[(-100, 100)]",10,1000,100,F12017,2863.990025769441,14.01754379272461
HDS,21,"[(-100, 100)]",30,1000,100,F112017,40534773.73059394,22.15746474266052
HDS,21,"[(-100, 100)]",50,1000,100,F112017,337665165.0119724,22.14274787902832
HDS,21,"[(-100, 100)]",30,1000,100,F12017,113530399.99172896,14.040518283843994
HDS,21,"[(-100, 100)]",100,1000,100,F112017,6319112527.799284,23.14432191848755
Sobol,21,"[(-100, 100)]",10,1000,100,F112017,518298.9629160452,21.04617500305176
Sobol,21,"[(-100, 100)]",10,1000,100,F12017,38489.53186586541,13.192888975143433
HDS,21,"[(-100, 100)]",50,1000,100,F12017,2535679822.6144056,13.993610858917236
Sobol,21,"[(-100, 100)]",30,1000,100,F12017,47692340.14408333,13.446288347244264
Sobol,21,"[(-100, 100)]",30,1000,100,F112017,40372342.4512805,20.746358156204224
Sobol,21,"[(-100, 100)]",50,1000,100,F112017,120966610.54129934,21.141173124313354
HDS,21,"[(-100, 100)]",100,1000,100,F12017,43936062085.78809,14.855999946594238
Sobol,21,"[(-100, 100)]",50,1000,100,F12017,366800304.8859269,13.37772798538208
Sobol,21,"[(-100, 100)]",100,1000,100,F112017,9338453562.72484,21.985199213027958
HDS,21,"[(-100, 100)]",10,1000,100,F122017,1577.770104494266,18.234386920928955
HDS,21,"[(-100, 100)]",30,1000,100,F122017,429121.4933304583,18.618646144866943
Sobol,21,"[(-100, 100)]",100,1000,100,F12017,27512740798.95004,14.2010498046875
HDS,21,"[(-100, 100)]",50,1000,100,F122017,8769012.80878862,18.712254762649536
HDS,21,"[(-100, 100)]",10,1000,100,F132017,1378.4738342722742,18.14641308784485
HDS,21,"[(-100, 100)]",100,1000,100,F122017,3685365273.0261855,19.86360502243042
HDS,21,"[(-100, 100)]",30,1000,100,F132017,379848.6760918391,19.516003847122192
Sobol,21,"[(-100, 100)]",10,1000,100,F122017,1362.018975372817,17.907371997833252
Sobol,21,"[(-100, 100)]",30,1000,100,F122017,856958.4098381918,18.4032678604126
Sobol,21,"[(-100, 100)]",50,1000,100,F122017,57191410.91562154,18.28946876525879
HDS,21,"[(-100, 100)]",50,1000,100,F132017,2514991.433391307,21.26199173927307
Sobol,21,"[(-100, 100)]",10,1000,100,F132017,1370.4134404559147,18.38393187522888
Sobol,21,"[(-100, 100)]",100,1000,100,F122017,14908496988.995785,18.984627962112427
Sobol,21,"[(-100, 100)]",30,1000,100,F132017,271900.1688731183,19.08164691925049
HDS,21,"[(-100, 100)]",100,1000,100,F132017,26411161.40788133,24.119334936141968
HDS,21,"[(-100, 100)]",10,1000,100,F142017,2128.2471281352323,17.624633073806763
HDS,21,"[(-100, 100)]",30,1000,100,F142017,960488.3793070808,18.08664298057556
HDS,21,"[(-100, 100)]",50,1000,100,F142017,5319884.04534097,18.245527744293213
Sobol,21,"[(-100, 100)]",50,1000,100,F132017,2430707.188861074,20.06881594657898
HDS,21,"[(-100, 100)]",100,1000,100,F142017,232146182.0781805,19.60890769958496
HDS,21,"[(-100, 100)]",10,1000,100,F152017,1338.5361241842716,19.136096000671387
Sobol,21,"[(-100, 100)]",10,1000,100,F142017,2158.3574305516595,18.19904518127441
Sobol,21,"[(-100, 100)]",30,1000,100,F142017,650144.5740258313,18.379694938659668
Sobol,21,"[(-100, 100)]",100,1000,100,F132017,37840160.44178791,23.97453784942627
Sobol,21,"[(-100, 100)]",50,1000,100,F142017,2566993.393752783,18.30994391441345
Sobol,21,"[(-100, 100)]",100,1000,100,F142017,347617320.3842188,19.08928894996643
Sobol,21,"[(-100, 100)]",10,1000,100,F152017,1338.6102627765545,23.867372035980225
HDS,21,"[(-100, 100)]",30,1000,100,F152017,3039.6010315933618,31.430561780929565
Sobol,20,"[(-100, 100)]",100,1000,100,F282017,2806257047.249736,249.3646709918976
HDS,21,"[(-100, 100)]",50,1000,100,F152017,8539.730721232807,36.78698205947876
HDS,21,"[(-100, 100)]",10,1000,100,F172017,,21.234249114990234
HDS,21,"[(-100, 100)]",10,1000,100,F162017,1862.798798157053,42.57585096359253
Sobol,21,"[(-100, 100)]",30,1000,100,F152017,2160.5984429057626,31.16554880142212
HDS,21,"[(-100, 100)]",100,1000,100,F152017,124394.7034487324,50.498661041259766
Sobol,21,"[(-100, 100)]",10,1000,100,F172017,,20.135051012039185
HDS,21,"[(-100, 100)]",30,1000,100,F172017,80777.8295280768,19.393260955810547
Sobol,21,"[(-100, 100)]",50,1000,100,F152017,25834.02798198783,35.565956115722656
HDS,21,"[(-100, 100)]",30,1000,100,F162017,63989.05401865482,77.33669018745422
HDS,21,"[(-100, 100)]",50,1000,100,F172017,1018602.2242927224,19.67001175880432
Sobol,21,"[(-100, 100)]",10,1000,100,F162017,1654.5894121868382,41.29062914848328
Sobol,21,"[(-100, 100)]",30,1000,100,F172017,98383.07366782016,19.295841932296756
HDS,21,"[(-100, 100)]",100,1000,100,F172017,18117694.450633,20.80244398117065
Sobol,21,"[(-100, 100)]",100,1000,100,F152017,176553.33962691767,47.90247297286987
Sobol,21,"[(-100, 100)]",50,1000,100,F172017,1223975.7795655085,19.2399640083313
HDS,21,"[(-100, 100)]",10,1000,100,F182017,1807.390449831234,22.273443698883057
Sobol,21,"[(-100, 100)]",100,1000,100,F172017,18422704.19865277,19.999727964401245
HDS,21,"[(-100, 100)]",50,1000,100,F162017,393743610.2738882,112.01107597351074
Sobol,21,"[(-100, 100)]",10,1000,100,F182017,1810.3259893778652,18.775476932525635
HDS,21,"[(-100, 100)]",30,1000,100,F182017,769137.4077201745,42.88994312286377
HDS,21,"[(-100, 100)]",10,1000,100,F192017,1935.185166699417,40.52790904045105
Sobol,21,"[(-100, 100)]",30,1000,100,F162017,75497.47710826427,75.22314691543579
HDS,21,"[(-100, 100)]",50,1000,100,F182017,10423932.122765023,58.51066589355469
Sobol,21,"[(-100, 100)]",30,1000,100,F182017,308306.04910746875,43.34079003334045
Sobol,21,"[(-100, 100)]",10,1000,100,F192017,1841.5162383446843,42.49861025810242
HDS,21,"[(-100, 100)]",100,1000,100,F182017,1704454485.541594,95.48425698280334
HDS,21,"[(-100, 100)]",10,1000,100,F202017,2139.944115849884,8.38976788520813
HDS,21,"[(-100, 100)]",30,1000,100,F192017,2051.8694928814302,78.24558115005493
Sobol,21,"[(-100, 100)]",10,1000,100,F202017,2127.430133937076,6.785856008529663
HDS,21,"[(-100, 100)]",100,1000,100,F162017,586135536263.2957,197.5729079246521
Sobol,21,"[(-100, 100)]",50,1000,100,F182017,3962573.428580238,58.71423578262329
Sobol,21,"[(-100, 100)]",50,1000,100,F162017,134502257.119909,112.35980296134947
HDS,21,"[(-100, 100)]",30,1000,100,F202017,2283.018005895112,23.021555185317997
HDS,21,"[(-100, 100)]",50,1000,100,F202017,3537.3598160173497,23.064270973205566
Sobol,21,"[(-100, 100)]",30,1000,100,F202017,2260.678120797481,22.80403709411621
HDS,21,"[(-100, 100)]",100,1000,100,F202017,24336.967722590354,25.006141901016235
HDS,21,"[(-100, 100)]",10,1000,100,F212017,2217.2149444327983,2.889162063598633
Sobol,21,"[(-100, 100)]",50,1000,100,F202017,4122.613793354073,22.450671911239624
HDS,21,"[(-100, 100)]",50,1000,100,F192017,2921.8802853823463,115.5079951286316
Sobol,21,"[(-100, 100)]",100,1000,100,F202017,43383.27956649797,23.180521965026852
Sobol,21,"[(-100, 100)]",30,1000,100,F192017,3071.6292418119274,76.352618932724
Sobol,21,"[(-100, 100)]",10,1000,100,F212017,775.5121666715249,25.667754888534542
HDS,21,"[(-100, 100)]",30,1000,100,F212017,2278.153740477475,23.107478857040405
Sobol,21,"[(-100, 100)]",100,1000,100,F182017,2541236768.78221,94.2353060245514
HDS,21,"[(-100, 100)]",10,1000,100,F22017,200.84185033580823,13.233722925186155
HDS,21,"[(-100, 100)]",30,1000,100,F22017,18762.60612461547,13.808081865310667
HDS,21,"[(-100, 100)]",50,1000,100,F212017,2574.4184852963444,27.612054109573364
Sobol,21,"[(-100, 100)]",10,1000,100,F22017,200.8766459397633,13.812486171722412
HDS,21,"[(-100, 100)]",100,1000,100,F212017,3320.8224283424256,29.92183494567871
Sobol,21,"[(-100, 100)]",30,1000,100,F212017,2286.5286386032967,26.492990016937256
Sobol,21,"[(-100, 100)]",30,1000,100,F22017,20754.01860411932,14.216050863265991
HDS,21,"[(-100, 100)]",50,1000,100,F22017,69461.19430102994,14.83345890045166
HDS,21,"[(-100, 100)]",100,1000,100,F22017,272462.32455150795,16.03369903564453
HDS,21,"[(-100, 100)]",10,1000,100,F222017,2375.4917984220374,10.971139192581177
Sobol,21,"[(-100, 100)]",50,1000,100,F212017,2517.352715356796,27.736716985702515
Sobol,21,"[(-100, 100)]",50,1000,100,F22017,79454.63335332813,14.267060995101929
Sobol,21,"[(-100, 100)]",100,1000,100,F212017,3935.474483652207,29.0432710647583
Sobol,21,"[(-100, 100)]",100,1000,100,F22017,290775.43902974634,14.524232864379885
Sobol,21,"[(-100, 100)]",10,1000,100,F222017,2443.413351563523,10.93655800819397
HDS,21,"[(-100, 100)]",10,1000,100,F232017,2556.347765952786,9.69166374206543
Sobol,21,"[(-100, 100)]",10,1000,100,F232017,2537.378321282104,10.29543685913086
HDS,21,"[(-100, 100)]",30,1000,100,F222017,3157.178581513668,29.014283895492557
HDS,21,"[(-100, 100)]",30,1000,100,F232017,3033.5495810842303,24.660698890686035
HDS,21,"[(-100, 100)]",50,1000,100,F222017,5129.520163174197,30.89014983177185
HDS,21,"[(-100, 100)]",100,1000,100,F222017,31347.786761574956,32.72334003448486
HDS,21,"[(-100, 100)]",100,1000,100,F192017,5547.173161553493,202.85211205482483
Sobol,21,"[(-100, 100)]",50,1000,100,F192017,2615.184625036215,115.49533987045288
HDS,21,"[(-100, 100)]",50,1000,100,F232017,5627.608854827058,25.745095014572144
Sobol,21,"[(-100, 100)]",30,1000,100,F232017,3029.6959546183684,25.080218076705933
Sobol,21,"[(-100, 100)]",30,1000,100,F222017,2832.395610514956,29.88158106803894
Sobol,21,"[(-100, 100)]",50,1000,100,F222017,10134.150052427369,30.16463613510132
HDS,21,"[(-100, 100)]",10,1000,100,F242017,2913.494302258622,10.055994987487791
Sobol,21,"[(-100, 100)]",100,1000,100,F222017,33344.24870857633,32.32396221160889
Sobol,21,"[(-100, 100)]",100,1000,100,F162017,29238243467.7668,195.2732880115509
Sobol,21,"[(-100, 100)]",50,1000,100,F232017,6021.053987274092,24.79768180847168
Sobol,21,"[(-100, 100)]",10,1000,100,F242017,2885.923081270045,10.301962852478027
HDS,21,"[(-100, 100)]",100,1000,100,F232017,61226.86159584025,27.81861019134521
HDS,21,"[(-100, 100)]",30,1000,100,F242017,2874.6652735911853,23.456522703170776
HDS,21,"[(-100, 100)]",50,1000,100,F242017,4307.978150618726,27.63796186447144
HDS,21,"[(-100, 100)]",100,1000,100,F242017,7908.759573829239,30.60286521911621
Sobol,21,"[(-100, 100)]",100,1000,100,F232017,47377.06119188184,27.368505001068115
Sobol,21,"[(-100, 100)]",30,1000,100,F242017,2886.5295427955343,27.22185182571411
HDS,21,"[(-100, 100)]",10,1000,100,F252017,2500.094372960316,42.35091996192932
Sobol,21,"[(-100, 100)]",50,1000,100,F242017,4558.562332550118,27.009522914886475
Sobol,21,"[(-100, 100)]",10,1000,100,F252017,2970.1353296131533,12.944955110549929
Sobol,21,"[(-100, 100)]",100,1000,100,F242017,9241.48572115092,29.361407041549683
HDS,21,"[(-100, 100)]",30,1000,100,F252017,3390.5670281712823,71.73563075065613
HDS,21,"[(-100, 100)]",10,1000,100,F262017,2863.278618752832,47.634783029556274
Sobol,21,"[(-100, 100)]",10,1000,100,F262017,2992.471776457912,14.327087163925173
HDS,21,"[(-100, 100)]",50,1000,100,F252017,4702.870670149908,98.71793413162231
HDS,21,"[(-100, 100)]",10,1000,100,F272017,2780.7750040492847,8.54619026184082
Sobol,21,"[(-100, 100)]",10,1000,100,F272017,2835.917439862696,9.035950183868408
HDS,21,"[(-100, 100)]",30,1000,100,F262017,3235.4505188421667,74.1748309135437
Sobol,21,"[(-100, 100)]",30,1000,100,F252017,3391.9260457286646,65.36259913444519
HDS,21,"[(-100, 100)]",50,1000,100,F262017,4144.665661787733,99.85001015663148
Sobol,21,"[(-100, 100)]",100,1000,100,F192017,5248.847336521021,204.2733359336853
HDS,21,"[(-100, 100)]",30,1000,100,F272017,2900.8939603402514,61.14491629600525
Sobol,21,"[(-100, 100)]",30,1000,100,F262017,3225.9854800093026,73.29278802871704
HDS,21,"[(-100, 100)]",100,1000,100,F252017,25935.7746194179,163.77801203727722
Sobol,21,"[(-100, 100)]",50,1000,100,F252017,5160.885828858858,97.47684001922607
Sobol,21,"[(-100, 100)]",30,1000,100,F272017,3181.155222657959,38.52839183807373
HDS,21,"[(-100, 100)]",100,1000,100,F262017,4986.133532756529,165.6177909374237
HDS,21,"[(-100, 100)]",50,1000,100,F272017,3215.5243074894097,93.64195108413696
Sobol,21,"[(-100, 100)]",50,1000,100,F262017,3791.064633783082,97.34131121635436
HDS,21,"[(-100, 100)]",10,1000,100,F282017,4004.9618859347975,64.05127716064453
HDS,21,"[(-100, 100)]",30,1000,100,F282017,19373741.983215183,105.49708700180054
Sobol,21,"[(-100, 100)]",10,1000,100,F282017,4232.78920481465,62.55837297439575
Sobol,21,"[(-100, 100)]",50,1000,100,F272017,3180.7638016654582,95.00263905525208
HDS,21,"[(-100, 100)]",100,1000,100,F272017,4195.863614509868,159.14339303970337
Sobol,21,"[(-100, 100)]",100,1000,100,F252017,16709.029567564066,162.8600811958313
HDS,21,"[(-100, 100)]",50,1000,100,F282017,965205021.7493284,146.50953722000122
HDS,21,"[(-100, 100)]",10,1000,100,F292017,,45.566646099090576
Sobol,21,"[(-100, 100)]",100,1000,100,F262017,5704.246756030504,163.03228998184204
HDS,21,"[(-100, 100)]",30,1000,100,F292017,4247636.069313725,59.35288405418396
Sobol,21,"[(-100, 100)]",30,1000,100,F282017,136615286.7038444,104.85582304000854
Sobol,21,"[(-100, 100)]",10,1000,100,F292017,,44.8309109210968
HDS,21,"[(-100, 100)]",10,1000,100,F32017,309.4334660117599,4.084753036499023
Sobol,21,"[(-100, 100)]",10,1000,100,F32017,309.78764742899216,8.590143918991089
HDS,21,"[(-100, 100)]",30,1000,100,F32017,385.6854165890051,15.991914987564089
HDS,21,"[(-100, 100)]",50,1000,100,F292017,1031359761.1793168,75.83567905426025
HDS,21,"[(-100, 100)]",50,1000,100,F32017,1028.8770707447482,16.699641227722168
Sobol,21,"[(-100, 100)]",30,1000,100,F32017,376.8721108778782,15.017070770263672
Sobol,21,"[(-100, 100)]",30,1000,100,F292017,57903382.05261537,59.91462397575378
Sobol,21,"[(-100, 100)]",50,1000,100,F32017,981.1791976963964,15.821404933929443
HDS,21,"[(-100, 100)]",100,1000,100,F32017,7567.208552823391,16.951942920684814
HDS,21,"[(-100, 100)]",10,1000,100,F42017,432.4625436411585,14.32549285888672
HDS,21,"[(-100, 100)]",30,1000,100,F42017,737.2464371835474,15.97006607055664
Sobol,21,"[(-100, 100)]",100,1000,100,F32017,5929.534131215637,16.111166954040527
Sobol,21,"[(-100, 100)]",10,1000,100,F42017,431.9379708026828,14.610121965408323
Sobol,21,"[(-100, 100)]",30,1000,100,F42017,794.0591577449989,14.886230945587158
HDS,21,"[(-100, 100)]",10,1000,100,F52017,500.0045947791264,0.400613784790039
Sobol,21,"[(-100, 100)]",10,1000,100,F52017,500.0021167815518,0.201333999633789
HDS,21,"[(-100, 100)]",30,1000,100,F52017,500.03277425091113,0.6115028858184814
Sobol,21,"[(-100, 100)]",30,1000,100,F52017,500.0368295196519,0.3044362068176269
HDS,21,"[(-100, 100)]",50,1000,100,F52017,500.0667362253717,0.8241736888885498
Sobol,21,"[(-100, 100)]",50,1000,100,F52017,500.09021460286334,0.402864933013916
Sobol,21,"[(-100, 100)]",100,1000,100,F272017,4221.442556598355,159.0883629322052
HDS,21,"[(-100, 100)]",50,1000,100,F42017,2119.158916721924,15.348740816116331
HDS,21,"[(-100, 100)]",100,1000,100,F52017,500.0943613013576,1.7483649253845217
Sobol,21,"[(-100, 100)]",100,1000,100,F52017,500.0929294141191,0.6610009670257568
HDS,21,"[(-100, 100)]",100,1000,100,F42017,64070.49747258466,16.04065203666687
HDS,21,"[(-100, 100)]",100,1000,100,F282017,14300249426.49226,246.8660101890564
HDS,21,"[(-100, 100)]",100,1000,100,F292017,5096339064.341437,116.5702006816864
Sobol,21,"[(-100, 100)]",50,1000,100,F42017,3193.5833856238314,15.270587921142578
HDS,21,"[(-100, 100)]",10,1000,100,F62017,649.6494166675981,16.392077207565308
Sobol,21,"[(-100, 100)]",50,1000,100,F282017,159070566.32971525,147.55392408370972
Sobol,21,"[(-100, 100)]",100,1000,100,F42017,38759.29310399408,15.48354721069336
HDS,21,"[(-100, 100)]",30,1000,100,F62017,11567.723178327373,17.543643951416016
Sobol,21,"[(-100, 100)]",50,1000,100,F292017,2168473998.56728,76.04051184654236
Sobol,21,"[(-100, 100)]",10,1000,100,F62017,653.1106846339701,15.678714990615845
HDS,21,"[(-100, 100)]",50,1000,100,F62017,48711.81084120925,16.62903618812561
Sobol,21,"[(-100, 100)]",30,1000,100,F62017,2441.273339542872,16.83394193649292
HDS,21,"[(-100, 100)]",100,1000,100,F62017,667708.4160434173,17.552438020706177
HDS,21,"[(-100, 100)]",10,1000,100,F72017,737.8507461818283,19.614702701568604
HDS,21,"[(-100, 100)]",30,1000,100,F72017,1124.0262133768183,19.997470140457157
Sobol,21,"[(-100, 100)]",50,1000,100,F62017,97196.18519659236,15.909435987472534
HDS,21,"[(-100, 100)]",10,1000,100,F82017,800.5146694717558,0.848128080368042
Sobol,21,"[(-100, 100)]",10,1000,100,F82017,802.2647871735396,0.811115026473999
HDS,21,"[(-100, 100)]",50,1000,100,F72017,1753.7935340124154,20.037186861038208
Sobol,21,"[(-100, 100)]",100,1000,100,F62017,825610.8288168556,16.513964891433716
HDS,21,"[(-100, 100)]",30,1000,100,F82017,809.3476795360815,4.600786924362183
Sobol,21,"[(-100, 100)]",10,1000,100,F72017,732.0,19.33132696151733
HDS,21,"[(-100, 100)]",100,1000,100,F72017,3136.295279594514,22.33266592025757
Sobol,21,"[(-100, 100)]",30,1000,100,F82017,809.7304227334313,4.715870141983032
Sobol,21,"[(-100, 100)]",30,1000,100,F72017,1193.050696913449,19.46376609802246
HDS,21,"[(-100, 100)]",50,1000,100,F82017,819.1111918083822,9.73684310913086
Sobol,21,"[(-100, 100)]",50,1000,100,F72017,1600.4229488287974,19.77169871330261
Sobol,21,"[(-100, 100)]",50,1000,100,F82017,817.6383027896957,10.764220952987673
HDS,21,"[(-100, 100)]",100,1000,100,F82017,876.9079261227863,17.730357885360718
HDS,21,"[(-100, 100)]",10,1000,100,F92017,-1476.049767904331,19.01268982887268
Sobol,21,"[(-100, 100)]",100,1000,100,F72017,3029.954804359982,21.32368111610413
HDS,21,"[(-100, 100)]",30,1000,100,F92017,3355.8904859606264,19.722660064697266
HDS,21,"[(-100, 100)]",50,1000,100,F92017,7248.397633303228,20.42731785774231
Sobol,21,"[(-100, 100)]",100,1000,100,F82017,871.9978664886086,16.45870804786682
HDS,21,"[(-100, 100)]",100,1000,100,F92017,26340.470923416862,22.0088210105896
HDS,22,"[(-100, 100)]",10,1000,100,F102017,1013.9317660816664,17.34416913986206
Sobol,21,"[(-100, 100)]",10,1000,100,F92017,-623.3133571202598,18.66915702819824
Sobol,21,"[(-100, 100)]",30,1000,100,F92017,3450.1056743142453,19.25303721427917
HDS,22,"[(-100, 100)]",30,1000,100,F102017,111810.1643187974,16.86919331550598
Sobol,21,"[(-100, 100)]",50,1000,100,F92017,9404.335575336054,19.76094484329224
Sobol,22,"[(-100, 100)]",10,1000,100,F102017,1031.1266235997489,17.405659198760986
HDS,22,"[(-100, 100)]",50,1000,100,F102017,231284.35872216715,17.466086864471436
Sobol,21,"[(-100, 100)]",100,1000,100,F92017,24945.77620780308,21.107321739196777
HDS,22,"[(-100, 100)]",100,1000,100,F102017,1354446.8969054571,18.891506910324097
Sobol,21,"[(-100, 100)]",100,1000,100,F292017,7371039350.274412,112.084125995636
Sobol,22,"[(-100, 100)]",30,1000,100,F102017,123148.21867840376,17.977268934249878
Sobol,22,"[(-100, 100)]",50,1000,100,F102017,303561.47827367,18.360325813293457
HDS,22,"[(-100, 100)]",10,1000,100,F112017,127191.6752449014,22.544459104537964
HDS,22,"[(-100, 100)]",30,1000,100,F112017,23363882.503579818,23.512092113494877
Sobol,22,"[(-100, 100)]",100,1000,100,F102017,1161655.5694032472,18.81427407264709
HDS,22,"[(-100, 100)]",50,1000,100,F112017,298646749.3259214,23.45995283126831
HDS,22,"[(-100, 100)]",10,1000,100,F12017,34597.24317633286,13.87739372253418
HDS,22,"[(-100, 100)]",30,1000,100,F12017,54635582.9482559,14.085370063781738
HDS,22,"[(-100, 100)]",100,1000,100,F112017,6270642905.215825,23.770068883895878
HDS,22,"[(-100, 100)]",50,1000,100,F12017,658161140.8363588,14.14501667022705
Sobol,22,"[(-100, 100)]",10,1000,100,F12017,10751.782282066828,13.511929750442505
Sobol,22,"[(-100, 100)]",10,1000,100,F112017,142571.99459239672,21.212062120437626
Sobol,22,"[(-100, 100)]",30,1000,100,F112017,41249436.31792542,22.81487011909485
Sobol,22,"[(-100, 100)]",30,1000,100,F12017,21107470.209147684,14.008599996566772
Sobol,22,"[(-100, 100)]",50,1000,100,F112017,268847036.1507703,22.23970913887024
Sobol,22,"[(-100, 100)]",50,1000,100,F12017,1783526458.8981454,14.368946313858032
HDS,22,"[(-100, 100)]",100,1000,100,F12017,33977392611.58989,15.72981095314026
Sobol,22,"[(-100, 100)]",100,1000,100,F112017,2174771247.119954,23.131564140319824
HDS,22,"[(-100, 100)]",10,1000,100,F122017,1271.4909981982646,18.57816195487976
HDS,22,"[(-100, 100)]",50,1000,100,F122017,124020669.57019004,19.0031099319458
HDS,22,"[(-100, 100)]",30,1000,100,F122017,734858.8744719723,19.458598136901852
HDS,22,"[(-100, 100)]",100,1000,100,F122017,3193483346.5413094,20.124675273895264
Sobol,22,"[(-100, 100)]",100,1000,100,F12017,30359896047.023624,14.016584157943726
HDS,22,"[(-100, 100)]",10,1000,100,F132017,1369.3724469640388,18.54122495651245
HDS,22,"[(-100, 100)]",30,1000,100,F132017,427672.0321981493,20.07441115379333
Sobol,22,"[(-100, 100)]",10,1000,100,F122017,1292.9007299769255,17.964831113815308
Sobol,22,"[(-100, 100)]",50,1000,100,F122017,21373161.77026661,18.699124813079838
Sobol,22,"[(-100, 100)]",30,1000,100,F122017,475803.98738128593,19.52566885948181
Sobol,22,"[(-100, 100)]",100,1000,100,F122017,1905245048.3601649,19.756770133972168
Sobol,22,"[(-100, 100)]",10,1000,100,F132017,1366.632898012344,18.660623788833615
HDS,22,"[(-100, 100)]",50,1000,100,F132017,2312090.25784356,21.88499593734741
Sobol,22,"[(-100, 100)]",30,1000,100,F132017,470417.8870479504,19.580238103866577
HDS,22,"[(-100, 100)]",10,1000,100,F142017,1602.1714655237192,18.050992250442505
HDS,22,"[(-100, 100)]",100,1000,100,F132017,35309460.868541695,25.367434978485107
HDS,22,"[(-100, 100)]",30,1000,100,F142017,2411091.376685142,19.26255416870117
HDS,22,"[(-100, 100)]",50,1000,100,F142017,2810799.293711821,19.072426080703732
HDS,22,"[(-100, 100)]",100,1000,100,F142017,1379185182.0681458,19.73175883293152
Sobol,22,"[(-100, 100)]",50,1000,100,F132017,1784545.731267732,21.021625995635983
HDS,22,"[(-100, 100)]",10,1000,100,F152017,1338.2930186619549,23.52923703193665
Sobol,22,"[(-100, 100)]",10,1000,100,F142017,1827.665438121847,18.294314861297607
Sobol,22,"[(-100, 100)]",30,1000,100,F142017,1917990.330233585,19.083344221115112
Sobol,22,"[(-100, 100)]",50,1000,100,F142017,9170840.7458124,18.300505876541138
Sobol,22,"[(-100, 100)]",100,1000,100,F132017,37491813.36716539,24.144213914871216
Sobol,22,"[(-100, 100)]",100,1000,100,F142017,864014746.1007318,19.058665990829468
Sobol,21,"[(-100, 100)]",100,1000,100,F282017,9927400888.484264,248.60520601272583
HDS,22,"[(-100, 100)]",30,1000,100,F152017,4109.163278480487,31.83129978179932
Sobol,22,"[(-100, 100)]",10,1000,100,F152017,1351.8339467033911,26.588401079177856
HDS,22,"[(-100, 100)]",50,1000,100,F152017,11557.501520923124,37.54486179351807
HDS,22,"[(-100, 100)]",10,1000,100,F172017,,20.174166917800903
HDS,22,"[(-100, 100)]",10,1000,100,F162017,1506.199767158266,43.69871616363525
HDS,22,"[(-100, 100)]",100,1000,100,F152017,126476.62347412515,50.80680322647095
Sobol,22,"[(-100, 100)]",30,1000,100,F152017,2409.2718873414624,30.88322377204895
Sobol,22,"[(-100, 100)]",10,1000,100,F172017,,19.645033836364743
Sobol,22,"[(-100, 100)]",50,1000,100,F152017,12818.096911826631,37.08234095573425
HDS,22,"[(-100, 100)]",30,1000,100,F172017,87332.6348595306,20.46744394302368
HDS,22,"[(-100, 100)]",30,1000,100,F162017,292643.488940257,78.51647210121155
HDS,22,"[(-100, 100)]",50,1000,100,F172017,1073363.4657130495,20.833576917648315
Sobol,22,"[(-100, 100)]",10,1000,100,F162017,1509.0641790759853,42.866105794906616
Sobol,22,"[(-100, 100)]",30,1000,100,F172017,165792.46730235894,19.56085205078125
HDS,22,"[(-100, 100)]",100,1000,100,F172017,10446916.172271604,21.296284914016724
Sobol,22,"[(-100, 100)]",100,1000,100,F152017,159570.2442470994,49.25407981872559
Sobol,22,"[(-100, 100)]",50,1000,100,F172017,937270.3431576388,19.740270137786865
HDS,22,"[(-100, 100)]",10,1000,100,F182017,1808.8970642033853,23.47968006134033
Sobol,22,"[(-100, 100)]",100,1000,100,F172017,17626460.43761407,20.130433082580566
HDS,22,"[(-100, 100)]",50,1000,100,F162017,190645258.8706148,113.82909631729126
Sobol,22,"[(-100, 100)]",10,1000,100,F182017,1806.8143723878736,20.17372989654541
HDS,22,"[(-100, 100)]",30,1000,100,F182017,308963.23689996154,43.32111978530884
HDS,22,"[(-100, 100)]",10,1000,100,F192017,1941.7878874111916,40.57362008094788
Sobol,22,"[(-100, 100)]",30,1000,100,F162017,300313.9276535382,75.5909571647644
HDS,22,"[(-100, 100)]",50,1000,100,F182017,1235708.681833868,58.77686905860901
Sobol,22,"[(-100, 100)]",30,1000,100,F182017,251528.7582143476,42.44265723228455
Sobol,22,"[(-100, 100)]",10,1000,100,F192017,1849.1500245887123,42.01600480079651
HDS,22,"[(-100, 100)]",100,1000,100,F182017,639069841.5380788,95.8120927810669
HDS,22,"[(-100, 100)]",10,1000,100,F202017,2131.691186060386,7.976408720016479
HDS,22,"[(-100, 100)]",30,1000,100,F192017,3005.8353903047846,78.3943862915039
Sobol,22,"[(-100, 100)]",10,1000,100,F202017,2138.248771113209,8.204073905944824
Sobol,22,"[(-100, 100)]",50,1000,100,F182017,11123326.005074712,59.16842818260193
HDS,22,"[(-100, 100)]",100,1000,100,F162017,776644350431.6415,199.842307806015
Sobol,22,"[(-100, 100)]",50,1000,100,F162017,285657247.183046,112.13319611549376
HDS,22,"[(-100, 100)]",30,1000,100,F202017,2284.9285631386333,22.79593324661255
HDS,22,"[(-100, 100)]",50,1000,100,F202017,7579.7469563919485,23.164618968963623
HDS,22,"[(-100, 100)]",100,1000,100,F202017,47512.88999240773,25.57892107963562
Sobol,22,"[(-100, 100)]",30,1000,100,F202017,2483.852732355635,22.498823165893555
Sobol,22,"[(-100, 100)]",50,1000,100,F202017,4219.756469881984,22.721163034439087
HDS,22,"[(-100, 100)]",50,1000,100,F192017,4206.299784478617,114.1254448890686
Sobol,22,"[(-100, 100)]",100,1000,100,F202017,45622.86677471717,23.56243896484375
HDS,22,"[(-100, 100)]",10,1000,100,F212017,1119.116052800075,26.025676012039185
Sobol,22,"[(-100, 100)]",30,1000,100,F192017,2280.220636907128,78.45208287239075
HDS,22,"[(-100, 100)]",30,1000,100,F212017,2300.2599185342087,27.484442234039307
Sobol,22,"[(-100, 100)]",100,1000,100,F182017,1546673065.3638442,96.30026602745056
HDS,22,"[(-100, 100)]",10,1000,100,F22017,200.43674935429468,12.266655921936035
HDS,22,"[(-100, 100)]",50,1000,100,F212017,2494.8571077615115,28.02918004989624
Sobol,22,"[(-100, 100)]",10,1000,100,F212017,1047.106331253873,26.844003915786743
Sobol,22,"[(-100, 100)]",30,1000,100,F212017,2302.719104240384,22.288285970687863
HDS,22,"[(-100, 100)]",100,1000,100,F212017,3063.620579254875,29.969764709472656
Sobol,22,"[(-100, 100)]",10,1000,100,F22017,200.49551809077852,12.344398736953735
HDS,22,"[(-100, 100)]",30,1000,100,F22017,21695.582467421573,14.015246868133543
HDS,22,"[(-100, 100)]",50,1000,100,F22017,63723.53657997184,14.259046077728271
HDS,22,"[(-100, 100)]",100,1000,100,F22017,248297.6722701757,15.261340856552124
Sobol,22,"[(-100, 100)]",50,1000,100,F212017,2502.423411322019,26.65485501289368
Sobol,22,"[(-100, 100)]",30,1000,100,F22017,20503.856633823365,14.016484022140505
Sobol,22,"[(-100, 100)]",50,1000,100,F22017,77629.24168688458,14.33056092262268
HDS,22,"[(-100, 100)]",10,1000,100,F222017,2365.304987871522,11.305670022964478
Sobol,22,"[(-100, 100)]",100,1000,100,F212017,3273.3868437490414,29.074170112609863
Sobol,22,"[(-100, 100)]",100,1000,100,F22017,309548.4670047784,14.858348846435549
Sobol,22,"[(-100, 100)]",10,1000,100,F222017,2370.2490860003545,10.09241223335266
HDS,22,"[(-100, 100)]",10,1000,100,F232017,2556.8865042053694,10.263027906417848
HDS,22,"[(-100, 100)]",30,1000,100,F222017,3240.0227440577346,29.360011100769043
Sobol,22,"[(-100, 100)]",10,1000,100,F232017,2541.2574154062577,11.20087194442749
HDS,22,"[(-100, 100)]",50,1000,100,F222017,8288.248748058242,29.986215829849243
HDS,22,"[(-100, 100)]",100,1000,100,F222017,30701.22837388514,32.847408294677734
HDS,22,"[(-100, 100)]",30,1000,100,F232017,2893.796925357353,24.484086751937863
HDS,22,"[(-100, 100)]",100,1000,100,F192017,7222.375882119605,206.1027889251709
Sobol,22,"[(-100, 100)]",50,1000,100,F192017,3092.4697145752984,112.04356384277344
Sobol,22,"[(-100, 100)]",30,1000,100,F222017,3133.2258476855086,28.91739797592163
HDS,22,"[(-100, 100)]",50,1000,100,F232017,8240.601817677336,26.11353802680969
Sobol,22,"[(-100, 100)]",50,1000,100,F222017,10221.305801476195,29.73789978027344
Sobol,22,"[(-100, 100)]",30,1000,100,F232017,2735.0374865971407,23.9263288974762
HDS,22,"[(-100, 100)]",10,1000,100,F242017,2889.225206951998,9.77887201309204
HDS,22,"[(-100, 100)]",100,1000,100,F232017,47313.75970125512,27.923325300216675
Sobol,22,"[(-100, 100)]",100,1000,100,F222017,25427.997929356763,31.953092098236084
Sobol,22,"[(-100, 100)]",10,1000,100,F242017,2910.9272548268773,8.470418930053711
Sobol,22,"[(-100, 100)]",100,1000,100,F162017,4431251581.593882,196.8800811767578
HDS,22,"[(-100, 100)]",30,1000,100,F242017,2867.5732393075286,19.984328269958496
Sobol,22,"[(-100, 100)]",50,1000,100,F232017,8972.355577103564,26.63729405403137
HDS,22,"[(-100, 100)]",50,1000,100,F242017,4245.757446083871,29.13522410392761
HDS,22,"[(-100, 100)]",10,1000,100,F252017,2970.8203367985616,19.314030170440677
Sobol,22,"[(-100, 100)]",100,1000,100,F232017,38508.26059657158,27.697272777557373
HDS,22,"[(-100, 100)]",100,1000,100,F242017,5840.10327637556,30.8546199798584
Sobol,22,"[(-100, 100)]",30,1000,100,F242017,2873.4028631825704,25.644881010055546
Sobol,22,"[(-100, 100)]",10,1000,100,F252017,2504.640094055771,21.510441064834595
Sobol,22,"[(-100, 100)]",50,1000,100,F242017,4395.319719259023,26.715283155441284
HDS,22,"[(-100, 100)]",10,1000,100,F262017,2969.9044382041848,14.658883094787598
Sobol,22,"[(-100, 100)]",100,1000,100,F242017,9170.401365966363,28.56188106536865
Sobol,22,"[(-100, 100)]",10,1000,100,F262017,2983.83626632719,18.01276683807373
HDS,22,"[(-100, 100)]",30,1000,100,F252017,3407.543774142453,71.88621401786804
HDS,22,"[(-100, 100)]",10,1000,100,F272017,2838.604597085597,8.091257810592651
Sobol,22,"[(-100, 100)]",10,1000,100,F272017,2827.752377941827,7.5217859745025635
HDS,22,"[(-100, 100)]",50,1000,100,F252017,5207.058215409279,98.83264207839966
HDS,22,"[(-100, 100)]",30,1000,100,F262017,3228.0274256592784,72.74310684204102
HDS,22,"[(-100, 100)]",30,1000,100,F272017,2893.130229988584,57.45975708961487
Sobol,22,"[(-100, 100)]",30,1000,100,F252017,3438.7297619314504,70.90937185287476
HDS,22,"[(-100, 100)]",50,1000,100,F262017,3602.6300534537163,99.18806409835815
Sobol,22,"[(-100, 100)]",100,1000,100,F192017,5848.9562709981765,203.30892181396484
Sobol,22,"[(-100, 100)]",30,1000,100,F262017,3211.8735449507585,72.50896096229553
HDS,22,"[(-100, 100)]",100,1000,100,F252017,22170.54611535582,162.944518327713
Sobol,22,"[(-100, 100)]",30,1000,100,F272017,2924.6296618638985,50.24547004699707
Sobol,22,"[(-100, 100)]",50,1000,100,F252017,5122.948856965846,98.33682370185852
HDS,22,"[(-100, 100)]",100,1000,100,F262017,5199.204230303655,166.63022804260254
HDS,22,"[(-100, 100)]",50,1000,100,F272017,3240.3636458836136,94.56496000289916
Sobol,22,"[(-100, 100)]",50,1000,100,F262017,3874.16787100628,99.67623281478882
HDS,22,"[(-100, 100)]",10,1000,100,F282017,4033.255479336943,64.30793976783752
HDS,22,"[(-100, 100)]",30,1000,100,F282017,25663267.27915102,107.22906708717346
Sobol,22,"[(-100, 100)]",10,1000,100,F282017,4060.3836227521992,62.86246132850647
HDS,22,"[(-100, 100)]",100,1000,100,F272017,5041.103992914341,158.47837376594543
Sobol,22,"[(-100, 100)]",50,1000,100,F272017,3121.8300579669863,92.65679812431335
Sobol,22,"[(-100, 100)]",100,1000,100,F252017,19343.848081818356,163.82238793373108
HDS,22,"[(-100, 100)]",50,1000,100,F282017,194511713.5940875,147.49181389808655
HDS,22,"[(-100, 100)]",10,1000,100,F292017,,45.50462079048157
Sobol,22,"[(-100, 100)]",100,1000,100,F262017,5599.811653784713,164.77645707130432
HDS,22,"[(-100, 100)]",30,1000,100,F292017,18735490.020588577,59.91847491264343
Sobol,22,"[(-100, 100)]",30,1000,100,F282017,18371253.47965739,106.27451705932616
Sobol,22,"[(-100, 100)]",10,1000,100,F292017,,44.02238917350769
HDS,22,"[(-100, 100)]",10,1000,100,F32017,309.786427459716,6.217967987060547
Sobol,22,"[(-100, 100)]",10,1000,100,F32017,308.42942157774127,7.295354843139648
HDS,22,"[(-100, 100)]",30,1000,100,F32017,383.1946615730058,15.4622700214386
HDS,22,"[(-100, 100)]",50,1000,100,F292017,641764853.6947474,75.21759986877441
HDS,22,"[(-100, 100)]",50,1000,100,F32017,779.8986456350124,15.088436841964722
Sobol,22,"[(-100, 100)]",30,1000,100,F32017,430.017559889764,15.070684909820557
Sobol,22,"[(-100, 100)]",50,1000,100,F32017,1344.383240394179,15.07186198234558
HDS,22,"[(-100, 100)]",100,1000,100,F32017,11715.846159098424,16.468512058258057
Sobol,22,"[(-100, 100)]",30,1000,100,F292017,19184755.438373085,59.72205805778504
HDS,22,"[(-100, 100)]",10,1000,100,F42017,439.78769198418513,13.79069185256958
Sobol,22,"[(-100, 100)]",100,1000,100,F32017,3890.258565320734,15.533233165740969
HDS,22,"[(-100, 100)]",30,1000,100,F42017,715.958393610763,14.644528150558472
Sobol,22,"[(-100, 100)]",10,1000,100,F42017,437.1484595367004,14.261934995651243
Sobol,22,"[(-100, 100)]",30,1000,100,F42017,721.2372970562715,13.988231897354126
HDS,22,"[(-100, 100)]",10,1000,100,F52017,500.0040226282114,0.3814320564270019
Sobol,22,"[(-100, 100)]",10,1000,100,F52017,500.0039146179977,0.1896638870239257
HDS,22,"[(-100, 100)]",50,1000,100,F42017,3154.991864308424,14.895889282226562
HDS,22,"[(-100, 100)]",30,1000,100,F52017,500.0454941173077,0.6005721092224121
Sobol,22,"[(-100, 100)]",30,1000,100,F52017,500.0508012213947,0.2943432331085205
HDS,22,"[(-100, 100)]",50,1000,100,F52017,500.0755522758957,0.9134249687194824
Sobol,22,"[(-100, 100)]",50,1000,100,F52017,500.0780338038491,0.4137539863586426
HDS,22,"[(-100, 100)]",100,1000,100,F52017,500.10676924338816,1.7679471969604492
Sobol,22,"[(-100, 100)]",100,1000,100,F52017,500.12821103324535,0.6432619094848633
HDS,22,"[(-100, 100)]",100,1000,100,F282017,4491567210.288068,243.82958102226257
Sobol,22,"[(-100, 100)]",100,1000,100,F272017,4506.886822522604,158.1943001747131
HDS,22,"[(-100, 100)]",100,1000,100,F42017,23948.913710968154,16.64239501953125
Sobol,22,"[(-100, 100)]",50,1000,100,F42017,2591.323328605782,14.410122156143188
Sobol,22,"[(-100, 100)]",50,1000,100,F282017,256534802.3740267,147.11093521118164
HDS,22,"[(-100, 100)]",10,1000,100,F62017,651.6633729794536,16.37010383605957
Sobol,22,"[(-100, 100)]",50,1000,100,F292017,979311378.886688,76.90926194190979
HDS,22,"[(-100, 100)]",100,1000,100,F292017,7423638855.229661,115.34860277175903
HDS,22,"[(-100, 100)]",30,1000,100,F62017,2201.873899490442,17.127203941345215
Sobol,22,"[(-100, 100)]",100,1000,100,F42017,23438.07771616157,16.65097212791443
HDS,22,"[(-100, 100)]",50,1000,100,F62017,39752.19219281467,17.573220252990723
Sobol,22,"[(-100, 100)]",10,1000,100,F62017,640.2900744251982,15.756151914596558
HDS,22,"[(-100, 100)]",100,1000,100,F62017,982865.473080122,17.835707187652588
Sobol,22,"[(-100, 100)]",30,1000,100,F62017,1957.733114352453,15.957823991775513
HDS,22,"[(-100, 100)]",10,1000,100,F72017,740.050421495949,20.0910120010376
Sobol,22,"[(-100, 100)]",50,1000,100,F62017,75056.88710166761,16.37936782836914
HDS,22,"[(-100, 100)]",30,1000,100,F72017,1102.1514170074315,21.258338928222656
HDS,22,"[(-100, 100)]",10,1000,100,F82017,801.0554645939624,0.8980176448822021
Sobol,22,"[(-100, 100)]",10,1000,100,F82017,802.0781453114813,0.803372859954834
HDS,22,"[(-100, 100)]",30,1000,100,F82017,811.1877877584008,3.85671591758728
Sobol,22,"[(-100, 100)]",100,1000,100,F62017,1166929.2356325577,17.18315291404724
Sobol,22,"[(-100, 100)]",30,1000,100,F82017,810.9362679434213,3.391809225082397
HDS,22,"[(-100, 100)]",50,1000,100,F72017,1659.0278341538003,20.935921907424927
HDS,22,"[(-100, 100)]",100,1000,100,F72017,2893.210818484996,22.253317832946777
Sobol,22,"[(-100, 100)]",10,1000,100,F72017,739.6757729399834,20.64746904373169
HDS,22,"[(-100, 100)]",50,1000,100,F82017,819.7244192924711,11.056678295135498
Sobol,22,"[(-100, 100)]",30,1000,100,F72017,1103.665552174811,21.55245614051819
HDS,22,"[(-100, 100)]",100,1000,100,F82017,925.1298584172632,18.421154975891117
Sobol,22,"[(-100, 100)]",50,1000,100,F72017,1661.1946723451829,20.621344804763797
Sobol,22,"[(-100, 100)]",50,1000,100,F82017,820.5705783934894,13.285300970077516
HDS,22,"[(-100, 100)]",10,1000,100,F92017,-709.1807828815681,20.599056005477905
Sobol,22,"[(-100, 100)]",100,1000,100,F72017,3098.520630867912,21.195008993148804
HDS,22,"[(-100, 100)]",30,1000,100,F92017,2722.167183439642,20.971984148025516
Sobol,22,"[(-100, 100)]",100,1000,100,F82017,897.7383702285638,16.795984983444214
HDS,22,"[(-100, 100)]",50,1000,100,F92017,9504.218789463424,21.304000854492188
HDS,22,"[(-100, 100)]",100,1000,100,F92017,25855.27414375101,22.96075391769409
HDS,23,"[(-100, 100)]",10,1000,100,F102017,1024.2809831853715,18.01890015602112
Sobol,22,"[(-100, 100)]",10,1000,100,F92017,-559.1515800203633,20.191400051116943
HDS,23,"[(-100, 100)]",30,1000,100,F102017,120612.59975742406,18.147512197494507
Sobol,22,"[(-100, 100)]",30,1000,100,F92017,3235.773430715441,21.429038047790527
Sobol,22,"[(-100, 100)]",50,1000,100,F92017,9423.032739445114,20.04314398765564
Sobol,23,"[(-100, 100)]",10,1000,100,F102017,1065.5190147384324,16.809000253677368
HDS,23,"[(-100, 100)]",50,1000,100,F102017,198637.1355156644,17.64275884628296
Sobol,22,"[(-100, 100)]",100,1000,100,F92017,24065.56968993953,21.065757036209103
Sobol,23,"[(-100, 100)]",30,1000,100,F102017,113402.93368915956,16.814162969589233
HDS,23,"[(-100, 100)]",100,1000,100,F102017,3290168.82515518,18.78148078918457
Sobol,22,"[(-100, 100)]",100,1000,100,F292017,6297309470.537761,114.9466519355774
Sobol,23,"[(-100, 100)]",50,1000,100,F102017,361257.1688592176,17.027124881744385
HDS,23,"[(-100, 100)]",10,1000,100,F112017,95899.88298621174,21.14399099349976
HDS,23,"[(-100, 100)]",30,1000,100,F112017,29487731.96525406,21.502252101898197
HDS,23,"[(-100, 100)]",50,1000,100,F112017,510730671.4802494,22.011631965637207
Sobol,23,"[(-100, 100)]",100,1000,100,F102017,1981380.8817823983,17.616120100021362
HDS,23,"[(-100, 100)]",100,1000,100,F112017,3354665949.3821893,23.19936203956604
HDS,23,"[(-100, 100)]",10,1000,100,F12017,12685.70691557142,13.43273115158081
HDS,23,"[(-100, 100)]",30,1000,100,F12017,70439531.72352293,13.857028007507324
Sobol,23,"[(-100, 100)]",10,1000,100,F112017,125080.71099654069,20.45853590965271
Sobol,23,"[(-100, 100)]",30,1000,100,F112017,62766662.66343088,21.211381196975708
HDS,23,"[(-100, 100)]",50,1000,100,F12017,700503163.5599198,14.291043043136597
Sobol,23,"[(-100, 100)]",10,1000,100,F12017,50135.37848686174,13.654368162155151
Sobol,23,"[(-100, 100)]",50,1000,100,F112017,201659871.1399748,21.194488048553467
Sobol,23,"[(-100, 100)]",30,1000,100,F12017,26042600.858351585,13.74679398536682
Sobol,23,"[(-100, 100)]",100,1000,100,F112017,6335229363.94833,22.675895929336548
HDS,23,"[(-100, 100)]",100,1000,100,F12017,17259436562.605297,15.418396949768066
Sobol,23,"[(-100, 100)]",50,1000,100,F12017,414370141.4579486,13.741212129592896
HDS,23,"[(-100, 100)]",10,1000,100,F122017,1628.1848780817663,17.96184277534485
HDS,23,"[(-100, 100)]",30,1000,100,F122017,125461.32469981616,18.14370894432068
HDS,23,"[(-100, 100)]",50,1000,100,F122017,3908304.006900278,18.70018100738525
HDS,23,"[(-100, 100)]",100,1000,100,F122017,6641723024.80314,19.810843229293823
Sobol,23,"[(-100, 100)]",100,1000,100,F12017,48039263694.77523,14.409214973449709
HDS,23,"[(-100, 100)]",10,1000,100,F132017,1376.5148167802474,18.659164905548096
HDS,23,"[(-100, 100)]",30,1000,100,F132017,205110.2446687885,19.82467722892761
Sobol,23,"[(-100, 100)]",10,1000,100,F122017,1335.716555306508,18.161584854125977
Sobol,23,"[(-100, 100)]",30,1000,100,F122017,550228.6950548103,18.347776174545288
Sobol,23,"[(-100, 100)]",50,1000,100,F122017,50330851.39082152,18.36507511138916
Sobol,23,"[(-100, 100)]",100,1000,100,F122017,4441033954.39272,18.82740831375122
Sobol,23,"[(-100, 100)]",10,1000,100,F132017,1360.5899820430318,18.40367078781128
HDS,23,"[(-100, 100)]",50,1000,100,F132017,2161125.0569678745,21.36401081085205
Sobol,23,"[(-100, 100)]",30,1000,100,F132017,342965.332551351,19.57904481887817
HDS,23,"[(-100, 100)]",10,1000,100,F142017,1678.1229138071865,18.478301763534542
HDS,23,"[(-100, 100)]",30,1000,100,F142017,548443.740555718,18.888341188430783
HDS,23,"[(-100, 100)]",100,1000,100,F132017,32679669.73254556,25.58895421028137
HDS,23,"[(-100, 100)]",50,1000,100,F142017,6678244.027897303,19.710724115371704
HDS,23,"[(-100, 100)]",100,1000,100,F142017,146935442.89379075,20.282956838607788
Sobol,23,"[(-100, 100)]",50,1000,100,F132017,1161118.1313090706,20.464851140975952
HDS,23,"[(-100, 100)]",10,1000,100,F152017,1338.146307308693,20.18574595451355
Sobol,23,"[(-100, 100)]",10,1000,100,F142017,1751.2029470307034,17.838108777999878
Sobol,23,"[(-100, 100)]",30,1000,100,F142017,539182.7645859746,17.879656076431274
Sobol,23,"[(-100, 100)]",50,1000,100,F142017,10497401.542789675,19.016346216201782
Sobol,23,"[(-100, 100)]",100,1000,100,F132017,20466004.278134428,23.58120083808899
Sobol,23,"[(-100, 100)]",100,1000,100,F142017,274087491.21332306,18.47753214836121
Sobol,22,"[(-100, 100)]",100,1000,100,F282017,21320109075.70861,250.10399675369263
Sobol,23,"[(-100, 100)]",10,1000,100,F152017,1407.1726366649314,26.442667245864868
HDS,23,"[(-100, 100)]",30,1000,100,F152017,1328.2883739491508,32.07708382606506
HDS,23,"[(-100, 100)]",50,1000,100,F152017,10101.72695007264,37.55473184585571
HDS,23,"[(-100, 100)]",10,1000,100,F172017,,19.51993680000305
HDS,23,"[(-100, 100)]",10,1000,100,F162017,1541.5959413989428,43.72354888916016
HDS,23,"[(-100, 100)]",100,1000,100,F152017,31156.924564142893,50.698975801467896
Sobol,23,"[(-100, 100)]",30,1000,100,F152017,5318.024321786991,30.73906111717224
Sobol,23,"[(-100, 100)]",10,1000,100,F172017,,20.026798963546756
Sobol,23,"[(-100, 100)]",50,1000,100,F152017,19785.035436215134,36.747182846069336
HDS,23,"[(-100, 100)]",30,1000,100,F172017,86237.80930435495,20.25656819343567
HDS,23,"[(-100, 100)]",50,1000,100,F172017,1026927.7178902016,20.45828485488892
HDS,23,"[(-100, 100)]",30,1000,100,F162017,139047.68911717,78.17202496528625
Sobol,23,"[(-100, 100)]",10,1000,100,F162017,1479.0997723599696,43.05465292930603
HDS,23,"[(-100, 100)]",100,1000,100,F172017,12139600.75999267,21.410650730133057
Sobol,23,"[(-100, 100)]",30,1000,100,F172017,158867.2866212178,19.39861297607422
Sobol,23,"[(-100, 100)]",100,1000,100,F152017,205085.28697035747,49.28392314910889
Sobol,23,"[(-100, 100)]",50,1000,100,F172017,706428.3103942262,19.47683024406433
HDS,23,"[(-100, 100)]",10,1000,100,F182017,1808.97404074136,19.60998797416687
Sobol,23,"[(-100, 100)]",100,1000,100,F172017,13674154.93367518,20.046799898147583
HDS,23,"[(-100, 100)]",50,1000,100,F162017,45707245.32955328,113.45651888847352
Sobol,23,"[(-100, 100)]",10,1000,100,F182017,1807.2206406401676,23.12590789794922
HDS,23,"[(-100, 100)]",30,1000,100,F182017,208528.48551589347,44.12159013748169
HDS,23,"[(-100, 100)]",10,1000,100,F192017,1852.8758039502943,42.39921975135803
HDS,23,"[(-100, 100)]",50,1000,100,F182017,6471737.5048405975,59.74050211906433
Sobol,23,"[(-100, 100)]",30,1000,100,F162017,82873.97236493941,77.17491507530212
Sobol,23,"[(-100, 100)]",30,1000,100,F182017,339932.8758158829,43.566765785217285
Sobol,23,"[(-100, 100)]",10,1000,100,F192017,1844.4530649709975,41.59082913398743
HDS,23,"[(-100, 100)]",100,1000,100,F182017,669485780.3496143,97.21115589141846
HDS,23,"[(-100, 100)]",10,1000,100,F202017,2133.201139615697,8.803444147109985
HDS,23,"[(-100, 100)]",30,1000,100,F192017,2638.9499224534297,78.6980791091919
Sobol,23,"[(-100, 100)]",10,1000,100,F202017,2132.765596316394,6.9189369678497314
Sobol,23,"[(-100, 100)]",50,1000,100,F182017,6144611.117645737,59.07741403579712
HDS,23,"[(-100, 100)]",100,1000,100,F162017,483777788528.9923,202.2743217945099
Sobol,23,"[(-100, 100)]",50,1000,100,F162017,356506348.25327545,113.39688396453856
HDS,23,"[(-100, 100)]",30,1000,100,F202017,2507.1444387958727,23.029619216918945
HDS,23,"[(-100, 100)]",50,1000,100,F202017,4996.777605740153,23.4360408782959
Sobol,23,"[(-100, 100)]",30,1000,100,F202017,2551.9755459876847,21.963464975357056
HDS,23,"[(-100, 100)]",100,1000,100,F202017,29944.04343602467,24.731131076812744
HDS,23,"[(-100, 100)]",10,1000,100,F212017,2213.812738320716,2.311469078063965
Sobol,23,"[(-100, 100)]",10,1000,100,F212017,2218.06665002393,2.46068811416626
Sobol,23,"[(-100, 100)]",50,1000,100,F202017,4553.011894908741,23.13517904281616
HDS,23,"[(-100, 100)]",50,1000,100,F192017,2443.1580297938303,113.51895809173584
Sobol,23,"[(-100, 100)]",100,1000,100,F202017,28285.195587358656,23.76572299003601
HDS,23,"[(-100, 100)]",30,1000,100,F212017,2325.105058231986,26.9213707447052
Sobol,23,"[(-100, 100)]",30,1000,100,F192017,2685.011327048222,79.08632397651672
HDS,23,"[(-100, 100)]",50,1000,100,F212017,2501.883756361128,27.49084615707397
Sobol,23,"[(-100, 100)]",100,1000,100,F182017,672761458.0537764,95.84853982925416
HDS,23,"[(-100, 100)]",10,1000,100,F22017,200.2291024896173,14.635629892349243
HDS,23,"[(-100, 100)]",30,1000,100,F22017,15694.070499014964,14.322988748550417
HDS,23,"[(-100, 100)]",100,1000,100,F212017,3630.9237971483526,30.81282091140747
Sobol,23,"[(-100, 100)]",30,1000,100,F212017,2314.635097361472,27.55814814567566
Sobol,23,"[(-100, 100)]",10,1000,100,F22017,201.1375227404139,15.17285680770874
Sobol,23,"[(-100, 100)]",50,1000,100,F212017,2586.079413841332,28.273262977600098
Sobol,23,"[(-100, 100)]",30,1000,100,F22017,27776.62742418677,14.520482063293455
HDS,23,"[(-100, 100)]",10,1000,100,F222017,2367.4979488740096,9.783010959625244
HDS,23,"[(-100, 100)]",50,1000,100,F22017,59739.57074526297,14.729796886444092
HDS,23,"[(-100, 100)]",100,1000,100,F22017,288674.4540996594,15.743333101272585
Sobol,23,"[(-100, 100)]",10,1000,100,F222017,2360.3216541536312,10.088539838790894
Sobol,23,"[(-100, 100)]",100,1000,100,F212017,3042.421120626279,29.691267013549805
Sobol,23,"[(-100, 100)]",50,1000,100,F22017,78881.2358648097,14.598115682601929
Sobol,23,"[(-100, 100)]",100,1000,100,F22017,351625.8282297993,15.185133695602415
HDS,23,"[(-100, 100)]",30,1000,100,F222017,2668.735911327553,30.35385775566101
HDS,23,"[(-100, 100)]",10,1000,100,F232017,2547.758572382917,9.3315908908844
Sobol,23,"[(-100, 100)]",10,1000,100,F232017,2456.672482570677,10.22537612915039
HDS,23,"[(-100, 100)]",50,1000,100,F222017,3881.5225344877226,31.524970054626465
HDS,23,"[(-100, 100)]",30,1000,100,F232017,2886.2738978985103,24.82673001289368
HDS,23,"[(-100, 100)]",100,1000,100,F222017,27837.70395358045,33.55098485946655
Sobol,23,"[(-100, 100)]",30,1000,100,F222017,2901.638171068597,29.70237517356873
HDS,23,"[(-100, 100)]",100,1000,100,F192017,4772.901859861991,204.38113713264465
Sobol,23,"[(-100, 100)]",50,1000,100,F192017,2323.3010993998387,114.69807410240172
HDS,23,"[(-100, 100)]",50,1000,100,F232017,7579.441921949389,26.01249575614929
HDS,23,"[(-100, 100)]",10,1000,100,F242017,2893.1064868188173,8.938157081604004
Sobol,23,"[(-100, 100)]",30,1000,100,F232017,3339.18459680035,24.257196187973022
Sobol,23,"[(-100, 100)]",50,1000,100,F222017,8330.514827914612,29.722419261932373
Sobol,23,"[(-100, 100)]",100,1000,100,F222017,24564.49510114252,31.392677307128903
Sobol,23,"[(-100, 100)]",10,1000,100,F242017,2890.044595838627,10.148924827575684
HDS,23,"[(-100, 100)]",100,1000,100,F232017,41652.46043138912,27.885351181030277
Sobol,23,"[(-100, 100)]",50,1000,100,F232017,8201.452574116673,25.469218969345093
Sobol,23,"[(-100, 100)]",100,1000,100,F162017,921064221905.0304,199.21669602394104
HDS,23,"[(-100, 100)]",30,1000,100,F242017,2869.5526029659404,26.68692088127136
HDS,23,"[(-100, 100)]",50,1000,100,F242017,4880.765637163266,28.33780670166016
Sobol,23,"[(-100, 100)]",100,1000,100,F232017,42470.9795543286,27.39584517478943
HDS,23,"[(-100, 100)]",100,1000,100,F242017,7700.724520452203,30.59482192993164
Sobol,23,"[(-100, 100)]",30,1000,100,F242017,2871.7527831761267,22.809513092041016
HDS,23,"[(-100, 100)]",10,1000,100,F252017,2500.278918111444,41.332547187805176
Sobol,23,"[(-100, 100)]",50,1000,100,F242017,4158.439922911151,27.099125862121586
Sobol,23,"[(-100, 100)]",100,1000,100,F242017,10801.899944043807,29.149922132492065
Sobol,23,"[(-100, 100)]",10,1000,100,F252017,2501.1705946491297,26.796431064605716
HDS,23,"[(-100, 100)]",30,1000,100,F252017,3388.8007073661893,71.95795893669128
HDS,23,"[(-100, 100)]",10,1000,100,F262017,2394.6390709320517,46.59504508972168
Sobol,23,"[(-100, 100)]",10,1000,100,F262017,2972.088052258508,16.52171802520752
HDS,23,"[(-100, 100)]",50,1000,100,F252017,4982.56151496189,97.6191430091858
HDS,23,"[(-100, 100)]",10,1000,100,F272017,2816.979995584263,8.01638412475586
HDS,23,"[(-100, 100)]",30,1000,100,F262017,3221.894417811327,72.12872219085693
Sobol,23,"[(-100, 100)]",10,1000,100,F272017,2824.756986521889,9.146517992019652
Sobol,23,"[(-100, 100)]",30,1000,100,F252017,3399.199546082188,71.51344609260559
HDS,23,"[(-100, 100)]",50,1000,100,F262017,3840.142141415725,99.22953701019289
HDS,23,"[(-100, 100)]",30,1000,100,F272017,2923.65554634864,57.39571785926819
Sobol,23,"[(-100, 100)]",100,1000,100,F192017,4730.991583761227,202.7831079959869
HDS,23,"[(-100, 100)]",100,1000,100,F252017,23244.19885904179,163.19419884681702
Sobol,23,"[(-100, 100)]",30,1000,100,F262017,3210.7225647402947,72.60197186470032
Sobol,23,"[(-100, 100)]",50,1000,100,F252017,5367.133591064639,97.1613290309906
HDS,23,"[(-100, 100)]",100,1000,100,F262017,4905.145670368858,165.23578214645386
HDS,23,"[(-100, 100)]",50,1000,100,F272017,3228.5793488098698,91.05680298805235
Sobol,23,"[(-100, 100)]",30,1000,100,F272017,2955.2750413178787,67.91709589958191
HDS,23,"[(-100, 100)]",10,1000,100,F282017,4327.847584079878,63.54235482215881
Sobol,23,"[(-100, 100)]",50,1000,100,F262017,3594.9342537297525,98.80360722541808
HDS,23,"[(-100, 100)]",30,1000,100,F282017,3598718.5171825048,105.90114092826845
Sobol,23,"[(-100, 100)]",10,1000,100,F282017,4243.298411217953,64.58139705657959
Sobol,23,"[(-100, 100)]",50,1000,100,F272017,3286.872454708993,94.83893084526062
HDS,23,"[(-100, 100)]",100,1000,100,F272017,4478.42041292222,160.36362600326538
Sobol,23,"[(-100, 100)]",100,1000,100,F252017,20333.565176358978,164.51657915115356
HDS,23,"[(-100, 100)]",10,1000,100,F292017,,45.34537410736084
HDS,23,"[(-100, 100)]",50,1000,100,F282017,109853960.50628448,147.29010772705078
HDS,23,"[(-100, 100)]",30,1000,100,F292017,12985703.064171694,60.17325806617737
Sobol,23,"[(-100, 100)]",100,1000,100,F262017,5339.191281073026,165.23571515083313
Sobol,23,"[(-100, 100)]",10,1000,100,F292017,,43.71134686470032
Sobol,23,"[(-100, 100)]",30,1000,100,F282017,67420156.73893398,103.89344811439514
HDS,23,"[(-100, 100)]",10,1000,100,F32017,304.4784943211165,8.223124265670776
Sobol,23,"[(-100, 100)]",10,1000,100,F32017,309.30893471149744,7.616661787033081
HDS,23,"[(-100, 100)]",30,1000,100,F32017,397.4488713016726,14.778393983840942
HDS,23,"[(-100, 100)]",50,1000,100,F292017,2075618738.6517043,74.21136713027954
HDS,23,"[(-100, 100)]",50,1000,100,F32017,1370.2465714087302,15.46212601661682
Sobol,23,"[(-100, 100)]",30,1000,100,F32017,366.8965437939312,14.81980800628662
Sobol,23,"[(-100, 100)]",50,1000,100,F32017,789.2705701550015,14.62851095199585
Sobol,23,"[(-100, 100)]",30,1000,100,F292017,5465127.599743534,58.69548916816712
HDS,23,"[(-100, 100)]",100,1000,100,F32017,4664.707630021336,16.042659759521484
HDS,23,"[(-100, 100)]",10,1000,100,F42017,436.9925576247442,14.089786052703856
HDS,23,"[(-100, 100)]",30,1000,100,F42017,741.4913729012826,14.456174850463867
Sobol,23,"[(-100, 100)]",100,1000,100,F32017,8218.387177888066,15.407705783843994
Sobol,23,"[(-100, 100)]",10,1000,100,F42017,436.6952447804302,14.406892776489258
Sobol,23,"[(-100, 100)]",30,1000,100,F42017,727.9461896159119,14.782679080963137
HDS,23,"[(-100, 100)]",10,1000,100,F52017,500.0104371707735,0.4148800373077392
Sobol,23,"[(-100, 100)]",10,1000,100,F52017,500.0033558790922,0.1971807479858398
HDS,23,"[(-100, 100)]",30,1000,100,F52017,500.0530213966624,0.6174068450927734
Sobol,23,"[(-100, 100)]",30,1000,100,F52017,500.0724036212927,0.292665958404541
HDS,23,"[(-100, 100)]",50,1000,100,F52017,500.07465793308654,0.7975711822509766
Sobol,23,"[(-100, 100)]",50,1000,100,F52017,500.080214925307,0.4090991020202636
HDS,23,"[(-100, 100)]",50,1000,100,F42017,2691.6734330678582,14.770519971847534
HDS,23,"[(-100, 100)]",100,1000,100,F52017,500.1085646129585,1.764936923980713
Sobol,23,"[(-100, 100)]",100,1000,100,F52017,500.1367401191691,0.6974270343780518
Sobol,23,"[(-100, 100)]",100,1000,100,F272017,4536.602077675127,156.64950108528137
HDS,23,"[(-100, 100)]",100,1000,100,F42017,43420.02162130117,16.35424494743347
Sobol,23,"[(-100, 100)]",50,1000,100,F42017,3865.5792155329673,14.89492392539978
Sobol,23,"[(-100, 100)]",50,1000,100,F292017,1238363361.5110333,75.598228931427
HDS,23,"[(-100, 100)]",10,1000,100,F62017,624.1170230876992,16.67827582359314
HDS,23,"[(-100, 100)]",100,1000,100,F282017,3118206023.0748525,250.04641890525815
HDS,23,"[(-100, 100)]",100,1000,100,F292017,11031614365.081297,113.63321900367735
HDS,23,"[(-100, 100)]",30,1000,100,F62017,2083.506891238273,16.425211906433105
Sobol,23,"[(-100, 100)]",100,1000,100,F42017,33449.06352100137,15.20969295501709
HDS,23,"[(-100, 100)]",50,1000,100,F62017,45040.34939437916,16.22239112854004
Sobol,23,"[(-100, 100)]",10,1000,100,F62017,644.4342840424525,15.52401089668274
HDS,23,"[(-100, 100)]",100,1000,100,F62017,684046.5837873309,17.84782910346985
Sobol,23,"[(-100, 100)]",30,1000,100,F62017,4037.562391835176,15.59343409538269
HDS,23,"[(-100, 100)]",10,1000,100,F72017,743.3630698625977,19.76723289489746
Sobol,23,"[(-100, 100)]",50,1000,100,F62017,66182.16609956771,16.19627809524536
Sobol,23,"[(-100, 100)]",50,1000,100,F282017,76138011.78752665,144.96497297286987
HDS,23,"[(-100, 100)]",10,1000,100,F82017,802.0655499147773,0.6524622440338135
Sobol,23,"[(-100, 100)]",10,1000,100,F82017,801.0962956132928,0.8476259708404541
Sobol,23,"[(-100, 100)]",100,1000,100,F62017,1047407.338745225,17.36101198196411
HDS,23,"[(-100, 100)]",30,1000,100,F72017,1115.3582583828677,20.12713098526001
HDS,23,"[(-100, 100)]",30,1000,100,F82017,808.8270556171124,3.281455039978028
Sobol,23,"[(-100, 100)]",30,1000,100,F82017,807.3432371550825,5.0606420040130615
HDS,23,"[(-100, 100)]",50,1000,100,F72017,1685.2869158627827,20.269385814666748
HDS,23,"[(-100, 100)]",50,1000,100,F82017,816.2670570498982,8.01932692527771
Sobol,23,"[(-100, 100)]",10,1000,100,F72017,726.1127587779844,19.679250240325928
HDS,23,"[(-100, 100)]",100,1000,100,F72017,2939.298107098708,22.004574060440063
Sobol,23,"[(-100, 100)]",30,1000,100,F72017,1140.0080646111016,19.913109064102173
Sobol,23,"[(-100, 100)]",50,1000,100,F82017,816.665826497443,14.198469161987305
HDS,23,"[(-100, 100)]",100,1000,100,F82017,896.4380254536429,18.87695527076721
Sobol,23,"[(-100, 100)]",50,1000,100,F72017,1684.817920067378,20.143794298172
HDS,23,"[(-100, 100)]",10,1000,100,F92017,-770.5244508606092,19.2432599067688
Sobol,23,"[(-100, 100)]",100,1000,100,F72017,3185.262123460553,20.78114080429077
HDS,23,"[(-100, 100)]",30,1000,100,F92017,3672.899549176376,19.80428194999695
Sobol,23,"[(-100, 100)]",100,1000,100,F82017,902.3207981232384,16.902124643325806
HDS,23,"[(-100, 100)]",50,1000,100,F92017,8106.516447985137,20.29622602462769
HDS,23,"[(-100, 100)]",100,1000,100,F92017,22833.456879334437,22.35088396072388
Sobol,23,"[(-100, 100)]",10,1000,100,F92017,-1021.9208809163184,19.72994709014893
HDS,24,"[(-100, 100)]",10,1000,100,F102017,1071.211004689358,17.48655676841736
HDS,24,"[(-100, 100)]",30,1000,100,F102017,84185.8245651518,18.279147148132324
Sobol,23,"[(-100, 100)]",30,1000,100,F92017,3726.8723963041575,20.18692898750305
Sobol,23,"[(-100, 100)]",50,1000,100,F92017,9492.60212093236,20.5526180267334
HDS,24,"[(-100, 100)]",50,1000,100,F102017,280092.0298037137,17.644177198410034
Sobol,23,"[(-100, 100)]",100,1000,100,F92017,26501.86685279209,21.680010080337524
Sobol,24,"[(-100, 100)]",10,1000,100,F102017,1094.9484712139574,16.65445327758789
Sobol,24,"[(-100, 100)]",30,1000,100,F102017,103739.44947240694,17.392828941345215
HDS,24,"[(-100, 100)]",100,1000,100,F102017,2193222.530103077,18.699615001678467
Sobol,23,"[(-100, 100)]",100,1000,100,F292017,1479806369.665065,112.3508186340332
HDS,24,"[(-100, 100)]",10,1000,100,F112017,57539.73348327106,20.90662670135498
Sobol,24,"[(-100, 100)]",50,1000,100,F102017,255272.49170713653,17.342111110687256
HDS,24,"[(-100, 100)]",30,1000,100,F112017,52018428.52359201,21.61194086074829
HDS,24,"[(-100, 100)]",50,1000,100,F112017,152909194.4178053,21.689025163650516
HDS,24,"[(-100, 100)]",10,1000,100,F12017,13366.962643451596,13.705633163452148
Sobol,24,"[(-100, 100)]",100,1000,100,F102017,1037657.163869395,17.85530710220337
HDS,24,"[(-100, 100)]",30,1000,100,F12017,112175738.74959944,14.042813777923584
HDS,24,"[(-100, 100)]",100,1000,100,F112017,1769992397.063336,24.08023285865784
Sobol,24,"[(-100, 100)]",10,1000,100,F112017,254903.88787570392,21.24609112739563
Sobol,24,"[(-100, 100)]",10,1000,100,F12017,20453.27091957537,13.535744905471802
HDS,24,"[(-100, 100)]",50,1000,100,F12017,771469757.65117,14.697752952575684
Sobol,24,"[(-100, 100)]",30,1000,100,F112017,41254557.83156285,21.187403917312626
Sobol,24,"[(-100, 100)]",50,1000,100,F112017,304491536.8165947,21.549639225006104
Sobol,24,"[(-100, 100)]",30,1000,100,F12017,12219683.474129893,13.801177024841309
HDS,24,"[(-100, 100)]",100,1000,100,F12017,19782257071.970108,15.55836582183838
Sobol,24,"[(-100, 100)]",100,1000,100,F112017,3508320777.2841897,22.94791412353516
Sobol,24,"[(-100, 100)]",50,1000,100,F12017,3913160128.19485,13.65422010421753
HDS,24,"[(-100, 100)]",10,1000,100,F122017,1357.2692490958557,18.121771097183228
HDS,24,"[(-100, 100)]",30,1000,100,F122017,572128.0195685376,18.497552156448364
HDS,24,"[(-100, 100)]",50,1000,100,F122017,17032807.848851267,18.765705108642575
Sobol,24,"[(-100, 100)]",100,1000,100,F12017,17862104929.206627,14.239122152328491
HDS,24,"[(-100, 100)]",100,1000,100,F122017,3207003773.9634967,20.1864869594574
HDS,24,"[(-100, 100)]",10,1000,100,F132017,1364.430391300083,18.58490204811096
HDS,24,"[(-100, 100)]",30,1000,100,F132017,419061.2103150366,19.54088234901428
Sobol,24,"[(-100, 100)]",10,1000,100,F122017,2688.3114142019,17.637325048446655
Sobol,24,"[(-100, 100)]",30,1000,100,F122017,3464828.3832744365,17.912583112716675
Sobol,24,"[(-100, 100)]",50,1000,100,F122017,8567117.469874902,18.076810836791992
Sobol,24,"[(-100, 100)]",100,1000,100,F122017,2478761471.407969,18.704458951950077
HDS,24,"[(-100, 100)]",50,1000,100,F132017,2898308.333134674,20.87218403816223
Sobol,24,"[(-100, 100)]",10,1000,100,F132017,1363.0077120778226,18.538037061691284
Sobol,24,"[(-100, 100)]",30,1000,100,F132017,397863.05372204,19.43823218345642
HDS,24,"[(-100, 100)]",10,1000,100,F142017,1519.199144524196,17.802131175994873
HDS,24,"[(-100, 100)]",30,1000,100,F142017,1238035.0339290623,17.905792951583862
HDS,24,"[(-100, 100)]",100,1000,100,F132017,27301073.497127675,24.964701890945435
HDS,24,"[(-100, 100)]",50,1000,100,F142017,20734156.86761386,18.397341012954712
Sobol,24,"[(-100, 100)]",50,1000,100,F132017,3048589.165504511,20.221784830093384
HDS,24,"[(-100, 100)]",100,1000,100,F142017,289533544.6887056,19.758645057678223
Sobol,24,"[(-100, 100)]",10,1000,100,F142017,1677.5176624678904,17.227787017822266
HDS,24,"[(-100, 100)]",10,1000,100,F152017,1363.2552795765157,20.361841917037964
Sobol,24,"[(-100, 100)]",30,1000,100,F142017,1253395.299592042,17.884585857391357
Sobol,24,"[(-100, 100)]",50,1000,100,F142017,34966257.55232704,18.11258816719055
Sobol,24,"[(-100, 100)]",100,1000,100,F132017,20124723.933327988,23.60663414001465
Sobol,24,"[(-100, 100)]",100,1000,100,F142017,434324905.20409095,18.746438026428223
Sobol,24,"[(-100, 100)]",10,1000,100,F152017,1347.9458079936196,20.988216876983643
HDS,24,"[(-100, 100)]",30,1000,100,F152017,4849.584648710647,31.784459114074707
Sobol,23,"[(-100, 100)]",100,1000,100,F282017,18575706456.476517,247.28008699417117
HDS,24,"[(-100, 100)]",50,1000,100,F152017,13712.717019432452,36.74810123443604
HDS,24,"[(-100, 100)]",10,1000,100,F172017,,19.504912853240967
HDS,24,"[(-100, 100)]",10,1000,100,F162017,1486.0349856960088,42.91708397865296
Sobol,24,"[(-100, 100)]",30,1000,100,F152017,3190.070449257293,30.460198879241943
HDS,24,"[(-100, 100)]",100,1000,100,F152017,47850.04100974017,51.47584319114685
Sobol,24,"[(-100, 100)]",10,1000,100,F172017,,19.89437294006348
Sobol,24,"[(-100, 100)]",50,1000,100,F152017,26786.17376683309,35.88591265678406
HDS,24,"[(-100, 100)]",30,1000,100,F172017,154155.5416143454,20.27989387512207
HDS,24,"[(-100, 100)]",50,1000,100,F172017,1985624.6410220712,20.60024094581604
HDS,24,"[(-100, 100)]",30,1000,100,F162017,216376.26913709185,78.72518491744995
Sobol,24,"[(-100, 100)]",10,1000,100,F162017,1487.6034093521575,42.519296169281006
Sobol,24,"[(-100, 100)]",30,1000,100,F172017,106861.95418666724,19.44446420669556
HDS,24,"[(-100, 100)]",100,1000,100,F172017,10946285.694361722,21.27683711051941
Sobol,24,"[(-100, 100)]",100,1000,100,F152017,138231.67372726777,49.39349889755249
Sobol,24,"[(-100, 100)]",50,1000,100,F172017,1473964.2466567669,19.99341487884521
HDS,24,"[(-100, 100)]",10,1000,100,F182017,1809.586738258484,22.492037057876587
Sobol,24,"[(-100, 100)]",100,1000,100,F172017,6590197.552587494,20.110913038253784
HDS,24,"[(-100, 100)]",50,1000,100,F162017,6963487.248319247,111.85807991027832
HDS,24,"[(-100, 100)]",30,1000,100,F182017,158476.62283897126,44.82818412780762
Sobol,24,"[(-100, 100)]",10,1000,100,F182017,1809.153062585289,25.41376805305481
HDS,24,"[(-100, 100)]",10,1000,100,F192017,1832.8051804768152,42.51215791702271
HDS,24,"[(-100, 100)]",50,1000,100,F182017,3942681.554042245,59.8141679763794
Sobol,24,"[(-100, 100)]",30,1000,100,F162017,112706.06446680306,78.05279207229614
Sobol,24,"[(-100, 100)]",30,1000,100,F182017,576526.424320664,43.90542793273926
Sobol,24,"[(-100, 100)]",10,1000,100,F192017,1854.7821475339576,41.92172622680664
HDS,24,"[(-100, 100)]",100,1000,100,F182017,1806903134.8808572,98.90793323516846
HDS,24,"[(-100, 100)]",10,1000,100,F202017,2133.7417902391576,9.516151905059814
Sobol,24,"[(-100, 100)]",10,1000,100,F202017,2131.118686394785,8.34726881980896
HDS,24,"[(-100, 100)]",30,1000,100,F192017,2149.625972720817,78.36641502380371
Sobol,24,"[(-100, 100)]",50,1000,100,F182017,14240317.366122903,60.18831419944763
HDS,24,"[(-100, 100)]",100,1000,100,F162017,6308671231.575111,204.6335437297821
HDS,24,"[(-100, 100)]",30,1000,100,F202017,2541.1884738621484,23.95428895950317
Sobol,24,"[(-100, 100)]",50,1000,100,F162017,54181456.702639125,114.56767010688782
HDS,24,"[(-100, 100)]",50,1000,100,F202017,4017.773337171302,23.36342692375183
Sobol,24,"[(-100, 100)]",30,1000,100,F202017,2299.790918699491,22.384045124053955
HDS,24,"[(-100, 100)]",100,1000,100,F202017,28273.854496973832,25.402666807174683
Sobol,24,"[(-100, 100)]",50,1000,100,F202017,4617.77270191627,22.87561106681824
HDS,24,"[(-100, 100)]",50,1000,100,F192017,2668.5374209186525,115.36526703834534
HDS,24,"[(-100, 100)]",10,1000,100,F212017,1095.9324620323189,26.43773603439331
Sobol,24,"[(-100, 100)]",100,1000,100,F202017,47804.78261934192,24.079240798950195
Sobol,24,"[(-100, 100)]",10,1000,100,F212017,2191.718769286392,6.2899909019470215
HDS,24,"[(-100, 100)]",30,1000,100,F212017,2294.2197857202477,27.138333797454838
Sobol,24,"[(-100, 100)]",30,1000,100,F192017,3213.8626366187177,79.65485286712646
Sobol,24,"[(-100, 100)]",100,1000,100,F182017,1189609904.464543,96.4146990776062
HDS,24,"[(-100, 100)]",10,1000,100,F22017,200.3874842997153,13.237449884414673
HDS,24,"[(-100, 100)]",30,1000,100,F22017,18681.17769827102,14.200665950775146
HDS,24,"[(-100, 100)]",50,1000,100,F212017,2558.9799017132173,27.797619819641117
Sobol,24,"[(-100, 100)]",30,1000,100,F212017,2283.506122486851,26.68183398246765
Sobol,24,"[(-100, 100)]",10,1000,100,F22017,200.44017329273197,13.395647048950195
HDS,24,"[(-100, 100)]",100,1000,100,F212017,3378.0514645545863,30.13905000686645
Sobol,24,"[(-100, 100)]",30,1000,100,F22017,15126.689499750157,13.985029220581056
HDS,24,"[(-100, 100)]",50,1000,100,F22017,67245.56175879629,14.718044996261597
HDS,24,"[(-100, 100)]",100,1000,100,F22017,239392.49126646025,15.864039182662964
HDS,24,"[(-100, 100)]",10,1000,100,F222017,2358.5384659469,10.366972208023071
Sobol,24,"[(-100, 100)]",50,1000,100,F212017,2579.0124287642384,28.13217782974243
Sobol,24,"[(-100, 100)]",10,1000,100,F222017,2371.8221386946625,10.233670949935911
Sobol,24,"[(-100, 100)]",50,1000,100,F22017,75673.53304977228,14.676331043243408
Sobol,24,"[(-100, 100)]",100,1000,100,F22017,263170.1417193175,15.116389274597168
Sobol,24,"[(-100, 100)]",100,1000,100,F212017,2974.5928012240206,29.890965938568115
HDS,24,"[(-100, 100)]",10,1000,100,F232017,2547.462784326165,10.297297716140749
Sobol,24,"[(-100, 100)]",10,1000,100,F232017,2555.0229164701805,8.83916187286377
HDS,24,"[(-100, 100)]",30,1000,100,F222017,3751.422984772465,29.62346291542053
HDS,24,"[(-100, 100)]",30,1000,100,F232017,3057.460497871969,25.89336585998535
HDS,24,"[(-100, 100)]",50,1000,100,F222017,3939.961874510466,31.39979910850525
HDS,24,"[(-100, 100)]",100,1000,100,F222017,14705.675411270038,34.17873930931091
HDS,24,"[(-100, 100)]",100,1000,100,F192017,4318.792709149857,211.1859121322632
Sobol,24,"[(-100, 100)]",50,1000,100,F192017,2646.0799960619133,114.87902116775513
HDS,24,"[(-100, 100)]",50,1000,100,F232017,7571.31546624297,27.596854209899902
Sobol,24,"[(-100, 100)]",30,1000,100,F232017,2808.590588438381,25.50262022018433
Sobol,24,"[(-100, 100)]",30,1000,100,F222017,2876.6356167746694,30.25645995140076
Sobol,24,"[(-100, 100)]",50,1000,100,F222017,7538.000846725873,30.496896982192997
Sobol,24,"[(-100, 100)]",100,1000,100,F222017,26727.2622660239,32.81853103637695
HDS,24,"[(-100, 100)]",10,1000,100,F242017,2897.7585494536065,16.721843004226685
HDS,24,"[(-100, 100)]",100,1000,100,F232017,42130.51484794269,29.04312014579773
Sobol,24,"[(-100, 100)]",50,1000,100,F232017,5509.754059910929,26.652920246124268
Sobol,24,"[(-100, 100)]",100,1000,100,F162017,514632111977.7925,203.54376578330996
Sobol,24,"[(-100, 100)]",10,1000,100,F242017,2913.911843580493,9.448362827301024
HDS,24,"[(-100, 100)]",30,1000,100,F242017,2874.6308170380767,27.240612030029297
HDS,24,"[(-100, 100)]",50,1000,100,F242017,4769.154875703471,29.177277088165283
HDS,24,"[(-100, 100)]",100,1000,100,F242017,7131.439668732506,30.70620322227478
Sobol,24,"[(-100, 100)]",100,1000,100,F232017,40203.58185699938,27.464857816696167
Sobol,24,"[(-100, 100)]",30,1000,100,F242017,2868.6416383200626,27.09114694595337
HDS,24,"[(-100, 100)]",10,1000,100,F252017,2500.2713175522267,40.80469226837158
Sobol,24,"[(-100, 100)]",50,1000,100,F242017,5061.367492617707,28.47877669334412
HDS,24,"[(-100, 100)]",10,1000,100,F262017,2895.678572853616,16.445716857910156
Sobol,24,"[(-100, 100)]",100,1000,100,F242017,5808.288328388715,29.96392297744751
Sobol,24,"[(-100, 100)]",10,1000,100,F252017,2977.715530156591,12.32367205619812
Sobol,24,"[(-100, 100)]",10,1000,100,F262017,2980.9340914643253,12.485946893692017
HDS,24,"[(-100, 100)]",10,1000,100,F272017,2837.7996190912977,10.170888900756836
HDS,24,"[(-100, 100)]",30,1000,100,F252017,3431.898332975564,72.61460900306702
Sobol,24,"[(-100, 100)]",10,1000,100,F272017,2831.3719098220718,9.272266864776611
HDS,24,"[(-100, 100)]",50,1000,100,F252017,4760.931869116657,98.68910503387453
HDS,24,"[(-100, 100)]",30,1000,100,F262017,3232.1900937192927,73.42082715034485
Sobol,24,"[(-100, 100)]",30,1000,100,F252017,3382.9799637969127,70.10424780845642
HDS,24,"[(-100, 100)]",30,1000,100,F272017,2934.479256830535,67.3323860168457
HDS,24,"[(-100, 100)]",50,1000,100,F262017,3612.0916073289536,99.82179188728333
Sobol,24,"[(-100, 100)]",100,1000,100,F192017,5866.592701563352,205.03891491889956
HDS,24,"[(-100, 100)]",100,1000,100,F252017,18670.02516649725,164.21367025375366
Sobol,24,"[(-100, 100)]",30,1000,100,F262017,3194.0280114451425,72.903165102005
Sobol,24,"[(-100, 100)]",50,1000,100,F252017,4687.803967317523,96.89007782936096
Sobol,24,"[(-100, 100)]",30,1000,100,F272017,2894.4916923711235,61.90953874588013
HDS,24,"[(-100, 100)]",100,1000,100,F262017,5625.33799777874,165.5351321697235
HDS,24,"[(-100, 100)]",50,1000,100,F272017,3158.5081966043285,95.25998497009276
Sobol,24,"[(-100, 100)]",50,1000,100,F262017,3659.136504759717,99.12280082702635
HDS,24,"[(-100, 100)]",10,1000,100,F282017,4067.648543840612,63.211418867111206
HDS,24,"[(-100, 100)]",30,1000,100,F282017,3566286.308013349,104.28886198997498
Sobol,24,"[(-100, 100)]",10,1000,100,F282017,4056.123671879158,62.66593098640442
HDS,24,"[(-100, 100)]",100,1000,100,F272017,4953.280651642481,160.07624983787537
Sobol,24,"[(-100, 100)]",50,1000,100,F272017,3344.3042186673247,92.83223104476927
Sobol,24,"[(-100, 100)]",100,1000,100,F252017,21007.25385655551,160.0317530632019
HDS,24,"[(-100, 100)]",50,1000,100,F282017,540050961.3786783,143.85528087615967
HDS,24,"[(-100, 100)]",10,1000,100,F292017,,43.92908477783203
Sobol,24,"[(-100, 100)]",100,1000,100,F262017,5548.96755097532,162.9264099597931
HDS,24,"[(-100, 100)]",30,1000,100,F292017,6252237.94384396,60.176281690597534
Sobol,24,"[(-100, 100)]",10,1000,100,F292017,,44.98008108139038
Sobol,24,"[(-100, 100)]",30,1000,100,F282017,14730098.656248778,104.1059799194336
HDS,24,"[(-100, 100)]",10,1000,100,F32017,308.6852831732749,7.831311941146851
Sobol,24,"[(-100, 100)]",10,1000,100,F32017,304.8204592923456,10.80365777015686
HDS,24,"[(-100, 100)]",30,1000,100,F32017,413.3126322023443,15.042350053787231
HDS,24,"[(-100, 100)]",50,1000,100,F292017,1165069474.9087777,76.14193201065063
HDS,24,"[(-100, 100)]",50,1000,100,F32017,743.738902768722,15.224876880645752
Sobol,24,"[(-100, 100)]",30,1000,100,F32017,377.12219836803047,14.56971001625061
Sobol,24,"[(-100, 100)]",30,1000,100,F292017,36064124.09763128,60.07909107208252
Sobol,24,"[(-100, 100)]",50,1000,100,F32017,862.104147690912,14.659621000289915
HDS,24,"[(-100, 100)]",100,1000,100,F32017,7878.524662595505,15.990555047988892
HDS,24,"[(-100, 100)]",10,1000,100,F42017,437.76713126209046,13.765321016311646
HDS,24,"[(-100, 100)]",30,1000,100,F42017,715.6290535524747,14.155658960342407
Sobol,24,"[(-100, 100)]",100,1000,100,F32017,6941.293256201361,14.95998191833496
Sobol,24,"[(-100, 100)]",10,1000,100,F42017,425.7781392945407,13.77049994468689
Sobol,24,"[(-100, 100)]",30,1000,100,F42017,721.7758145685882,13.862736940383911
HDS,24,"[(-100, 100)]",10,1000,100,F52017,500.00431145161616,0.3619990348815918
Sobol,24,"[(-100, 100)]",10,1000,100,F52017,500.0077347590398,0.1890008449554443
HDS,24,"[(-100, 100)]",30,1000,100,F52017,500.0491962244546,0.5760800838470459
Sobol,24,"[(-100, 100)]",30,1000,100,F52017,500.0532246603239,0.2839620113372803
HDS,24,"[(-100, 100)]",50,1000,100,F52017,500.0615546310645,0.8478331565856934
Sobol,24,"[(-100, 100)]",50,1000,100,F52017,500.09208101092565,0.3845288753509521
HDS,24,"[(-100, 100)]",50,1000,100,F42017,2061.378500133045,14.443835735321043
HDS,24,"[(-100, 100)]",100,1000,100,F52017,500.0891965909145,1.926506280899048
Sobol,24,"[(-100, 100)]",100,1000,100,F52017,500.11897764189655,0.6515381336212158
Sobol,24,"[(-100, 100)]",100,1000,100,F272017,4947.321655327241,157.41607213020325
HDS,24,"[(-100, 100)]",100,1000,100,F292017,10932998725.462368,114.16172218322754
HDS,24,"[(-100, 100)]",100,1000,100,F42017,29359.38398696618,16.29567790031433
HDS,24,"[(-100, 100)]",100,1000,100,F282017,10060707827.780432,245.03565907478333
Sobol,24,"[(-100, 100)]",50,1000,100,F42017,1684.795431898917,14.724292039871216
Sobol,24,"[(-100, 100)]",50,1000,100,F292017,1328747585.8261557,73.75495386123657
Sobol,24,"[(-100, 100)]",50,1000,100,F282017,210325065.6949868,144.2853012084961
HDS,24,"[(-100, 100)]",10,1000,100,F62017,640.3379707108096,16.17554473876953
HDS,24,"[(-100, 100)]",30,1000,100,F62017,8920.130143425416,16.27448296546936
Sobol,24,"[(-100, 100)]",100,1000,100,F42017,21332.794175600546,14.72127366065979
HDS,24,"[(-100, 100)]",50,1000,100,F62017,116243.22016468084,16.2121000289917
HDS,24,"[(-100, 100)]",100,1000,100,F62017,926305.7425464902,17.560685873031616
Sobol,24,"[(-100, 100)]",10,1000,100,F62017,641.7328001588683,15.66620111465454
HDS,24,"[(-100, 100)]",10,1000,100,F72017,735.7180095269005,19.415534734725952
Sobol,24,"[(-100, 100)]",30,1000,100,F62017,1068.8079262600763,15.787367343902588
Sobol,24,"[(-100, 100)]",50,1000,100,F62017,60191.20739313909,16.259902000427246
HDS,24,"[(-100, 100)]",30,1000,100,F72017,1166.7238961336552,20.6611487865448
HDS,24,"[(-100, 100)]",10,1000,100,F82017,801.4356650221392,0.817457914352417
Sobol,24,"[(-100, 100)]",10,1000,100,F82017,801.0374760365669,0.6450324058532715
Sobol,24,"[(-100, 100)]",100,1000,100,F62017,1988749.5638921356,17.07238507270813
HDS,24,"[(-100, 100)]",30,1000,100,F82017,807.9341252116446,4.131622076034546
Sobol,24,"[(-100, 100)]",10,1000,100,F72017,725.9324945630558,19.369419813156128
HDS,24,"[(-100, 100)]",50,1000,100,F72017,1700.5955085294918,20.642573833465576
Sobol,24,"[(-100, 100)]",30,1000,100,F82017,808.8797952017015,3.6930339336395264
HDS,24,"[(-100, 100)]",100,1000,100,F72017,2884.969825193967,22.095246076583862
HDS,24,"[(-100, 100)]",50,1000,100,F82017,816.531851234725,10.32631015777588
Sobol,24,"[(-100, 100)]",30,1000,100,F72017,1138.7893503124576,20.194923877716064
HDS,24,"[(-100, 100)]",100,1000,100,F82017,942.0133291242568,18.6069450378418
Sobol,24,"[(-100, 100)]",50,1000,100,F82017,817.4023236405126,13.401155948638916
Sobol,24,"[(-100, 100)]",50,1000,100,F72017,1641.144743298733,20.297763109207157
HDS,24,"[(-100, 100)]",10,1000,100,F92017,-905.1396016801472,19.827097177505493
Sobol,24,"[(-100, 100)]",100,1000,100,F72017,2832.0343796927864,21.623563051223755
HDS,24,"[(-100, 100)]",30,1000,100,F92017,3259.364076699874,19.96424102783203
Sobol,24,"[(-100, 100)]",100,1000,100,F82017,865.5845420485483,16.493951320648193
HDS,24,"[(-100, 100)]",50,1000,100,F92017,9629.712611086568,20.854798078536987
Sobol,24,"[(-100, 100)]",10,1000,100,F92017,-490.9803943623401,18.65079402923584
HDS,25,"[(-100, 100)]",10,1000,100,F102017,1065.0019432393256,16.813990116119385
HDS,24,"[(-100, 100)]",100,1000,100,F92017,24586.717992362064,22.51581883430481
HDS,25,"[(-100, 100)]",30,1000,100,F102017,91863.62433057054,16.931203842163086
Sobol,24,"[(-100, 100)]",30,1000,100,F92017,3768.267465238914,19.924442052841187
HDS,25,"[(-100, 100)]",50,1000,100,F102017,305462.2037330286,17.33064293861389
Sobol,25,"[(-100, 100)]",10,1000,100,F102017,1116.8169588014491,16.494956731796265
Sobol,24,"[(-100, 100)]",50,1000,100,F92017,9947.318383777514,19.93969488143921
Sobol,24,"[(-100, 100)]",100,1000,100,F92017,25274.673216293875,20.64813709259033
Sobol,25,"[(-100, 100)]",30,1000,100,F102017,97033.57222310666,16.862164974212646
Sobol,24,"[(-100, 100)]",100,1000,100,F292017,11123623911.29674,112.65574288368224
HDS,25,"[(-100, 100)]",100,1000,100,F102017,1160002.6693075872,18.533011198043823
Sobol,25,"[(-100, 100)]",50,1000,100,F102017,225407.7198017994,16.78069305419922
HDS,25,"[(-100, 100)]",10,1000,100,F112017,77158.0806345304,20.763148069381717
HDS,25,"[(-100, 100)]",30,1000,100,F112017,57143954.61222373,21.426862239837646
HDS,25,"[(-100, 100)]",10,1000,100,F12017,32594.90245495191,13.3080792427063
HDS,25,"[(-100, 100)]",50,1000,100,F112017,199847091.79232568,21.76445508003235
HDS,25,"[(-100, 100)]",30,1000,100,F12017,88496262.9102064,13.599693059921265
Sobol,25,"[(-100, 100)]",100,1000,100,F102017,1419995.9004491318,17.419517040252686
HDS,25,"[(-100, 100)]",100,1000,100,F112017,5651293159.518115,23.20086121559143
Sobol,25,"[(-100, 100)]",10,1000,100,F12017,5548.769864379124,13.30097198486328
Sobol,25,"[(-100, 100)]",10,1000,100,F112017,169616.82039940383,20.848323106765747
Sobol,25,"[(-100, 100)]",30,1000,100,F12017,60813624.74938647,13.744165897369385
Sobol,25,"[(-100, 100)]",30,1000,100,F112017,54980871.5570657,21.50504207611084
HDS,25,"[(-100, 100)]",50,1000,100,F12017,2236542994.8350496,14.266693830490112
Sobol,25,"[(-100, 100)]",50,1000,100,F112017,282679161.0449216,21.13146114349365
HDS,25,"[(-100, 100)]",100,1000,100,F12017,18946100777.11005,15.358767032623293
Sobol,25,"[(-100, 100)]",100,1000,100,F112017,6466934223.277431,22.44875693321228
Sobol,25,"[(-100, 100)]",50,1000,100,F12017,606215097.0081524,13.533066987991331
HDS,25,"[(-100, 100)]",10,1000,100,F122017,1512.7741590542437,17.922378063201904
HDS,25,"[(-100, 100)]",30,1000,100,F122017,314785.2890890959,17.949344873428345
HDS,25,"[(-100, 100)]",50,1000,100,F122017,28267856.32669884,17.821414947509766
HDS,25,"[(-100, 100)]",100,1000,100,F122017,7020626148.313365,19.133286237716675
Sobol,25,"[(-100, 100)]",100,1000,100,F12017,56610009669.48559,13.75927996635437
HDS,25,"[(-100, 100)]",10,1000,100,F132017,1365.6596395518502,18.328017950057983
Sobol,25,"[(-100, 100)]",10,1000,100,F122017,1358.816589775831,17.623823165893555
HDS,25,"[(-100, 100)]",30,1000,100,F132017,173149.06599853537,19.56942582130432
Sobol,25,"[(-100, 100)]",30,1000,100,F122017,10593285.287494691,17.90394902229309
Sobol,25,"[(-100, 100)]",50,1000,100,F122017,31573004.08847083,18.05688524246216
Sobol,25,"[(-100, 100)]",100,1000,100,F122017,1608840310.7242277,19.32007908821106
HDS,25,"[(-100, 100)]",50,1000,100,F132017,1879072.6676892813,22.327423095703125
Sobol,25,"[(-100, 100)]",10,1000,100,F132017,1396.2660027285792,18.133308172225952
HDS,25,"[(-100, 100)]",10,1000,100,F142017,1710.8344810223746,18.151995182037357
Sobol,25,"[(-100, 100)]",30,1000,100,F132017,194618.84611022723,19.588868856430054
HDS,25,"[(-100, 100)]",30,1000,100,F142017,1753376.333404455,18.54341411590576
HDS,25,"[(-100, 100)]",100,1000,100,F132017,36795814.83044245,26.127502918243408
HDS,25,"[(-100, 100)]",50,1000,100,F142017,1883129.9068394715,18.83957409858704
Sobol,25,"[(-100, 100)]",50,1000,100,F132017,2686786.6886250945,21.459069967269897
HDS,25,"[(-100, 100)]",100,1000,100,F142017,1520155672.8211358,19.896923065185547
HDS,25,"[(-100, 100)]",10,1000,100,F152017,1337.96862795506,14.569232940673828
Sobol,25,"[(-100, 100)]",10,1000,100,F142017,1862.08663136348,17.691992044448853
Sobol,25,"[(-100, 100)]",30,1000,100,F142017,1180699.9236400148,18.05484914779663
Sobol,25,"[(-100, 100)]",50,1000,100,F142017,1284996.154920177,17.967180013656616
Sobol,25,"[(-100, 100)]",10,1000,100,F152017,1337.7553169110236,14.120232105255129
Sobol,25,"[(-100, 100)]",100,1000,100,F132017,38096586.53337095,24.68647027015686
Sobol,25,"[(-100, 100)]",100,1000,100,F142017,556580784.1465011,18.56316065788269
HDS,25,"[(-100, 100)]",30,1000,100,F152017,3766.731715377656,31.292147874832157
Sobol,24,"[(-100, 100)]",100,1000,100,F282017,5850988336.458626,244.6187210083008
HDS,25,"[(-100, 100)]",50,1000,100,F152017,8070.859483615969,36.43008494377136
HDS,25,"[(-100, 100)]",10,1000,100,F172017,,20.226134061813354
HDS,25,"[(-100, 100)]",10,1000,100,F162017,1495.214788922768,42.30821490287781
HDS,25,"[(-100, 100)]",100,1000,100,F152017,104738.80901482936,50.2078583240509
Sobol,25,"[(-100, 100)]",30,1000,100,F152017,2167.849525784679,31.13884115219116
Sobol,25,"[(-100, 100)]",10,1000,100,F172017,,19.98707890510559
Sobol,25,"[(-100, 100)]",50,1000,100,F152017,9057.652740894908,35.75023627281189
HDS,25,"[(-100, 100)]",30,1000,100,F172017,146116.56934161377,20.260092973709103
HDS,25,"[(-100, 100)]",30,1000,100,F162017,87600.95421537154,78.00831294059753
HDS,25,"[(-100, 100)]",50,1000,100,F172017,1093147.5779611892,20.75848507881165
Sobol,25,"[(-100, 100)]",10,1000,100,F162017,1470.5914123771142,42.60020804405213
HDS,25,"[(-100, 100)]",100,1000,100,F172017,13165243.501794042,21.648852109909058
Sobol,25,"[(-100, 100)]",30,1000,100,F172017,80705.83084891865,20.00091981887817
Sobol,25,"[(-100, 100)]",100,1000,100,F152017,122918.96309794886,49.15865612030029
Sobol,25,"[(-100, 100)]",50,1000,100,F172017,1364996.7356633483,19.754467964172363
Sobol,25,"[(-100, 100)]",100,1000,100,F172017,9476015.471089948,20.189851760864254
HDS,25,"[(-100, 100)]",10,1000,100,F182017,1809.0624435998425,21.388893127441406
HDS,25,"[(-100, 100)]",50,1000,100,F162017,29933869.448382888,115.42492961883544
Sobol,25,"[(-100, 100)]",10,1000,100,F182017,1807.2715657347048,21.262540102005005
HDS,25,"[(-100, 100)]",30,1000,100,F182017,3824397.0446909983,44.971314907073975
HDS,25,"[(-100, 100)]",10,1000,100,F192017,1819.4510002745187,41.46168208122253
HDS,25,"[(-100, 100)]",50,1000,100,F182017,4999454.118909185,58.64537715911865
Sobol,25,"[(-100, 100)]",30,1000,100,F162017,96060.87382093271,76.69129490852356
Sobol,25,"[(-100, 100)]",30,1000,100,F182017,136728.12963083517,45.32925701141357
Sobol,25,"[(-100, 100)]",10,1000,100,F192017,1831.4869702065344,42.501107931137085
HDS,25,"[(-100, 100)]",10,1000,100,F202017,2126.630683518706,8.471621990203857
HDS,25,"[(-100, 100)]",100,1000,100,F182017,2202743909.6176467,97.39039397239684
Sobol,25,"[(-100, 100)]",10,1000,100,F202017,2146.649192304815,8.150483846664429
HDS,25,"[(-100, 100)]",100,1000,100,F162017,1653136943896.6174,200.0621740818024
HDS,25,"[(-100, 100)]",30,1000,100,F192017,2654.956612038814,80.00274920463562
Sobol,25,"[(-100, 100)]",50,1000,100,F182017,8685146.44211835,60.18683385848999
HDS,25,"[(-100, 100)]",30,1000,100,F202017,2246.099978967928,22.888713121414185
HDS,25,"[(-100, 100)]",50,1000,100,F202017,3746.384716355573,23.020469903945923
Sobol,25,"[(-100, 100)]",50,1000,100,F162017,65323923.56492766,115.29722499847412
Sobol,25,"[(-100, 100)]",30,1000,100,F202017,2474.7240188723267,23.08514523506165
HDS,25,"[(-100, 100)]",10,1000,100,F212017,2215.327402434082,2.7262001037597656
Sobol,25,"[(-100, 100)]",10,1000,100,F212017,2214.8625600387013,2.58316421508789
Sobol,25,"[(-100, 100)]",50,1000,100,F202017,3983.1312101330177,23.76767516136169
HDS,25,"[(-100, 100)]",100,1000,100,F202017,33478.95043708691,26.7149350643158
HDS,25,"[(-100, 100)]",50,1000,100,F192017,3757.378586235407,117.10157299041748
HDS,25,"[(-100, 100)]",30,1000,100,F212017,2311.133753872269,27.0226628780365
HDS,25,"[(-100, 100)]",50,1000,100,F212017,2502.9200659066128,27.582704067230225
Sobol,25,"[(-100, 100)]",100,1000,100,F202017,38873.104968525935,24.90234589576721
Sobol,25,"[(-100, 100)]",30,1000,100,F192017,3749.9336255957146,79.04812979698181
Sobol,25,"[(-100, 100)]",100,1000,100,F182017,566290036.4538871,97.0156750679016
HDS,25,"[(-100, 100)]",10,1000,100,F22017,200.6722059830631,12.451971769332886
HDS,25,"[(-100, 100)]",30,1000,100,F22017,15726.105843198678,14.317471981048584
Sobol,25,"[(-100, 100)]",30,1000,100,F212017,2298.2552838620195,27.17410922050476
Sobol,25,"[(-100, 100)]",10,1000,100,F22017,200.9043209688266,13.826884269714355
Sobol,25,"[(-100, 100)]",50,1000,100,F212017,2482.92660597394,27.974602937698364
HDS,25,"[(-100, 100)]",100,1000,100,F212017,3160.974031114818,31.175407886505127
HDS,25,"[(-100, 100)]",10,1000,100,F222017,2441.0919382760558,8.704953908920288
Sobol,25,"[(-100, 100)]",30,1000,100,F22017,15660.547330018906,13.991514921188354
HDS,25,"[(-100, 100)]",50,1000,100,F22017,78388.18542635761,14.478528022766112
HDS,25,"[(-100, 100)]",100,1000,100,F22017,238804.1109716504,15.790827989578249
Sobol,25,"[(-100, 100)]",10,1000,100,F222017,2445.7781797513003,11.824857711791992
Sobol,25,"[(-100, 100)]",50,1000,100,F22017,88788.85979810843,13.96077799797058
Sobol,25,"[(-100, 100)]",100,1000,100,F22017,335520.0688812545,14.378700971603394
Sobol,25,"[(-100, 100)]",100,1000,100,F212017,3409.745455634113,30.209604263305664
HDS,25,"[(-100, 100)]",10,1000,100,F232017,2555.648037932812,10.504302024841309
HDS,25,"[(-100, 100)]",30,1000,100,F222017,4622.985748712119,30.107848167419437
Sobol,25,"[(-100, 100)]",10,1000,100,F232017,2538.530504162732,8.321290969848633
HDS,25,"[(-100, 100)]",50,1000,100,F222017,7478.56803361118,31.55239176750183
HDS,25,"[(-100, 100)]",30,1000,100,F232017,3045.075070262703,24.895344257354736
HDS,25,"[(-100, 100)]",100,1000,100,F222017,35099.349453272785,34.33415198326111
Sobol,25,"[(-100, 100)]",30,1000,100,F222017,2813.337849427055,29.609899044036865
HDS,25,"[(-100, 100)]",100,1000,100,F192017,5399.665379481723,207.34137988090515
HDS,25,"[(-100, 100)]",50,1000,100,F232017,7140.98326371863,26.70320987701416
Sobol,25,"[(-100, 100)]",50,1000,100,F192017,3457.755115986417,116.18793606758118
Sobol,25,"[(-100, 100)]",50,1000,100,F222017,9382.619232099738,30.57750415802002
Sobol,25,"[(-100, 100)]",30,1000,100,F232017,3321.4744671478784,25.28072500228882
HDS,25,"[(-100, 100)]",10,1000,100,F242017,2889.671615844005,10.499842166900637
Sobol,25,"[(-100, 100)]",100,1000,100,F222017,30163.08353854622,33.136465311050415
Sobol,25,"[(-100, 100)]",10,1000,100,F242017,2916.3853083372824,7.6142258644104
Sobol,25,"[(-100, 100)]",100,1000,100,F162017,555076092880.9432,203.0953369140625
HDS,25,"[(-100, 100)]",100,1000,100,F232017,31153.828312426667,29.560384035110477
Sobol,25,"[(-100, 100)]",50,1000,100,F232017,8419.17454507827,27.23071312904358
HDS,25,"[(-100, 100)]",30,1000,100,F242017,2867.0370658752604,22.04600191116333
HDS,25,"[(-100, 100)]",10,1000,100,F252017,2974.8766948753737,14.190491914749146
HDS,25,"[(-100, 100)]",50,1000,100,F242017,4189.383660860403,28.767603874206543
Sobol,25,"[(-100, 100)]",10,1000,100,F252017,2972.973765875048,12.518154859542848
HDS,25,"[(-100, 100)]",100,1000,100,F242017,7183.1376332370655,32.21269607543945
Sobol,25,"[(-100, 100)]",100,1000,100,F232017,50975.523600630855,27.81370687484741
Sobol,25,"[(-100, 100)]",30,1000,100,F242017,2856.5797858963874,24.09767317771912
Sobol,25,"[(-100, 100)]",50,1000,100,F242017,4366.413440974551,27.516659021377563
HDS,25,"[(-100, 100)]",10,1000,100,F262017,3001.979366988323,13.28592610359192
Sobol,25,"[(-100, 100)]",100,1000,100,F242017,7808.54193376866,30.190197944641117
Sobol,25,"[(-100, 100)]",10,1000,100,F262017,2983.76436532688,17.605970859527588
HDS,25,"[(-100, 100)]",10,1000,100,F272017,2851.5505998361346,7.889837980270386
HDS,25,"[(-100, 100)]",30,1000,100,F252017,3386.4864726725687,73.08822703361511
Sobol,25,"[(-100, 100)]",10,1000,100,F272017,2850.315681022675,10.398890972137451
HDS,25,"[(-100, 100)]",50,1000,100,F252017,4647.20395516848,98.66758680343628
HDS,25,"[(-100, 100)]",30,1000,100,F262017,3183.7280378335154,73.47617816925049
HDS,25,"[(-100, 100)]",50,1000,100,F262017,3676.593967996409,100.72186088562012
Sobol,25,"[(-100, 100)]",30,1000,100,F252017,3430.1694877140194,72.42652583122253
HDS,25,"[(-100, 100)]",30,1000,100,F272017,2935.25162071726,69.83214998245239
Sobol,25,"[(-100, 100)]",30,1000,100,F262017,3273.5758712085285,73.9209451675415
Sobol,25,"[(-100, 100)]",100,1000,100,F192017,3950.357086668439,207.89552688598636
HDS,25,"[(-100, 100)]",100,1000,100,F252017,23885.404041823476,165.87762784957886
Sobol,25,"[(-100, 100)]",50,1000,100,F252017,4884.961383486636,98.58823776245116
Sobol,25,"[(-100, 100)]",30,1000,100,F272017,3185.1833217455737,61.10370588302612
HDS,25,"[(-100, 100)]",100,1000,100,F262017,4576.835545624457,166.90003514289856
HDS,25,"[(-100, 100)]",50,1000,100,F272017,3267.930611221672,95.49875903129578
Sobol,25,"[(-100, 100)]",50,1000,100,F262017,3610.196491023,100.49210000038148
HDS,25,"[(-100, 100)]",10,1000,100,F282017,3989.244234813909,64.91520190238953
HDS,25,"[(-100, 100)]",30,1000,100,F282017,13867101.275912356,106.24413895606996
Sobol,25,"[(-100, 100)]",10,1000,100,F282017,4044.9675080838015,63.80599308013916
Sobol,25,"[(-100, 100)]",50,1000,100,F272017,3299.982521915035,94.82416892051695
HDS,25,"[(-100, 100)]",100,1000,100,F272017,5898.22170273327,162.75222897529602
Sobol,25,"[(-100, 100)]",100,1000,100,F252017,25314.522799723676,163.46578812599182
HDS,25,"[(-100, 100)]",50,1000,100,F282017,88512149.53429495,147.11812090873718
HDS,25,"[(-100, 100)]",10,1000,100,F292017,,45.05240869522095
Sobol,25,"[(-100, 100)]",100,1000,100,F262017,5828.543659502341,166.06626296043396
HDS,25,"[(-100, 100)]",30,1000,100,F292017,39803927.89915168,59.61590504646301
Sobol,25,"[(-100, 100)]",10,1000,100,F292017,,44.99263310432434
HDS,25,"[(-100, 100)]",10,1000,100,F32017,308.8635434437017,5.356323003768921
Sobol,25,"[(-100, 100)]",30,1000,100,F282017,16374674.78163807,104.61260414123537
Sobol,25,"[(-100, 100)]",10,1000,100,F32017,301.3614775345097,7.157059907913208
HDS,25,"[(-100, 100)]",30,1000,100,F32017,388.04967887978336,15.216709852218628
HDS,25,"[(-100, 100)]",50,1000,100,F292017,1098565806.521064,75.83245801925659
HDS,25,"[(-100, 100)]",50,1000,100,F32017,948.9056012667158,15.34925889968872
Sobol,25,"[(-100, 100)]",30,1000,100,F32017,405.9561857733803,15.503618001937866
Sobol,25,"[(-100, 100)]",50,1000,100,F32017,997.988559416709,15.67866277694702
Sobol,25,"[(-100, 100)]",30,1000,100,F292017,96986092.36477314,61.0989031791687
HDS,25,"[(-100, 100)]",100,1000,100,F32017,6365.68824733888,16.392953157424927
HDS,25,"[(-100, 100)]",10,1000,100,F42017,432.1694246672377,14.038151025772097
HDS,25,"[(-100, 100)]",30,1000,100,F42017,710.4773093410456,14.623898029327393
Sobol,25,"[(-100, 100)]",100,1000,100,F32017,6752.787427123437,15.302595138549805
Sobol,25,"[(-100, 100)]",10,1000,100,F42017,424.9359732816758,14.1040358543396
Sobol,25,"[(-100, 100)]",30,1000,100,F42017,718.132161080505,14.32211685180664
HDS,25,"[(-100, 100)]",10,1000,100,F52017,500.0051798231112,0.3947761058807373
Sobol,25,"[(-100, 100)]",10,1000,100,F52017,500.0024086819222,0.1850531101226806
HDS,25,"[(-100, 100)]",30,1000,100,F52017,500.0487404036857,0.6020553112030029
Sobol,25,"[(-100, 100)]",30,1000,100,F52017,500.05371930029,0.2889351844787597
HDS,25,"[(-100, 100)]",50,1000,100,F52017,500.042410090969,0.8733079433441162
Sobol,25,"[(-100, 100)]",50,1000,100,F52017,500.0744196918858,0.4018030166625976
HDS,25,"[(-100, 100)]",100,1000,100,F52017,500.09871807017936,1.757122039794922
Sobol,25,"[(-100, 100)]",100,1000,100,F52017,500.1114892754204,0.6562960147857666
HDS,25,"[(-100, 100)]",50,1000,100,F42017,2231.858198209465,15.00114917755127
HDS,25,"[(-100, 100)]",100,1000,100,F42017,56038.070723836354,16.189686059951782
HDS,25,"[(-100, 100)]",100,1000,100,F282017,11833292802.984016,252.81803488731384
Sobol,25,"[(-100, 100)]",100,1000,100,F272017,4870.786935228032,160.11959719657898
Sobol,25,"[(-100, 100)]",50,1000,100,F282017,1361976159.0329766,146.46209573745728
Sobol,25,"[(-100, 100)]",50,1000,100,F42017,2397.6833109787585,14.670235872268677
Sobol,25,"[(-100, 100)]",50,1000,100,F292017,1264475843.2968893,76.67755103111267
HDS,25,"[(-100, 100)]",10,1000,100,F62017,649.438307279735,16.67865800857544
Sobol,25,"[(-100, 100)]",100,1000,100,F42017,34837.22329035071,15.465590953826904
HDS,25,"[(-100, 100)]",100,1000,100,F292017,6260270701.620807,115.58338689804076
HDS,25,"[(-100, 100)]",30,1000,100,F62017,1859.9622707413191,17.245521068572998
HDS,25,"[(-100, 100)]",50,1000,100,F62017,22410.4881625974,16.327963829040527
Sobol,25,"[(-100, 100)]",10,1000,100,F62017,640.585535901253,15.593104124069214
HDS,25,"[(-100, 100)]",100,1000,100,F62017,1116508.9884983625,17.708777904510498
HDS,25,"[(-100, 100)]",10,1000,100,F72017,729.0313416570295,19.46251225471497
HDS,25,"[(-100, 100)]",30,1000,100,F72017,1151.890368100841,19.461529970169067
Sobol,25,"[(-100, 100)]",30,1000,100,F62017,4722.592191952401,16.759151220321655
Sobol,25,"[(-100, 100)]",50,1000,100,F62017,34133.951548495344,16.03990912437439
HDS,25,"[(-100, 100)]",10,1000,100,F82017,802.4010504143156,0.8466653823852539
Sobol,25,"[(-100, 100)]",10,1000,100,F82017,801.2360400062149,0.7925617694854736
Sobol,25,"[(-100, 100)]",100,1000,100,F62017,1092944.7532921543,16.609426975250244
HDS,25,"[(-100, 100)]",50,1000,100,F72017,1669.024419235207,19.96515202522278
HDS,25,"[(-100, 100)]",30,1000,100,F82017,808.6857844801556,5.548421859741211
Sobol,25,"[(-100, 100)]",10,1000,100,F72017,724.0010953334222,19.40148401260376
Sobol,25,"[(-100, 100)]",30,1000,100,F72017,1126.9618216254346,19.495134830474854
Sobol,25,"[(-100, 100)]",30,1000,100,F82017,810.5905706298747,3.73342490196228
HDS,25,"[(-100, 100)]",50,1000,100,F82017,821.6467647233486,10.047984838485718
HDS,25,"[(-100, 100)]",100,1000,100,F72017,3158.1677908962047,23.59038090705872
Sobol,25,"[(-100, 100)]",50,1000,100,F82017,817.8735009678898,10.249850034713743
Sobol,25,"[(-100, 100)]",50,1000,100,F72017,1558.3403567663509,20.978244066238403
HDS,25,"[(-100, 100)]",100,1000,100,F82017,887.4639344226973,18.89405298233032
HDS,25,"[(-100, 100)]",10,1000,100,F92017,-928.3276760457576,20.354506969451904
HDS,25,"[(-100, 100)]",30,1000,100,F92017,3346.9739411136434,21.171491861343384
HDS,25,"[(-100, 100)]",50,1000,100,F92017,7368.81143189992,20.688971042633057
Sobol,25,"[(-100, 100)]",100,1000,100,F82017,903.623053095995,16.777617692947388
Sobol,25,"[(-100, 100)]",100,1000,100,F72017,2962.161390662227,21.8617160320282
Sobol,25,"[(-100, 100)]",10,1000,100,F92017,-1294.8496116986516,19.106208086013797
HDS,25,"[(-100, 100)]",100,1000,100,F92017,24236.57847550936,22.38164496421814
Sobol,25,"[(-100, 100)]",30,1000,100,F92017,2572.6261810619835,19.410499811172485
HDS,26,"[(-100, 100)]",10,1000,100,F102017,1048.941611838012,17.006804943084717
HDS,26,"[(-100, 100)]",30,1000,100,F102017,84326.1534490826,18.43880033493042
Sobol,25,"[(-100, 100)]",50,1000,100,F92017,8030.179579490217,19.952327966690063
HDS,26,"[(-100, 100)]",50,1000,100,F102017,282583.4333799345,17.544212818145752
Sobol,25,"[(-100, 100)]",100,1000,100,F92017,22488.48648784893,20.63201403617859
HDS,26,"[(-100, 100)]",100,1000,100,F102017,653048.6493571809,18.600082874298096
Sobol,26,"[(-100, 100)]",10,1000,100,F102017,1054.0682293921072,16.675971269607544
Sobol,26,"[(-100, 100)]",30,1000,100,F102017,114675.3333012497,18.095678091049194
Sobol,26,"[(-100, 100)]",50,1000,100,F102017,240197.6823000229,17.30132007598877
Sobol,25,"[(-100, 100)]",100,1000,100,F292017,9388359967.766056,113.17767715454102
HDS,26,"[(-100, 100)]",10,1000,100,F112017,349907.9237585673,21.09611415863037
Sobol,26,"[(-100, 100)]",100,1000,100,F102017,1072836.8493288653,18.049015045166016
HDS,26,"[(-100, 100)]",30,1000,100,F112017,54419509.96436009,21.733906030654907
HDS,26,"[(-100, 100)]",10,1000,100,F12017,9455.292006461535,13.455869913101196
HDS,26,"[(-100, 100)]",30,1000,100,F12017,94991611.9723,13.344509840011597
HDS,26,"[(-100, 100)]",50,1000,100,F112017,172852696.28382862,21.798590898513797
HDS,26,"[(-100, 100)]",50,1000,100,F12017,1560249486.199243,13.91592812538147
HDS,26,"[(-100, 100)]",100,1000,100,F112017,3380566731.832425,22.769241094589237
Sobol,26,"[(-100, 100)]",10,1000,100,F112017,99804.5516973547,20.56270384788513
Sobol,26,"[(-100, 100)]",10,1000,100,F12017,13207.369337924434,13.48368787765503
Sobol,26,"[(-100, 100)]",30,1000,100,F12017,68095201.35402232,13.836188793182371
Sobol,26,"[(-100, 100)]",30,1000,100,F112017,77917666.13304354,20.90209197998047
Sobol,26,"[(-100, 100)]",50,1000,100,F12017,1936067707.859644,13.98921537399292
HDS,26,"[(-100, 100)]",100,1000,100,F12017,32061203847.75009,15.406930923461914
Sobol,26,"[(-100, 100)]",50,1000,100,F112017,382608616.8009472,21.493560075759888
Sobol,26,"[(-100, 100)]",100,1000,100,F112017,5907362188.749272,22.3605592250824
HDS,26,"[(-100, 100)]",10,1000,100,F122017,1314.3273797492304,17.725369930267334
HDS,26,"[(-100, 100)]",30,1000,100,F122017,324938.5219650094,17.847612857818604
HDS,26,"[(-100, 100)]",50,1000,100,F122017,32369646.43598281,18.473904132843018
Sobol,26,"[(-100, 100)]",100,1000,100,F12017,28915086630.449665,14.214968204498293
HDS,26,"[(-100, 100)]",100,1000,100,F122017,1156293638.305997,19.57259678840637
HDS,26,"[(-100, 100)]",10,1000,100,F132017,1395.8369743930734,18.08116912841797
HDS,26,"[(-100, 100)]",30,1000,100,F132017,312623.49074510124,20.155972242355347
Sobol,26,"[(-100, 100)]",10,1000,100,F122017,1488.130436623179,18.248759031295776
Sobol,26,"[(-100, 100)]",30,1000,100,F122017,2140487.7479493557,18.180255889892575
Sobol,26,"[(-100, 100)]",50,1000,100,F122017,53013830.47292596,18.561548948287964
Sobol,26,"[(-100, 100)]",100,1000,100,F122017,2370009463.863009,19.270363092422485
HDS,26,"[(-100, 100)]",50,1000,100,F132017,2695801.0138243893,21.71806526184082
Sobol,26,"[(-100, 100)]",10,1000,100,F132017,1356.1458472832692,18.33137989044189
HDS,26,"[(-100, 100)]",10,1000,100,F142017,1997.3386748093665,17.744920015335083
Sobol,26,"[(-100, 100)]",30,1000,100,F132017,180832.04121828976,19.25130009651184
HDS,26,"[(-100, 100)]",30,1000,100,F142017,492339.8322448936,17.796367168426514
HDS,26,"[(-100, 100)]",100,1000,100,F132017,25426507.43080965,24.748992919921875
HDS,26,"[(-100, 100)]",50,1000,100,F142017,65152026.78140891,17.955516815185547
Sobol,26,"[(-100, 100)]",50,1000,100,F132017,2247991.01441704,19.91957187652588
HDS,26,"[(-100, 100)]",100,1000,100,F142017,295678114.99746,19.27399182319641
Sobol,26,"[(-100, 100)]",10,1000,100,F142017,1651.358780494572,17.86023712158203
HDS,26,"[(-100, 100)]",10,1000,100,F152017,1339.6284745591431,19.359868049621586
Sobol,26,"[(-100, 100)]",30,1000,100,F142017,1607388.5726161622,18.22975826263428
Sobol,26,"[(-100, 100)]",50,1000,100,F142017,69360890.51446484,18.546326160430908
Sobol,26,"[(-100, 100)]",100,1000,100,F132017,18845568.733249214,23.954279899597168
Sobol,26,"[(-100, 100)]",100,1000,100,F142017,1930844022.3546672,19.23192286491394
HDS,26,"[(-100, 100)]",30,1000,100,F152017,3042.273456282246,31.31078600883484
Sobol,26,"[(-100, 100)]",10,1000,100,F152017,1347.908950054993,25.26382803916931
Sobol,25,"[(-100, 100)]",100,1000,100,F282017,41697738259.24271,250.39121270179749
HDS,26,"[(-100, 100)]",50,1000,100,F152017,21979.208617691187,36.64827227592468
HDS,26,"[(-100, 100)]",10,1000,100,F172017,,21.485164165496823
HDS,26,"[(-100, 100)]",10,1000,100,F162017,1854.966179421525,42.57390594482422
HDS,26,"[(-100, 100)]",100,1000,100,F152017,63814.9602097616,50.63097071647644
Sobol,26,"[(-100, 100)]",30,1000,100,F152017,1485.3169981967776,31.22059297561645
Sobol,26,"[(-100, 100)]",10,1000,100,F172017,,19.88333797454834
Sobol,26,"[(-100, 100)]",50,1000,100,F152017,3442.613187020418,35.7843279838562
HDS,26,"[(-100, 100)]",30,1000,100,F172017,106950.24924281996,19.43462610244751
HDS,26,"[(-100, 100)]",30,1000,100,F162017,192953.11821885352,77.74145913124084
HDS,26,"[(-100, 100)]",50,1000,100,F172017,743703.4684045159,20.62112689018249
Sobol,26,"[(-100, 100)]",10,1000,100,F162017,1862.0906005141485,41.26110005378723
HDS,26,"[(-100, 100)]",100,1000,100,F172017,11905867.192876965,20.992774963378903
Sobol,26,"[(-100, 100)]",30,1000,100,F172017,92889.1078687601,19.018102169036865
Sobol,26,"[(-100, 100)]",100,1000,100,F152017,733635.3537915831,48.38302111625672
Sobol,26,"[(-100, 100)]",50,1000,100,F172017,1317546.9455027103,20.138787031173703
HDS,26,"[(-100, 100)]",10,1000,100,F182017,1808.632914314464,20.511683225631717
Sobol,26,"[(-100, 100)]",100,1000,100,F172017,11288733.909951009,19.966541051864624
HDS,26,"[(-100, 100)]",50,1000,100,F162017,16638304.50180634,113.24668908119202
Sobol,26,"[(-100, 100)]",10,1000,100,F182017,1808.744811292416,19.79484796524048
HDS,26,"[(-100, 100)]",30,1000,100,F182017,395193.1903431393,43.71008014678955
HDS,26,"[(-100, 100)]",10,1000,100,F192017,1847.638710636125,40.47002196311951
HDS,26,"[(-100, 100)]",50,1000,100,F182017,5860582.8910177415,57.28538084030152
Sobol,26,"[(-100, 100)]",30,1000,100,F162017,177544.71405140823,75.2361569404602
Sobol,26,"[(-100, 100)]",30,1000,100,F182017,632348.86985212,43.24160790443421
Sobol,26,"[(-100, 100)]",10,1000,100,F192017,1836.3999394210389,41.72133803367615
HDS,26,"[(-100, 100)]",10,1000,100,F202017,2131.86961611916,7.265704870223999
HDS,26,"[(-100, 100)]",100,1000,100,F182017,180724718.96645185,95.80821084976196
HDS,26,"[(-100, 100)]",30,1000,100,F192017,2065.6431966362256,77.97331309318542
Sobol,26,"[(-100, 100)]",10,1000,100,F202017,2146.84810669462,9.255430936813354
Sobol,26,"[(-100, 100)]",50,1000,100,F182017,5544812.821775425,59.38053917884827
HDS,26,"[(-100, 100)]",100,1000,100,F162017,286144659308.9176,200.00146508216855
HDS,26,"[(-100, 100)]",30,1000,100,F202017,2574.829756963924,22.17820620536804
Sobol,26,"[(-100, 100)]",50,1000,100,F162017,25746633.51123753,112.3524730205536
HDS,26,"[(-100, 100)]",50,1000,100,F202017,6878.282632011121,23.03008794784546
Sobol,26,"[(-100, 100)]",30,1000,100,F202017,2428.315502367736,21.63276195526123
HDS,26,"[(-100, 100)]",10,1000,100,F212017,2214.5034243975592,2.6152689456939697
Sobol,26,"[(-100, 100)]",10,1000,100,F212017,2215.312349441881,2.37319016456604
HDS,26,"[(-100, 100)]",100,1000,100,F202017,29542.27479694361,25.28813624382019
Sobol,26,"[(-100, 100)]",50,1000,100,F202017,4099.658006736276,23.1535279750824
HDS,26,"[(-100, 100)]",50,1000,100,F192017,3086.6276086580474,114.79751086235046
Sobol,26,"[(-100, 100)]",30,1000,100,F192017,2996.9740187883144,77.27662086486816
HDS,26,"[(-100, 100)]",30,1000,100,F212017,2290.9493261928747,27.096689224243164
Sobol,26,"[(-100, 100)]",100,1000,100,F202017,38017.61331839068,24.133166074752808
HDS,26,"[(-100, 100)]",50,1000,100,F212017,2525.5397070369704,28.048110961914062
Sobol,26,"[(-100, 100)]",100,1000,100,F182017,1441754398.931785,94.81112217903136
HDS,26,"[(-100, 100)]",10,1000,100,F22017,200.16564464149923,12.81687593460083
Sobol,26,"[(-100, 100)]",30,1000,100,F212017,2285.007546222749,26.0593740940094
Sobol,26,"[(-100, 100)]",10,1000,100,F22017,200.55859729450708,13.64801812171936
HDS,26,"[(-100, 100)]",30,1000,100,F22017,18964.31790374448,14.248340129852297
HDS,26,"[(-100, 100)]",100,1000,100,F212017,3934.165360704505,29.901808261871334
Sobol,26,"[(-100, 100)]",50,1000,100,F212017,2528.646736733657,27.28991985321045
HDS,26,"[(-100, 100)]",50,1000,100,F22017,75502.49171946004,15.30824089050293
Sobol,26,"[(-100, 100)]",30,1000,100,F22017,22839.9060019887,14.751105785369871
HDS,26,"[(-100, 100)]",10,1000,100,F222017,2351.296558613598,11.425060033798218
HDS,26,"[(-100, 100)]",100,1000,100,F22017,288472.1315817967,16.331665992736816
Sobol,26,"[(-100, 100)]",10,1000,100,F222017,2366.51088675558,10.43661904335022
Sobol,26,"[(-100, 100)]",50,1000,100,F22017,91003.41984250575,14.210389852523804
Sobol,26,"[(-100, 100)]",100,1000,100,F22017,281970.3325305082,14.65542221069336
Sobol,26,"[(-100, 100)]",100,1000,100,F212017,3693.861711928723,29.489662885665894
HDS,26,"[(-100, 100)]",10,1000,100,F232017,2671.740407929444,8.057518005371094
HDS,26,"[(-100, 100)]",30,1000,100,F222017,3304.301192330614,30.358452081680294
Sobol,26,"[(-100, 100)]",10,1000,100,F232017,2541.671358094918,9.113168716430664
HDS,26,"[(-100, 100)]",30,1000,100,F232017,3022.6185932606577,24.7580840587616
HDS,26,"[(-100, 100)]",50,1000,100,F222017,8481.73918704817,30.83539891242981
HDS,26,"[(-100, 100)]",100,1000,100,F222017,36710.39689720538,33.404541015625
HDS,26,"[(-100, 100)]",100,1000,100,F192017,4410.729307525734,205.2242329120636
HDS,26,"[(-100, 100)]",50,1000,100,F232017,8271.047001065948,25.801218032836918
Sobol,26,"[(-100, 100)]",30,1000,100,F222017,2903.1315067437818,29.85482907295227
Sobol,26,"[(-100, 100)]",50,1000,100,F192017,2357.912668099984,115.20553302764893
Sobol,26,"[(-100, 100)]",30,1000,100,F232017,2836.0573058608925,24.614854097366333
Sobol,26,"[(-100, 100)]",50,1000,100,F222017,11252.830224445675,29.617570877075195
HDS,26,"[(-100, 100)]",10,1000,100,F242017,2885.886572613077,9.70506191253662
Sobol,26,"[(-100, 100)]",100,1000,100,F222017,34958.15047468363,32.07540583610535
Sobol,26,"[(-100, 100)]",50,1000,100,F232017,6896.973321702901,25.322202920913696
Sobol,26,"[(-100, 100)]",10,1000,100,F242017,2883.7389649960046,9.246230840682983
HDS,26,"[(-100, 100)]",100,1000,100,F232017,39602.32887551934,27.91520619392395
HDS,26,"[(-100, 100)]",30,1000,100,F242017,2860.0554128318586,26.37249207496643
Sobol,26,"[(-100, 100)]",100,1000,100,F162017,942093003159.6996,201.27982306480408
HDS,26,"[(-100, 100)]",50,1000,100,F242017,4117.001401615243,28.47756814956665
HDS,26,"[(-100, 100)]",10,1000,100,F252017,2503.411034381085,17.69716787338257
HDS,26,"[(-100, 100)]",100,1000,100,F242017,6749.573321703842,30.568801641464237
Sobol,26,"[(-100, 100)]",100,1000,100,F232017,49278.35028987784,27.36203098297119
Sobol,26,"[(-100, 100)]",30,1000,100,F242017,2866.073991836957,22.535128831863403
Sobol,26,"[(-100, 100)]",10,1000,100,F252017,2981.627338188013,14.270375967025757
Sobol,26,"[(-100, 100)]",50,1000,100,F242017,4267.770337306453,28.64737892150879
Sobol,26,"[(-100, 100)]",100,1000,100,F242017,7330.5016304839555,29.443798065185547
HDS,26,"[(-100, 100)]",30,1000,100,F252017,3430.50040343733,73.75314474105835
HDS,26,"[(-100, 100)]",10,1000,100,F262017,2729.742847731865,47.78568482398987
Sobol,26,"[(-100, 100)]",10,1000,100,F262017,2992.779208567625,11.748431205749512
HDS,26,"[(-100, 100)]",10,1000,100,F272017,2846.0810612434984,9.21279501914978
HDS,26,"[(-100, 100)]",30,1000,100,F262017,3248.488477490981,74.02078700065613
Sobol,26,"[(-100, 100)]",10,1000,100,F272017,2806.8645919864352,8.785601139068604
HDS,26,"[(-100, 100)]",50,1000,100,F252017,4800.48282028844,98.68992900848389
HDS,26,"[(-100, 100)]",50,1000,100,F262017,3937.362562133213,100.94782996177672
Sobol,26,"[(-100, 100)]",30,1000,100,F252017,3443.7325790836944,73.15857410430908
HDS,26,"[(-100, 100)]",30,1000,100,F272017,2909.7978164865576,57.14914107322693
Sobol,26,"[(-100, 100)]",100,1000,100,F192017,4230.6070218689065,203.5515899658203
Sobol,26,"[(-100, 100)]",30,1000,100,F262017,3263.5002869788923,74.29929709434509
HDS,26,"[(-100, 100)]",100,1000,100,F252017,24340.92238438707,166.10703706741333
Sobol,26,"[(-100, 100)]",50,1000,100,F252017,5522.760648572208,97.38921809196472
Sobol,26,"[(-100, 100)]",30,1000,100,F272017,3201.3183695333614,45.95889616012573
HDS,26,"[(-100, 100)]",100,1000,100,F262017,5072.65182483983,167.73205089569092
HDS,26,"[(-100, 100)]",50,1000,100,F272017,3349.4346858939875,96.08743119239809
HDS,26,"[(-100, 100)]",10,1000,100,F282017,4268.563722496217,64.38835096359253
Sobol,26,"[(-100, 100)]",50,1000,100,F262017,3800.697576118781,100.39692282676695
Sobol,26,"[(-100, 100)]",10,1000,100,F282017,4344.300690131064,62.38448691368103
HDS,26,"[(-100, 100)]",30,1000,100,F282017,7272224.237369235,105.50633597373962
HDS,26,"[(-100, 100)]",100,1000,100,F272017,4764.004146784535,161.3198118209839
Sobol,26,"[(-100, 100)]",50,1000,100,F272017,3241.672964036412,94.8310091495514
HDS,26,"[(-100, 100)]",10,1000,100,F292017,,46.37263798713684
HDS,26,"[(-100, 100)]",50,1000,100,F282017,602492645.5423977,147.3172731399536
Sobol,26,"[(-100, 100)]",100,1000,100,F252017,20200.64462671822,164.24668383598328
Sobol,26,"[(-100, 100)]",100,1000,100,F262017,4984.214352770252,167.5847110748291
Sobol,26,"[(-100, 100)]",10,1000,100,F292017,,45.9429349899292
HDS,26,"[(-100, 100)]",30,1000,100,F292017,22540969.13281717,61.69839096069336
HDS,26,"[(-100, 100)]",10,1000,100,F32017,307.513369192446,6.352585077285767
Sobol,26,"[(-100, 100)]",10,1000,100,F32017,309.4504277766717,5.171849966049194
Sobol,26,"[(-100, 100)]",30,1000,100,F282017,95874747.31017108,106.39255690574646
HDS,26,"[(-100, 100)]",30,1000,100,F32017,368.33638494193127,15.191805839538574
HDS,26,"[(-100, 100)]",50,1000,100,F32017,1469.6849719857787,16.850908994674683
HDS,26,"[(-100, 100)]",50,1000,100,F292017,1310299589.2451084,79.06787824630737
Sobol,26,"[(-100, 100)]",30,1000,100,F32017,355.5606632036155,16.40229296684265
Sobol,26,"[(-100, 100)]",50,1000,100,F32017,1055.0311529258863,15.35991907119751
HDS,26,"[(-100, 100)]",100,1000,100,F32017,4019.058681932013,16.367997884750366
Sobol,26,"[(-100, 100)]",30,1000,100,F292017,24837807.06174566,61.48537993431091
HDS,26,"[(-100, 100)]",10,1000,100,F42017,435.49878217240325,13.860456943511965
Sobol,26,"[(-100, 100)]",100,1000,100,F32017,8254.31484518517,15.52803087234497
HDS,26,"[(-100, 100)]",30,1000,100,F42017,740.1093079167765,15.01192307472229
Sobol,26,"[(-100, 100)]",10,1000,100,F42017,435.2366782324401,14.365380764007568
HDS,26,"[(-100, 100)]",50,1000,100,F42017,1493.8519347684294,15.679452180862429
Sobol,26,"[(-100, 100)]",30,1000,100,F42017,746.5556226625961,14.94248914718628
HDS,26,"[(-100, 100)]",10,1000,100,F52017,500.00635282883945,0.4099471569061279
Sobol,26,"[(-100, 100)]",10,1000,100,F52017,500.0011564900191,0.1890418529510498
HDS,26,"[(-100, 100)]",30,1000,100,F52017,500.0378466122543,0.6551930904388428
Sobol,26,"[(-100, 100)]",30,1000,100,F52017,500.0559508466952,0.355604887008667
HDS,26,"[(-100, 100)]",50,1000,100,F52017,500.0677031459223,0.8541128635406494
Sobol,26,"[(-100, 100)]",50,1000,100,F52017,500.0724535526634,0.4034962654113769
HDS,26,"[(-100, 100)]",100,1000,100,F52017,500.09523295196215,1.9122140407562256
Sobol,26,"[(-100, 100)]",100,1000,100,F52017,500.1306499691489,0.6853418350219727
HDS,26,"[(-100, 100)]",100,1000,100,F42017,53901.01752314861,17.249202966690063
Sobol,26,"[(-100, 100)]",100,1000,100,F272017,4331.370979211357,164.21332907676697
HDS,26,"[(-100, 100)]",100,1000,100,F282017,12323257936.990765,256.6227629184723
Sobol,26,"[(-100, 100)]",50,1000,100,F42017,3100.032145713616,15.20985507965088
HDS,26,"[(-100, 100)]",100,1000,100,F292017,6104088437.238615,117.46581196784972
Sobol,26,"[(-100, 100)]",50,1000,100,F282017,309311526.54884243,149.36782002449036
HDS,26,"[(-100, 100)]",10,1000,100,F62017,643.2928038671214,16.654255151748657
Sobol,26,"[(-100, 100)]",100,1000,100,F42017,35241.648653895114,15.090485095977783
Sobol,26,"[(-100, 100)]",50,1000,100,F292017,2696972972.1349106,77.22483706474304
HDS,26,"[(-100, 100)]",30,1000,100,F62017,1265.564934051453,17.254076957702637
HDS,26,"[(-100, 100)]",50,1000,100,F62017,50830.84004906041,16.912981033325195
HDS,26,"[(-100, 100)]",100,1000,100,F62017,1113579.7824278427,18.22187209129333
Sobol,26,"[(-100, 100)]",10,1000,100,F62017,633.1651878671787,15.8731210231781
HDS,26,"[(-100, 100)]",10,1000,100,F72017,723.3952302032247,19.876861095428467
Sobol,26,"[(-100, 100)]",30,1000,100,F62017,1975.184428225407,16.43434977531433
HDS,26,"[(-100, 100)]",30,1000,100,F72017,1104.561623799255,20.212755918502808
Sobol,26,"[(-100, 100)]",50,1000,100,F62017,54510.073215879136,16.163499116897583
HDS,26,"[(-100, 100)]",10,1000,100,F82017,801.3835778324845,0.8851537704467773
Sobol,26,"[(-100, 100)]",10,1000,100,F82017,801.106585921383,0.6781530380249023
HDS,26,"[(-100, 100)]",30,1000,100,F82017,808.6890914738028,3.262216091156006
Sobol,26,"[(-100, 100)]",100,1000,100,F62017,914408.576873989,16.70796298980713
Sobol,26,"[(-100, 100)]",30,1000,100,F82017,809.2183365543997,4.371673107147217
HDS,26,"[(-100, 100)]",50,1000,100,F72017,1659.9817700893714,20.561912059783936
Sobol,26,"[(-100, 100)]",10,1000,100,F72017,726.4148369263971,19.434096097946167
HDS,26,"[(-100, 100)]",50,1000,100,F82017,813.6780982038898,11.471841096878052
HDS,26,"[(-100, 100)]",100,1000,100,F72017,3073.82256896881,21.886038064956665
Sobol,26,"[(-100, 100)]",30,1000,100,F72017,1161.3627377523137,19.67306613922119
HDS,26,"[(-100, 100)]",100,1000,100,F82017,927.8967528642978,18.083386182785038
Sobol,26,"[(-100, 100)]",50,1000,100,F82017,817.0879703517671,11.76726007461548
Sobol,26,"[(-100, 100)]",50,1000,100,F72017,1561.411379506235,20.17098188400269
HDS,26,"[(-100, 100)]",10,1000,100,F92017,-665.3734755564265,18.949522972106934
Sobol,26,"[(-100, 100)]",100,1000,100,F72017,3306.335714649916,20.22253680229187
HDS,26,"[(-100, 100)]",30,1000,100,F92017,1835.7898268360527,19.735835075378414
Sobol,26,"[(-100, 100)]",100,1000,100,F82017,916.8601477829882,16.863456964492798
HDS,26,"[(-100, 100)]",50,1000,100,F92017,9573.182764485671,19.99238395690918
HDS,26,"[(-100, 100)]",100,1000,100,F92017,22765.692830998007,21.963494777679443
Sobol,26,"[(-100, 100)]",10,1000,100,F92017,-1030.3353467812667,18.74993467330933
HDS,27,"[(-100, 100)]",10,1000,100,F102017,1026.9986443687762,16.925955057144165
Sobol,26,"[(-100, 100)]",30,1000,100,F92017,3711.675568754457,19.45971727371216
HDS,27,"[(-100, 100)]",30,1000,100,F102017,131675.49977005844,17.062049865722656
Sobol,26,"[(-100, 100)]",50,1000,100,F92017,9624.480440985672,19.605550050735477
HDS,27,"[(-100, 100)]",50,1000,100,F102017,235440.1324006729,17.21004605293274
Sobol,27,"[(-100, 100)]",10,1000,100,F102017,1033.0015104327715,16.446550846099854
Sobol,26,"[(-100, 100)]",100,1000,100,F92017,21066.58504786557,20.79054880142212
HDS,27,"[(-100, 100)]",100,1000,100,F102017,1273680.2175215546,19.20236277580261
Sobol,27,"[(-100, 100)]",30,1000,100,F102017,96572.12774108208,17.559659004211426
Sobol,26,"[(-100, 100)]",100,1000,100,F292017,5796125227.735632,112.159029006958
Sobol,27,"[(-100, 100)]",50,1000,100,F102017,275867.6395066866,17.45158076286316
HDS,27,"[(-100, 100)]",10,1000,100,F112017,81433.0417801296,21.00118899345398
HDS,27,"[(-100, 100)]",30,1000,100,F112017,33092426.038751803,21.629672288894653
HDS,27,"[(-100, 100)]",10,1000,100,F12017,24309.138181368508,13.383187055587769
Sobol,27,"[(-100, 100)]",100,1000,100,F102017,1053818.8652920532,17.6321120262146
HDS,27,"[(-100, 100)]",50,1000,100,F112017,287209393.93846613,21.970727920532227
HDS,27,"[(-100, 100)]",30,1000,100,F12017,27239781.973297752,13.54668378829956
HDS,27,"[(-100, 100)]",100,1000,100,F112017,4907228907.875981,23.31853127479553
Sobol,27,"[(-100, 100)]",10,1000,100,F12017,24350.48791733536,13.498425006866457
HDS,27,"[(-100, 100)]",50,1000,100,F12017,1318326666.2944856,14.254791021347046
Sobol,27,"[(-100, 100)]",10,1000,100,F112017,292999.83217390656,21.058421850204468
Sobol,27,"[(-100, 100)]",30,1000,100,F112017,38419170.74213103,21.232764959335327
Sobol,27,"[(-100, 100)]",30,1000,100,F12017,22072949.441549413,13.75734806060791
Sobol,27,"[(-100, 100)]",50,1000,100,F112017,235258737.3549428,21.287005186080933
Sobol,27,"[(-100, 100)]",50,1000,100,F12017,2270780318.7992487,13.485033988952637
HDS,27,"[(-100, 100)]",100,1000,100,F12017,17642987116.282505,15.48070216178894
Sobol,27,"[(-100, 100)]",100,1000,100,F112017,1981714696.579316,22.56627988815308
HDS,27,"[(-100, 100)]",10,1000,100,F122017,1315.2767193024467,17.880173921585083
HDS,27,"[(-100, 100)]",30,1000,100,F122017,166692.68083287633,17.806591272354126
HDS,27,"[(-100, 100)]",50,1000,100,F122017,32852131.26953688,17.928672075271606
HDS,27,"[(-100, 100)]",100,1000,100,F122017,5911193036.865687,19.520609855651852
Sobol,27,"[(-100, 100)]",100,1000,100,F12017,39141379155.46873,13.451151847839355
HDS,27,"[(-100, 100)]",10,1000,100,F132017,1390.0346595136812,18.36055302619934
HDS,27,"[(-100, 100)]",30,1000,100,F132017,197493.19974661127,20.63821506500244
Sobol,27,"[(-100, 100)]",10,1000,100,F122017,1337.5230802671915,18.66181898117065
Sobol,27,"[(-100, 100)]",30,1000,100,F122017,3116839.556453049,19.19003391265869
Sobol,27,"[(-100, 100)]",50,1000,100,F122017,151952962.10031348,19.239985942840576
Sobol,27,"[(-100, 100)]",100,1000,100,F122017,4810010804.073231,19.6871349811554
HDS,27,"[(-100, 100)]",50,1000,100,F132017,2474660.6143752025,21.808021306991577
Sobol,27,"[(-100, 100)]",10,1000,100,F132017,1367.6326372619765,18.679903030395508
Sobol,27,"[(-100, 100)]",30,1000,100,F132017,283730.6327402354,19.262789726257324
HDS,27,"[(-100, 100)]",10,1000,100,F142017,1712.477233660316,18.021569967269897
HDS,27,"[(-100, 100)]",30,1000,100,F142017,820421.5851309587,18.206857919692997
HDS,27,"[(-100, 100)]",100,1000,100,F132017,47092213.03191141,25.23422598838806
HDS,27,"[(-100, 100)]",50,1000,100,F142017,7292157.627281327,19.970144033432007
Sobol,27,"[(-100, 100)]",50,1000,100,F132017,4449836.627074862,21.145244359970093
HDS,27,"[(-100, 100)]",100,1000,100,F142017,694062720.444279,20.827439069747925
HDS,27,"[(-100, 100)]",10,1000,100,F152017,1337.7682505792282,22.73472309112549
Sobol,27,"[(-100, 100)]",10,1000,100,F142017,1710.902621173434,18.624814987182617
Sobol,27,"[(-100, 100)]",30,1000,100,F142017,2038092.3186924127,18.531441926956177
Sobol,27,"[(-100, 100)]",50,1000,100,F142017,5635082.733375304,19.044431924819943
Sobol,27,"[(-100, 100)]",100,1000,100,F132017,37767826.4955661,24.068846702575684
Sobol,27,"[(-100, 100)]",100,1000,100,F142017,518253337.5115081,18.522782802581787
HDS,27,"[(-100, 100)]",30,1000,100,F152017,2599.033986912173,30.669358015060425
Sobol,27,"[(-100, 100)]",10,1000,100,F152017,1339.5704594551653,25.394248962402344
Sobol,26,"[(-100, 100)]",100,1000,100,F282017,12023666020.955116,250.20503878593445
HDS,27,"[(-100, 100)]",50,1000,100,F152017,18891.69427115267,36.40054988861084
HDS,27,"[(-100, 100)]",10,1000,100,F172017,,19.734237909317017
HDS,27,"[(-100, 100)]",10,1000,100,F162017,1473.4717836036743,43.24880480766296
HDS,27,"[(-100, 100)]",100,1000,100,F152017,998135.6380087308,50.15262985229492
Sobol,27,"[(-100, 100)]",30,1000,100,F152017,6044.840195442219,30.345198154449463
Sobol,27,"[(-100, 100)]",10,1000,100,F172017,,20.361505031585693
HDS,27,"[(-100, 100)]",30,1000,100,F172017,142202.05175206414,19.906816959381104
Sobol,27,"[(-100, 100)]",50,1000,100,F152017,11241.287138837964,36.400046825408936
HDS,27,"[(-100, 100)]",30,1000,100,F162017,56162.77314629889,77.53271412849426
HDS,27,"[(-100, 100)]",50,1000,100,F172017,897055.7636231084,20.055014848709103
Sobol,27,"[(-100, 100)]",30,1000,100,F172017,127149.35367577124,19.01744699478149
Sobol,27,"[(-100, 100)]",10,1000,100,F162017,1510.0508670274091,42.73138689994812
HDS,27,"[(-100, 100)]",100,1000,100,F172017,11072900.760198588,21.065505027771
Sobol,27,"[(-100, 100)]",100,1000,100,F152017,129636.47842152845,48.69987273216248
Sobol,27,"[(-100, 100)]",50,1000,100,F172017,1662273.0601503914,19.16767883300781
HDS,27,"[(-100, 100)]",10,1000,100,F182017,1809.685071781133,18.597664833068848
Sobol,27,"[(-100, 100)]",100,1000,100,F172017,15742246.139155654,19.768206119537357
HDS,27,"[(-100, 100)]",50,1000,100,F162017,638472932.2923344,113.3482151031494
Sobol,27,"[(-100, 100)]",10,1000,100,F182017,1810.242055074671,17.1374249458313
HDS,27,"[(-100, 100)]",30,1000,100,F182017,716472.5453093535,43.725399017333984
HDS,27,"[(-100, 100)]",10,1000,100,F192017,1942.2368595284497,40.63520503044128
HDS,27,"[(-100, 100)]",50,1000,100,F182017,2273455.3113006777,57.82969498634338
Sobol,27,"[(-100, 100)]",30,1000,100,F162017,566508.4816172437,76.22986102104187
Sobol,27,"[(-100, 100)]",30,1000,100,F182017,150670.76908533025,44.44680595397949
Sobol,27,"[(-100, 100)]",10,1000,100,F192017,1832.3471389062795,41.8811399936676
HDS,27,"[(-100, 100)]",100,1000,100,F182017,580121381.6398948,96.05461716651917
HDS,27,"[(-100, 100)]",30,1000,100,F192017,2674.8866492990064,76.30706596374512
HDS,27,"[(-100, 100)]",10,1000,100,F202017,2132.3755831713825,8.159026861190796
Sobol,27,"[(-100, 100)]",10,1000,100,F202017,2129.0047794341363,7.680162191390991
Sobol,27,"[(-100, 100)]",50,1000,100,F182017,8401946.779167606,58.72467589378357
HDS,27,"[(-100, 100)]",100,1000,100,F162017,26863874696.991837,202.14116978645325
HDS,27,"[(-100, 100)]",30,1000,100,F202017,2322.307749794185,23.24813199043274
Sobol,27,"[(-100, 100)]",50,1000,100,F162017,52904596.87128655,112.81919407844543
HDS,27,"[(-100, 100)]",50,1000,100,F202017,3504.7807467961798,23.64494299888611
Sobol,27,"[(-100, 100)]",30,1000,100,F202017,2312.829101467524,21.728995084762573
HDS,27,"[(-100, 100)]",10,1000,100,F212017,2215.167031668516,2.829264879226685
Sobol,27,"[(-100, 100)]",50,1000,100,F202017,3859.849872465242,22.466758012771606
Sobol,27,"[(-100, 100)]",10,1000,100,F212017,2217.329091393188,2.6217358112335205
HDS,27,"[(-100, 100)]",100,1000,100,F202017,54338.92278845536,25.88496494293213
HDS,27,"[(-100, 100)]",50,1000,100,F192017,2941.5196363780838,114.07901692390442
Sobol,27,"[(-100, 100)]",30,1000,100,F192017,3157.049915215015,77.00728297233582
Sobol,27,"[(-100, 100)]",100,1000,100,F202017,53867.1324297699,24.654186248779297
HDS,27,"[(-100, 100)]",30,1000,100,F212017,2320.6795417585213,27.50507092475891
HDS,27,"[(-100, 100)]",50,1000,100,F212017,2462.030351863993,27.810391902923584
Sobol,27,"[(-100, 100)]",100,1000,100,F182017,1013842272.0270922,95.06146574020386
HDS,27,"[(-100, 100)]",10,1000,100,F22017,200.59405188352335,15.342971801757812
HDS,27,"[(-100, 100)]",30,1000,100,F22017,15707.948700111448,14.075851917266846
HDS,27,"[(-100, 100)]",100,1000,100,F212017,3039.1520043086907,29.86912322044373
Sobol,27,"[(-100, 100)]",10,1000,100,F22017,200.33774555541535,14.578244686126707
Sobol,27,"[(-100, 100)]",30,1000,100,F212017,2330.886373546574,28.409194946289062
Sobol,27,"[(-100, 100)]",50,1000,100,F212017,2542.913803852148,28.89269208908081
Sobol,27,"[(-100, 100)]",30,1000,100,F22017,21806.446147021332,14.618794918060305
HDS,27,"[(-100, 100)]",10,1000,100,F222017,2364.1067394175707,10.9232177734375
HDS,27,"[(-100, 100)]",50,1000,100,F22017,64879.82347564228,14.624244928359984
HDS,27,"[(-100, 100)]",100,1000,100,F22017,278772.19097430626,15.913471937179564
Sobol,27,"[(-100, 100)]",10,1000,100,F222017,2440.7315409369503,9.504437923431396
Sobol,27,"[(-100, 100)]",100,1000,100,F212017,3346.023551565323,29.59434700012207
Sobol,27,"[(-100, 100)]",50,1000,100,F22017,66029.28356996723,14.230749130249023
Sobol,27,"[(-100, 100)]",100,1000,100,F22017,295103.89724486804,14.621713876724243
HDS,27,"[(-100, 100)]",30,1000,100,F222017,3158.307393040935,29.366836071014404
HDS,27,"[(-100, 100)]",10,1000,100,F232017,2543.7869396185883,10.05498504638672
Sobol,27,"[(-100, 100)]",10,1000,100,F232017,2535.5635383994354,10.02784776687622
HDS,27,"[(-100, 100)]",50,1000,100,F222017,10693.365484133625,29.860048294067383
HDS,27,"[(-100, 100)]",30,1000,100,F232017,2854.629831291525,24.431610107421875
HDS,27,"[(-100, 100)]",100,1000,100,F222017,29625.85474229332,33.32424283027649
Sobol,27,"[(-100, 100)]",30,1000,100,F222017,3834.093100349994,29.28348731994629
HDS,27,"[(-100, 100)]",100,1000,100,F192017,4936.400082044724,205.23242211341855
Sobol,27,"[(-100, 100)]",50,1000,100,F192017,2353.6531951609213,114.0301079750061
HDS,27,"[(-100, 100)]",50,1000,100,F232017,7410.588520906396,25.99529600143433
Sobol,27,"[(-100, 100)]",30,1000,100,F232017,2865.2454383701497,24.894535064697266
Sobol,27,"[(-100, 100)]",50,1000,100,F222017,7750.736769507902,30.139952898025516
HDS,27,"[(-100, 100)]",10,1000,100,F242017,2887.48920018395,13.45848512649536
Sobol,27,"[(-100, 100)]",100,1000,100,F222017,25250.305721015386,32.85911297798157
HDS,27,"[(-100, 100)]",100,1000,100,F232017,35363.399712054226,28.583415985107425
Sobol,27,"[(-100, 100)]",10,1000,100,F242017,2891.341565910225,10.155741930007936
Sobol,27,"[(-100, 100)]",50,1000,100,F232017,7025.249845661439,26.10486602783203
HDS,27,"[(-100, 100)]",30,1000,100,F242017,2868.493493210236,27.30277132987976
HDS,27,"[(-100, 100)]",50,1000,100,F242017,4049.097148788438,27.55423474311829
HDS,27,"[(-100, 100)]",10,1000,100,F252017,2970.5782638458377,15.395880937576294
Sobol,27,"[(-100, 100)]",100,1000,100,F162017,7663749850.69461,202.6437010765076
HDS,27,"[(-100, 100)]",100,1000,100,F242017,6548.136718949259,30.06996297836304
Sobol,27,"[(-100, 100)]",100,1000,100,F232017,51634.47173042414,26.695040225982662
Sobol,27,"[(-100, 100)]",10,1000,100,F252017,2973.5372664777,11.099262237548828
Sobol,27,"[(-100, 100)]",30,1000,100,F242017,2869.489507404241,25.16915488243103
Sobol,27,"[(-100, 100)]",50,1000,100,F242017,4624.551078364419,27.000272035598755
HDS,27,"[(-100, 100)]",10,1000,100,F262017,3006.5801713157475,15.84923219680786
Sobol,27,"[(-100, 100)]",100,1000,100,F242017,7567.635332005634,28.41132497787476
HDS,27,"[(-100, 100)]",30,1000,100,F252017,3439.973828999163,70.94818782806396
Sobol,27,"[(-100, 100)]",10,1000,100,F262017,2488.46370577396,47.47888708114624
HDS,27,"[(-100, 100)]",10,1000,100,F272017,2819.7630976533083,10.247558116912842
Sobol,27,"[(-100, 100)]",10,1000,100,F272017,2839.826915866145,8.6957368850708
HDS,27,"[(-100, 100)]",30,1000,100,F262017,3252.513211039813,73.90166139602661
HDS,27,"[(-100, 100)]",50,1000,100,F252017,4767.339106763936,98.72350597381592
HDS,27,"[(-100, 100)]",50,1000,100,F262017,3622.605782103397,99.69667506217957
Sobol,27,"[(-100, 100)]",30,1000,100,F252017,3427.1310013800617,72.90398907661438
HDS,27,"[(-100, 100)]",30,1000,100,F272017,2896.916032825316,68.65092492103577
Sobol,27,"[(-100, 100)]",100,1000,100,F192017,5879.383769132858,204.27032709121704
Sobol,27,"[(-100, 100)]",30,1000,100,F262017,3189.069321292184,72.51766109466553
HDS,27,"[(-100, 100)]",100,1000,100,F252017,19026.752945981367,163.91876602172852
Sobol,27,"[(-100, 100)]",50,1000,100,F252017,4784.458899754547,97.01662373542786
Sobol,27,"[(-100, 100)]",30,1000,100,F272017,2894.6502146108755,39.9707670211792
HDS,27,"[(-100, 100)]",100,1000,100,F262017,4857.789563496021,166.5640790462494
Sobol,27,"[(-100, 100)]",50,1000,100,F262017,3720.819372668975,99.805517911911
HDS,27,"[(-100, 100)]",50,1000,100,F272017,3305.19912050969,94.60250210762024
HDS,27,"[(-100, 100)]",10,1000,100,F282017,4242.146641609567,63.859435081481934
Sobol,27,"[(-100, 100)]",10,1000,100,F282017,4219.962094001007,64.20992708206177
HDS,27,"[(-100, 100)]",30,1000,100,F282017,18386000.029561773,107.80510807037354
Sobol,27,"[(-100, 100)]",50,1000,100,F272017,3063.334135136437,95.26907801628111
HDS,27,"[(-100, 100)]",100,1000,100,F272017,4190.583462875878,161.91298723220825
Sobol,27,"[(-100, 100)]",100,1000,100,F252017,15851.12071244061,164.15159678459167
HDS,27,"[(-100, 100)]",10,1000,100,F292017,,45.360466957092285
HDS,27,"[(-100, 100)]",50,1000,100,F282017,601143335.8985056,146.83029294013977
Sobol,27,"[(-100, 100)]",100,1000,100,F262017,5232.507087311904,167.39529490470886
HDS,27,"[(-100, 100)]",30,1000,100,F292017,13256307.27355253,60.08447265625
Sobol,27,"[(-100, 100)]",10,1000,100,F292017,,45.00875806808472
HDS,27,"[(-100, 100)]",10,1000,100,F32017,308.90664914002684,5.684639930725098
Sobol,27,"[(-100, 100)]",10,1000,100,F32017,302.9404412108986,8.644223928451538
Sobol,27,"[(-100, 100)]",30,1000,100,F282017,54950670.40727992,105.57302498817444
HDS,27,"[(-100, 100)]",50,1000,100,F292017,1511600526.046481,77.2704062461853
HDS,27,"[(-100, 100)]",30,1000,100,F32017,371.9082836364407,15.10194706916809
HDS,27,"[(-100, 100)]",50,1000,100,F32017,834.8595423597768,15.490828037261965
Sobol,27,"[(-100, 100)]",30,1000,100,F32017,391.7080316432608,14.664888143539429
Sobol,27,"[(-100, 100)]",50,1000,100,F32017,848.188259892307,14.76587700843811
Sobol,27,"[(-100, 100)]",30,1000,100,F292017,39129475.89964216,59.59527611732483
HDS,27,"[(-100, 100)]",100,1000,100,F32017,4962.642800793429,16.481000900268555
HDS,27,"[(-100, 100)]",10,1000,100,F42017,425.26730012375407,14.286818981170654
HDS,27,"[(-100, 100)]",30,1000,100,F42017,691.4092761730794,14.645414113998411
Sobol,27,"[(-100, 100)]",100,1000,100,F32017,11035.105118358122,14.894126176834106
Sobol,27,"[(-100, 100)]",10,1000,100,F42017,424.3584330273162,14.534632921218872
Sobol,27,"[(-100, 100)]",30,1000,100,F42017,743.7973639639862,14.456295013427734
HDS,27,"[(-100, 100)]",10,1000,100,F52017,500.0040000679021,0.3732941150665283
Sobol,27,"[(-100, 100)]",10,1000,100,F52017,500.0060531831815,0.1849961280822754
HDS,27,"[(-100, 100)]",30,1000,100,F52017,500.044102191599,0.6119191646575928
Sobol,27,"[(-100, 100)]",30,1000,100,F52017,500.0667114424508,0.2829210758209228
HDS,27,"[(-100, 100)]",50,1000,100,F52017,500.08115343377926,0.7969069480895996
Sobol,27,"[(-100, 100)]",50,1000,100,F52017,500.0917424088239,0.3879411220550537
HDS,27,"[(-100, 100)]",100,1000,100,F282017,1658080595.832433,250.42111110687256
HDS,27,"[(-100, 100)]",100,1000,100,F52017,500.0793945311985,2.003303050994873
HDS,27,"[(-100, 100)]",50,1000,100,F42017,1999.4600491757071,15.361120223999023
Sobol,27,"[(-100, 100)]",100,1000,100,F52017,500.13890914485023,0.6738898754119873
Sobol,27,"[(-100, 100)]",100,1000,100,F272017,5511.876660589089,158.1298599243164
HDS,27,"[(-100, 100)]",100,1000,100,F292017,9645620724.543642,113.26003289222716
HDS,27,"[(-100, 100)]",100,1000,100,F42017,66828.577102926,16.4910569190979
Sobol,27,"[(-100, 100)]",50,1000,100,F292017,1138851673.641703,75.80719304084778
Sobol,27,"[(-100, 100)]",50,1000,100,F42017,2506.33979732249,14.27532196044922
Sobol,27,"[(-100, 100)]",50,1000,100,F282017,736560554.0047623,144.8651909828186
HDS,27,"[(-100, 100)]",10,1000,100,F62017,640.3399678873595,17.029749870300293
HDS,27,"[(-100, 100)]",30,1000,100,F62017,2358.840636199181,17.00956964492798
Sobol,27,"[(-100, 100)]",100,1000,100,F42017,58234.9686723257,15.552185773849487
HDS,27,"[(-100, 100)]",50,1000,100,F62017,46513.513444135686,17.3561429977417
HDS,27,"[(-100, 100)]",100,1000,100,F62017,1219666.9177580276,18.577704906463623
Sobol,27,"[(-100, 100)]",10,1000,100,F62017,652.2453610977191,16.852687120437622
HDS,27,"[(-100, 100)]",10,1000,100,F72017,726.0,20.99777889251709
Sobol,27,"[(-100, 100)]",30,1000,100,F62017,3321.002478696694,15.959272861480711
HDS,27,"[(-100, 100)]",30,1000,100,F72017,1158.3400005708163,19.98297691345215
Sobol,27,"[(-100, 100)]",50,1000,100,F62017,54464.13497880294,16.104300022125244
HDS,27,"[(-100, 100)]",10,1000,100,F82017,802.3489948639034,1.0307509899139404
Sobol,27,"[(-100, 100)]",10,1000,100,F82017,801.1566690261426,0.6551451683044434
Sobol,27,"[(-100, 100)]",100,1000,100,F62017,1058652.1962715455,16.8701651096344
HDS,27,"[(-100, 100)]",30,1000,100,F82017,812.17191706871,3.7161569595336914
HDS,27,"[(-100, 100)]",50,1000,100,F72017,1613.156398014486,20.33397078514099
Sobol,27,"[(-100, 100)]",10,1000,100,F72017,729.8466474023207,19.301058769226078
Sobol,27,"[(-100, 100)]",30,1000,100,F82017,810.1730376691014,4.057451009750366
HDS,27,"[(-100, 100)]",100,1000,100,F72017,3301.8068142116053,21.734421014785767
HDS,27,"[(-100, 100)]",50,1000,100,F82017,816.4957016325513,11.907752990722656
Sobol,27,"[(-100, 100)]",30,1000,100,F72017,1053.444902326431,19.732963800430294
Sobol,27,"[(-100, 100)]",50,1000,100,F82017,817.1500507429525,9.932726621627808
HDS,27,"[(-100, 100)]",100,1000,100,F82017,907.3347538948289,18.12985396385193
Sobol,27,"[(-100, 100)]",50,1000,100,F72017,1696.7786231456707,20.007048845291138
HDS,27,"[(-100, 100)]",10,1000,100,F92017,-867.1955201796545,19.36364316940308
Sobol,27,"[(-100, 100)]",100,1000,100,F72017,2833.0496386783475,20.77347207069397
HDS,27,"[(-100, 100)]",30,1000,100,F92017,3770.350945664178,20.374197959899902
Sobol,27,"[(-100, 100)]",100,1000,100,F82017,879.4259593941455,16.791765928268433
HDS,27,"[(-100, 100)]",50,1000,100,F92017,9574.749085481264,20.86647391319275
Sobol,27,"[(-100, 100)]",10,1000,100,F92017,-881.6498741937767,18.99862504005432
HDS,28,"[(-100, 100)]",10,1000,100,F102017,1026.965562621133,17.20271110534668
HDS,27,"[(-100, 100)]",100,1000,100,F92017,25018.830883749284,23.630242109298703
Sobol,27,"[(-100, 100)]",30,1000,100,F92017,2886.1964170472584,20.265130043029785
HDS,28,"[(-100, 100)]",30,1000,100,F102017,80338.87736678874,18.45786190032959
Sobol,27,"[(-100, 100)]",50,1000,100,F92017,8648.45389913039,21.191282033920288
HDS,28,"[(-100, 100)]",50,1000,100,F102017,307405.76811501547,18.882611989974976
Sobol,28,"[(-100, 100)]",10,1000,100,F102017,1026.755013959416,17.8138370513916
Sobol,27,"[(-100, 100)]",100,1000,100,F92017,24283.954441921484,22.51641798019409
Sobol,27,"[(-100, 100)]",100,1000,100,F292017,3422390987.688824,114.60379123687744
HDS,28,"[(-100, 100)]",100,1000,100,F102017,1411750.110359404,19.69500207901001
Sobol,28,"[(-100, 100)]",30,1000,100,F102017,57815.63909261144,17.143073081970215
Sobol,28,"[(-100, 100)]",50,1000,100,F102017,351249.8953235268,17.264492988586426
HDS,28,"[(-100, 100)]",10,1000,100,F112017,111118.73645205706,21.55747628211975
HDS,28,"[(-100, 100)]",30,1000,100,F112017,36155785.1373644,21.920369148254395
HDS,28,"[(-100, 100)]",10,1000,100,F12017,14416.726829360628,13.722621202468872
Sobol,28,"[(-100, 100)]",100,1000,100,F102017,1500140.681153634,17.721667766571045
HDS,28,"[(-100, 100)]",50,1000,100,F112017,232194203.77198663,22.6856701374054
HDS,28,"[(-100, 100)]",100,1000,100,F112017,2903602503.6704483,23.190070152282715
HDS,28,"[(-100, 100)]",30,1000,100,F12017,18802618.153184216,13.778105735778809
Sobol,28,"[(-100, 100)]",10,1000,100,F12017,13348.152636347091,13.46069598197937
HDS,28,"[(-100, 100)]",50,1000,100,F12017,384870830.8508262,14.21617579460144
Sobol,28,"[(-100, 100)]",10,1000,100,F112017,56949.24657682805,20.693015098571777
Sobol,28,"[(-100, 100)]",30,1000,100,F112017,11879819.178218154,21.119791984558105
Sobol,28,"[(-100, 100)]",30,1000,100,F12017,62807924.7063672,13.658734798431396
Sobol,28,"[(-100, 100)]",50,1000,100,F112017,187369130.30620748,22.007495880126957
Sobol,28,"[(-100, 100)]",100,1000,100,F112017,8844492961.499989,21.850276947021484
Sobol,28,"[(-100, 100)]",50,1000,100,F12017,1058122130.8128176,13.723906993865969
HDS,28,"[(-100, 100)]",100,1000,100,F12017,32929828741.66395,15.20971393585205
HDS,28,"[(-100, 100)]",10,1000,100,F122017,1588.118903608799,17.743324041366577
HDS,28,"[(-100, 100)]",30,1000,100,F122017,1020522.3079953548,18.11550498008728
HDS,28,"[(-100, 100)]",50,1000,100,F122017,119893827.03918478,18.39057993888855
Sobol,28,"[(-100, 100)]",100,1000,100,F12017,53420687502.170105,14.225807189941406
HDS,28,"[(-100, 100)]",10,1000,100,F132017,1446.1884664191994,18.039055109024048
HDS,28,"[(-100, 100)]",100,1000,100,F122017,2652712327.314401,20.15200090408325
HDS,28,"[(-100, 100)]",30,1000,100,F132017,184517.4416956004,19.45130205154419
Sobol,28,"[(-100, 100)]",10,1000,100,F122017,1326.36898385605,17.489174127578735
Sobol,28,"[(-100, 100)]",30,1000,100,F122017,254965.28323583357,18.36292576789856
Sobol,28,"[(-100, 100)]",50,1000,100,F122017,69795203.52834247,18.3308539390564
Sobol,28,"[(-100, 100)]",10,1000,100,F132017,1414.3072197604738,17.995828866958618
HDS,28,"[(-100, 100)]",50,1000,100,F132017,896893.2543665604,21.162471055984497
Sobol,28,"[(-100, 100)]",100,1000,100,F122017,4780216293.399208,19.529294967651367
Sobol,28,"[(-100, 100)]",30,1000,100,F132017,323584.2928611783,19.637951135635376
HDS,28,"[(-100, 100)]",10,1000,100,F142017,2020.5640285603488,18.282352209091187
HDS,28,"[(-100, 100)]",30,1000,100,F142017,499843.6926833859,18.324745178222656
HDS,28,"[(-100, 100)]",100,1000,100,F132017,27563880.45562305,24.85027384757996
HDS,28,"[(-100, 100)]",50,1000,100,F142017,2369741.9506161893,18.266849040985107
Sobol,28,"[(-100, 100)]",50,1000,100,F132017,3084479.5030109286,20.251655340194706
HDS,28,"[(-100, 100)]",100,1000,100,F142017,1025451302.0036914,19.636411905288696
HDS,28,"[(-100, 100)]",10,1000,100,F152017,1337.801075051778,22.809562921524048
Sobol,28,"[(-100, 100)]",10,1000,100,F142017,2540.4763660287817,17.918092012405396
Sobol,28,"[(-100, 100)]",30,1000,100,F142017,802089.6122703076,18.08768105506897
Sobol,28,"[(-100, 100)]",50,1000,100,F142017,6362008.127047608,17.911330938339233
Sobol,28,"[(-100, 100)]",100,1000,100,F132017,23410827.558499727,23.97659206390381
Sobol,28,"[(-100, 100)]",100,1000,100,F142017,404879500.8046384,18.434174060821533
Sobol,27,"[(-100, 100)]",100,1000,100,F282017,10802826319.992413,248.9270179271698
Sobol,28,"[(-100, 100)]",10,1000,100,F152017,1378.46091742905,25.244992971420288
HDS,28,"[(-100, 100)]",30,1000,100,F152017,3522.229788351192,31.680370330810547
HDS,28,"[(-100, 100)]",50,1000,100,F152017,15592.166969898322,36.91431713104248
HDS,28,"[(-100, 100)]",10,1000,100,F172017,,19.860302925109863
HDS,28,"[(-100, 100)]",10,1000,100,F162017,1859.5920259040745,42.26201391220093
HDS,28,"[(-100, 100)]",100,1000,100,F152017,820373.7694347342,50.73150205612183
Sobol,28,"[(-100, 100)]",30,1000,100,F152017,4211.273009392674,30.52188086509705
Sobol,28,"[(-100, 100)]",10,1000,100,F172017,,20.21002697944641
Sobol,28,"[(-100, 100)]",50,1000,100,F152017,16427.37996597877,36.19374585151672
HDS,28,"[(-100, 100)]",30,1000,100,F172017,81011.5300843828,20.47783207893372
HDS,28,"[(-100, 100)]",50,1000,100,F172017,904227.52678427,20.443856239318848
HDS,28,"[(-100, 100)]",30,1000,100,F162017,38363.30700637336,78.16833829879761
Sobol,28,"[(-100, 100)]",10,1000,100,F162017,1498.533827850522,42.1898148059845
HDS,28,"[(-100, 100)]",100,1000,100,F172017,10604266.52397061,22.138954877853397
Sobol,28,"[(-100, 100)]",30,1000,100,F172017,96914.09418730444,19.28813004493713
Sobol,28,"[(-100, 100)]",100,1000,100,F152017,144331.1205609004,50.37935185432434
Sobol,28,"[(-100, 100)]",50,1000,100,F172017,1350016.9373823358,19.76109385490417
HDS,28,"[(-100, 100)]",10,1000,100,F182017,1809.6516897461916,18.48611879348755
Sobol,28,"[(-100, 100)]",100,1000,100,F172017,22477221.809339765,20.33297204971313
HDS,28,"[(-100, 100)]",50,1000,100,F162017,46756314.456270255,113.42358803749084
Sobol,28,"[(-100, 100)]",10,1000,100,F182017,1810.9788148757957,20.215089082717896
HDS,28,"[(-100, 100)]",30,1000,100,F182017,339970.21579200355,44.003180742263794
HDS,28,"[(-100, 100)]",10,1000,100,F192017,1832.684938375952,42.34112787246704
HDS,28,"[(-100, 100)]",50,1000,100,F182017,1033734.5400525248,59.48638319969177
Sobol,28,"[(-100, 100)]",30,1000,100,F162017,131407.24528426136,76.69510698318481
Sobol,28,"[(-100, 100)]",30,1000,100,F182017,2194933.639225246,43.37399911880493
Sobol,28,"[(-100, 100)]",10,1000,100,F192017,1864.8238211312096,41.30071020126343
HDS,28,"[(-100, 100)]",100,1000,100,F182017,1187081369.360389,97.08433508872986
HDS,28,"[(-100, 100)]",10,1000,100,F202017,2142.143143175581,7.754982233047485
HDS,28,"[(-100, 100)]",30,1000,100,F192017,2357.023213734948,77.71168684959412
Sobol,28,"[(-100, 100)]",10,1000,100,F202017,2131.942128491981,7.19791316986084
HDS,28,"[(-100, 100)]",100,1000,100,F162017,480144104806.1526,204.0287809371948
Sobol,28,"[(-100, 100)]",50,1000,100,F182017,6114624.047349173,58.407033920288086
HDS,28,"[(-100, 100)]",30,1000,100,F202017,2503.5854574774867,23.05803871154785
Sobol,28,"[(-100, 100)]",50,1000,100,F162017,1281270023.3105035,112.04623508453368
HDS,28,"[(-100, 100)]",50,1000,100,F202017,4043.2100011444873,22.99191975593567
Sobol,28,"[(-100, 100)]",30,1000,100,F202017,2250.307967049731,22.54558491706848
HDS,28,"[(-100, 100)]",10,1000,100,F212017,2215.2279088151995,2.6169321537017822
HDS,28,"[(-100, 100)]",100,1000,100,F202017,33203.34686908353,25.92269277572632
Sobol,28,"[(-100, 100)]",10,1000,100,F212017,2216.2918408757355,2.5320379734039307
Sobol,28,"[(-100, 100)]",50,1000,100,F202017,3139.291210232172,22.687353134155277
HDS,28,"[(-100, 100)]",50,1000,100,F192017,2649.712827282172,114.64281892776488
Sobol,28,"[(-100, 100)]",30,1000,100,F192017,2616.732001148354,78.06634497642517
Sobol,28,"[(-100, 100)]",100,1000,100,F202017,36495.81211704562,25.15084290504456
HDS,28,"[(-100, 100)]",30,1000,100,F212017,2298.552882773949,28.352416038513184
HDS,28,"[(-100, 100)]",50,1000,100,F212017,2481.520418893808,29.06785488128662
Sobol,28,"[(-100, 100)]",100,1000,100,F182017,515744162.872051,96.76358819007874
HDS,28,"[(-100, 100)]",10,1000,100,F22017,200.57936818211428,12.769449949264526
HDS,28,"[(-100, 100)]",30,1000,100,F22017,16807.72705451883,14.516160011291504
Sobol,28,"[(-100, 100)]",10,1000,100,F22017,200.1431354749282,12.258590936660768
HDS,28,"[(-100, 100)]",100,1000,100,F212017,3452.044741946813,31.626310110092163
Sobol,28,"[(-100, 100)]",30,1000,100,F212017,2306.049366311969,28.34920597076416
Sobol,28,"[(-100, 100)]",50,1000,100,F212017,2522.312780224461,28.49553394317627
Sobol,28,"[(-100, 100)]",30,1000,100,F22017,9792.527452421333,14.519352674484251
HDS,28,"[(-100, 100)]",50,1000,100,F22017,63032.9419258634,15.487762928009031
HDS,28,"[(-100, 100)]",10,1000,100,F222017,2368.113546718099,8.765707969665527
HDS,28,"[(-100, 100)]",100,1000,100,F22017,244591.1247231492,15.530381202697754
Sobol,28,"[(-100, 100)]",10,1000,100,F222017,2360.343744397567,10.411827087402344
Sobol,28,"[(-100, 100)]",50,1000,100,F22017,72699.91777909156,13.988591194152832
Sobol,28,"[(-100, 100)]",100,1000,100,F212017,3288.608608935635,29.347692728042603
Sobol,28,"[(-100, 100)]",100,1000,100,F22017,301564.52910967753,15.190562963485718
HDS,28,"[(-100, 100)]",10,1000,100,F232017,2548.4083931101086,11.010266780853271
HDS,28,"[(-100, 100)]",30,1000,100,F222017,3852.2077503064265,30.515604972839355
Sobol,28,"[(-100, 100)]",10,1000,100,F232017,2537.7319551637925,10.133708953857422
HDS,28,"[(-100, 100)]",50,1000,100,F222017,4353.783700403221,32.45581698417664
HDS,28,"[(-100, 100)]",30,1000,100,F232017,2721.693956672294,25.73213005065918
HDS,28,"[(-100, 100)]",100,1000,100,F222017,25280.86273859748,34.810774087905884
Sobol,28,"[(-100, 100)]",30,1000,100,F222017,3174.9466637299947,29.83143901824951
HDS,28,"[(-100, 100)]",100,1000,100,F192017,8097.585950084148,206.8257029056549
Sobol,28,"[(-100, 100)]",50,1000,100,F192017,2410.912880480134,116.16546416282654
HDS,28,"[(-100, 100)]",50,1000,100,F232017,6348.258110819289,26.851045846939087
Sobol,28,"[(-100, 100)]",30,1000,100,F232017,3045.330582385737,25.705419063568115
HDS,28,"[(-100, 100)]",10,1000,100,F242017,2885.651773811427,10.31542706489563
Sobol,28,"[(-100, 100)]",50,1000,100,F222017,7598.310093074183,32.03827500343323
Sobol,28,"[(-100, 100)]",100,1000,100,F222017,38275.70822990399,33.36842322349548
Sobol,28,"[(-100, 100)]",10,1000,100,F242017,2888.5695627736745,7.954477787017822
HDS,28,"[(-100, 100)]",100,1000,100,F232017,38772.19432069672,29.63157296180725
Sobol,28,"[(-100, 100)]",50,1000,100,F232017,9484.45303328612,26.388840913772583
Sobol,28,"[(-100, 100)]",100,1000,100,F162017,48640640188.249565,203.91645503044128
HDS,28,"[(-100, 100)]",30,1000,100,F242017,2867.141610925333,27.539045810699463
HDS,28,"[(-100, 100)]",10,1000,100,F252017,2503.2731845854346,21.500886917114254
HDS,28,"[(-100, 100)]",50,1000,100,F242017,4381.597278033265,28.707989931106567
HDS,28,"[(-100, 100)]",100,1000,100,F242017,7588.210849552936,30.68553590774536
Sobol,28,"[(-100, 100)]",100,1000,100,F232017,29954.98928017204,27.770030736923218
Sobol,28,"[(-100, 100)]",10,1000,100,F252017,2977.3354457012542,14.63946294784546
Sobol,28,"[(-100, 100)]",30,1000,100,F242017,2873.4699534846727,27.537782192230225
Sobol,28,"[(-100, 100)]",50,1000,100,F242017,3996.3214001872607,28.189740896224976
Sobol,28,"[(-100, 100)]",100,1000,100,F242017,7494.857510888099,29.635422945022583
HDS,28,"[(-100, 100)]",30,1000,100,F252017,3387.0939332449047,65.38767004013062
HDS,28,"[(-100, 100)]",10,1000,100,F262017,2714.382537739229,47.172057151794434
HDS,28,"[(-100, 100)]",50,1000,100,F252017,4881.757164808972,99.60677099227904
HDS,28,"[(-100, 100)]",30,1000,100,F262017,3197.6047098513845,73.55904793739319
Sobol,28,"[(-100, 100)]",10,1000,100,F262017,2819.3242236145024,45.696799993515015
HDS,28,"[(-100, 100)]",10,1000,100,F272017,2828.143971311584,9.100471019744871
Sobol,28,"[(-100, 100)]",30,1000,100,F252017,3397.107448420604,69.39581990242004
Sobol,28,"[(-100, 100)]",10,1000,100,F272017,2833.7563856314478,7.921009063720703
HDS,28,"[(-100, 100)]",50,1000,100,F262017,3919.040852685686,98.9952781200409
Sobol,28,"[(-100, 100)]",100,1000,100,F192017,5304.311489417847,202.20670008659363
Sobol,28,"[(-100, 100)]",30,1000,100,F262017,3238.110224326994,72.51781988143921
HDS,28,"[(-100, 100)]",30,1000,100,F272017,2875.138230504144,49.27936267852783
HDS,28,"[(-100, 100)]",100,1000,100,F252017,19558.71756382899,164.12446093559265
Sobol,28,"[(-100, 100)]",50,1000,100,F252017,4859.860684689966,97.15681099891664
HDS,28,"[(-100, 100)]",100,1000,100,F262017,5348.118393760022,165.76885771751404
HDS,28,"[(-100, 100)]",50,1000,100,F272017,3224.958091415102,94.38776397705078
Sobol,28,"[(-100, 100)]",50,1000,100,F262017,3865.9148042429015,100.63550305366516
HDS,28,"[(-100, 100)]",10,1000,100,F282017,4055.885541484954,64.27900910377502
Sobol,28,"[(-100, 100)]",30,1000,100,F272017,2941.4262247100805,69.19106793403625
HDS,28,"[(-100, 100)]",30,1000,100,F282017,30320569.295109645,104.3027160167694
Sobol,28,"[(-100, 100)]",10,1000,100,F282017,4528.131812106354,62.54166507720947
Sobol,28,"[(-100, 100)]",50,1000,100,F272017,3267.7089045065813,93.0313081741333
HDS,28,"[(-100, 100)]",100,1000,100,F272017,4488.737036590381,161.14965415000916
Sobol,28,"[(-100, 100)]",100,1000,100,F252017,22710.472204895665,162.31801009178162
HDS,28,"[(-100, 100)]",10,1000,100,F292017,,44.83250021934509
Sobol,28,"[(-100, 100)]",100,1000,100,F262017,5034.850589051648,163.47961020469666
HDS,28,"[(-100, 100)]",30,1000,100,F292017,12714415.66919496,59.70711398124695
HDS,28,"[(-100, 100)]",50,1000,100,F282017,287459636.4727638,144.62438774108887
Sobol,28,"[(-100, 100)]",10,1000,100,F292017,,44.55776786804199
HDS,28,"[(-100, 100)]",10,1000,100,F32017,308.9706364075636,4.416456937789917
Sobol,28,"[(-100, 100)]",30,1000,100,F282017,29485670.87393573,104.64559507369997
Sobol,28,"[(-100, 100)]",10,1000,100,F32017,303.65204503669986,5.65259313583374
HDS,28,"[(-100, 100)]",30,1000,100,F32017,439.0090903283312,14.41392707824707
HDS,28,"[(-100, 100)]",50,1000,100,F32017,1213.1140233615008,15.248735904693604
HDS,28,"[(-100, 100)]",50,1000,100,F292017,943695809.0348656,74.62511897087097
Sobol,28,"[(-100, 100)]",30,1000,100,F32017,428.9724180514816,14.831502914428713
Sobol,28,"[(-100, 100)]",50,1000,100,F32017,970.898851346694,15.103609085083008
Sobol,28,"[(-100, 100)]",30,1000,100,F292017,44129313.43828844,59.416589975357056
HDS,28,"[(-100, 100)]",100,1000,100,F32017,7230.934885776736,16.152631998062134
HDS,28,"[(-100, 100)]",10,1000,100,F42017,442.1717824190795,13.90154790878296
HDS,28,"[(-100, 100)]",30,1000,100,F42017,747.7596722027276,14.599831104278564
Sobol,28,"[(-100, 100)]",10,1000,100,F42017,425.2215854502842,14.418667078018188
Sobol,28,"[(-100, 100)]",100,1000,100,F32017,5939.190356824404,15.808556079864502
Sobol,28,"[(-100, 100)]",30,1000,100,F42017,704.9384597271169,14.732890129089355
HDS,28,"[(-100, 100)]",10,1000,100,F52017,500.0063377179529,0.3970091342926025
Sobol,28,"[(-100, 100)]",10,1000,100,F52017,500.01135666520537,0.1868684291839599
HDS,28,"[(-100, 100)]",30,1000,100,F52017,500.03423166254566,0.594419002532959
Sobol,28,"[(-100, 100)]",30,1000,100,F52017,500.0655355386828,0.3074021339416504
HDS,28,"[(-100, 100)]",50,1000,100,F52017,500.0711712723093,0.8999459743499756
Sobol,28,"[(-100, 100)]",50,1000,100,F52017,500.0831510661903,0.3990767002105713
HDS,28,"[(-100, 100)]",100,1000,100,F52017,500.0876563144964,1.8035881519317627
Sobol,28,"[(-100, 100)]",100,1000,100,F52017,500.1191788934099,0.6644530296325684
HDS,28,"[(-100, 100)]",50,1000,100,F42017,3373.930128251335,14.98535442352295
HDS,28,"[(-100, 100)]",100,1000,100,F42017,26731.922874787484,16.077343225479126
Sobol,28,"[(-100, 100)]",100,1000,100,F272017,4953.017455953059,157.95386290550232
HDS,28,"[(-100, 100)]",100,1000,100,F292017,5679808575.424148,115.02162885665894
HDS,28,"[(-100, 100)]",10,1000,100,F62017,646.4339295945176,16.85793709754944
Sobol,28,"[(-100, 100)]",50,1000,100,F42017,1687.8945891530238,15.284883975982666
Sobol,28,"[(-100, 100)]",100,1000,100,F42017,31961.74503173673,15.980900049209597
Sobol,28,"[(-100, 100)]",50,1000,100,F292017,1363868830.7426496,76.26205492019653
HDS,28,"[(-100, 100)]",100,1000,100,F282017,7850257933.291908,248.1992383003235
HDS,28,"[(-100, 100)]",30,1000,100,F62017,2381.400496595551,17.342955112457275
Sobol,28,"[(-100, 100)]",10,1000,100,F62017,644.8828916969418,15.903333902359009
HDS,28,"[(-100, 100)]",50,1000,100,F62017,56564.04912116237,16.51268196105957
HDS,28,"[(-100, 100)]",100,1000,100,F62017,721084.4373576537,17.927051782608032
HDS,28,"[(-100, 100)]",10,1000,100,F72017,745.9379789621888,19.80960202217102
Sobol,28,"[(-100, 100)]",30,1000,100,F62017,4264.2967109505225,16.02550220489502
Sobol,28,"[(-100, 100)]",50,1000,100,F62017,49422.98444084821,16.628691911697388
HDS,28,"[(-100, 100)]",30,1000,100,F72017,1136.8557310371891,20.288835048675537
Sobol,28,"[(-100, 100)]",50,1000,100,F282017,322797000.4478829,145.69684290885925
HDS,28,"[(-100, 100)]",10,1000,100,F82017,800.9747294269092,0.7118730545043945
Sobol,28,"[(-100, 100)]",10,1000,100,F82017,801.7589179329719,0.7883791923522949
Sobol,28,"[(-100, 100)]",100,1000,100,F62017,586689.409337311,17.48734998703003
HDS,28,"[(-100, 100)]",30,1000,100,F82017,810.3374118675054,4.285654067993164
Sobol,28,"[(-100, 100)]",10,1000,100,F72017,725.6241449349508,20.202248334884644
Sobol,28,"[(-100, 100)]",30,1000,100,F82017,809.3286719249091,4.269160985946655
HDS,28,"[(-100, 100)]",50,1000,100,F72017,1631.452436932324,21.16302514076233
HDS,28,"[(-100, 100)]",50,1000,100,F82017,818.4157869535485,13.903943061828612
Sobol,28,"[(-100, 100)]",30,1000,100,F72017,1125.2292983642822,20.07746720314026
HDS,28,"[(-100, 100)]",100,1000,100,F72017,3230.647910740392,21.99760317802429
HDS,28,"[(-100, 100)]",100,1000,100,F82017,911.9090620038417,18.14377188682556
Sobol,28,"[(-100, 100)]",50,1000,100,F82017,813.5534143612213,9.538798093795776
HDS,28,"[(-100, 100)]",10,1000,100,F92017,-621.0540312103931,19.698418855667114
Sobol,28,"[(-100, 100)]",50,1000,100,F72017,1736.607025737252,20.46497893333435
HDS,28,"[(-100, 100)]",30,1000,100,F92017,3563.317798215019,20.558885097503666
Sobol,28,"[(-100, 100)]",100,1000,100,F72017,3210.0252070476618,21.250872135162357
Sobol,28,"[(-100, 100)]",100,1000,100,F82017,885.5885118294921,17.35480308532715
Sobol,28,"[(-100, 100)]",10,1000,100,F92017,-729.904772744354,19.21450090408325
HDS,28,"[(-100, 100)]",50,1000,100,F92017,9215.621074423338,21.242511749267575
HDS,28,"[(-100, 100)]",100,1000,100,F92017,25158.493590103983,22.24722194671631
HDS,29,"[(-100, 100)]",10,1000,100,F102017,1123.3021937489443,16.77129602432251
Sobol,28,"[(-100, 100)]",30,1000,100,F92017,2571.743102108303,19.43363785743713
HDS,29,"[(-100, 100)]",30,1000,100,F102017,96140.93491309334,17.628584146499634
HDS,29,"[(-100, 100)]",50,1000,100,F102017,189626.34028371613,18.134161949157715
Sobol,28,"[(-100, 100)]",50,1000,100,F92017,9835.13928436354,21.116044998168945
Sobol,28,"[(-100, 100)]",100,1000,100,F92017,23086.316738948943,21.602320194244385
Sobol,29,"[(-100, 100)]",10,1000,100,F102017,1045.00232543849,17.186173915863037
Sobol,28,"[(-100, 100)]",100,1000,100,F292017,8796669407.524017,115.2577028274536
Sobol,29,"[(-100, 100)]",30,1000,100,F102017,112790.0196030669,17.280208110809326
HDS,29,"[(-100, 100)]",100,1000,100,F102017,3594314.3196864445,20.10255002975464
Sobol,29,"[(-100, 100)]",50,1000,100,F102017,230582.3463085708,16.79069495201111
HDS,29,"[(-100, 100)]",10,1000,100,F112017,153089.50463496783,21.38256001472473
HDS,29,"[(-100, 100)]",10,1000,100,F12017,5465.649469956092,13.692413806915283
HDS,29,"[(-100, 100)]",30,1000,100,F112017,62723141.958996825,21.720861196517944
HDS,29,"[(-100, 100)]",30,1000,100,F12017,233407764.97896737,13.644098043441772
HDS,29,"[(-100, 100)]",50,1000,100,F112017,315381671.1537679,21.622164964675903
Sobol,29,"[(-100, 100)]",100,1000,100,F102017,3456765.496900624,18.535801649093628
HDS,29,"[(-100, 100)]",100,1000,100,F112017,7170290678.259141,23.916858196258545
Sobol,29,"[(-100, 100)]",10,1000,100,F12017,6535.53361736401,13.431185960769652
Sobol,29,"[(-100, 100)]",30,1000,100,F12017,18917212.270975333,13.497192859649658
HDS,29,"[(-100, 100)]",50,1000,100,F12017,1235017980.033016,14.163822889328005
Sobol,29,"[(-100, 100)]",10,1000,100,F112017,88642.75050080953,21.375545740127563
Sobol,29,"[(-100, 100)]",30,1000,100,F112017,42712280.20774864,21.44547200202942
Sobol,29,"[(-100, 100)]",50,1000,100,F112017,203306951.932907,21.45093607902527
HDS,29,"[(-100, 100)]",100,1000,100,F12017,61155813163.00973,15.377686023712158
Sobol,29,"[(-100, 100)]",100,1000,100,F112017,8758433343.60216,22.98269891738892
Sobol,29,"[(-100, 100)]",50,1000,100,F12017,835685804.2211212,13.819803953170776
HDS,29,"[(-100, 100)]",10,1000,100,F122017,1410.8933242315377,17.702972888946533
HDS,29,"[(-100, 100)]",30,1000,100,F122017,241099.24467761783,18.75477409362793
Sobol,29,"[(-100, 100)]",100,1000,100,F12017,24066289713.385857,14.445935010910034
HDS,29,"[(-100, 100)]",50,1000,100,F122017,206348551.7532441,18.524576902389526
HDS,29,"[(-100, 100)]",100,1000,100,F122017,2507738933.2409253,19.956590175628666
HDS,29,"[(-100, 100)]",10,1000,100,F132017,1364.3528791570493,19.33462810516357
HDS,29,"[(-100, 100)]",30,1000,100,F132017,295440.797723972,20.332273960113525
Sobol,29,"[(-100, 100)]",10,1000,100,F122017,2179.4611473837044,18.51493000984192
Sobol,29,"[(-100, 100)]",30,1000,100,F122017,1956237.6634803528,19.18947720527649
Sobol,29,"[(-100, 100)]",50,1000,100,F122017,25115882.67724464,18.408010959625244
HDS,29,"[(-100, 100)]",50,1000,100,F132017,2141906.230038707,21.760765075683597
Sobol,29,"[(-100, 100)]",100,1000,100,F122017,9070132375.485498,18.93775725364685
Sobol,29,"[(-100, 100)]",10,1000,100,F132017,1377.262939103999,18.82138705253601
Sobol,29,"[(-100, 100)]",30,1000,100,F132017,352743.2997411641,19.47170114517212
HDS,29,"[(-100, 100)]",10,1000,100,F142017,1538.597704256904,18.34701418876648
HDS,29,"[(-100, 100)]",100,1000,100,F132017,25229625.918776527,25.079763412475582
HDS,29,"[(-100, 100)]",30,1000,100,F142017,6559750.418130862,18.103473901748657
HDS,29,"[(-100, 100)]",50,1000,100,F142017,5627253.053524225,18.56771779060364
Sobol,29,"[(-100, 100)]",50,1000,100,F132017,1321565.7314146734,20.60700798034668
HDS,29,"[(-100, 100)]",100,1000,100,F142017,981048240.673776,20.576492071151733
HDS,29,"[(-100, 100)]",10,1000,100,F152017,1336.831430889187,19.63009095191956
Sobol,29,"[(-100, 100)]",10,1000,100,F142017,1695.0558581536409,18.14171385765076
Sobol,29,"[(-100, 100)]",30,1000,100,F142017,1932032.6140496791,18.11141467094421
Sobol,29,"[(-100, 100)]",50,1000,100,F142017,4136073.1680895295,18.068886041641235
Sobol,29,"[(-100, 100)]",100,1000,100,F132017,42582661.11500134,23.895806789398197
Sobol,29,"[(-100, 100)]",10,1000,100,F152017,1337.7541125835994,13.959158182144163
Sobol,29,"[(-100, 100)]",100,1000,100,F142017,436436684.8936153,19.99709963798523
HDS,29,"[(-100, 100)]",30,1000,100,F152017,1874.8592510089109,31.586169004440308
Sobol,28,"[(-100, 100)]",100,1000,100,F282017,24075241896.185123,249.42769384384155
HDS,29,"[(-100, 100)]",50,1000,100,F152017,13149.22674186036,37.42869281768799
HDS,29,"[(-100, 100)]",10,1000,100,F162017,1641.5261430172036,43.127894163131714
HDS,29,"[(-100, 100)]",10,1000,100,F172017,,20.22902989387512
Sobol,29,"[(-100, 100)]",30,1000,100,F152017,5292.03557866238,30.896530151367188
HDS,29,"[(-100, 100)]",100,1000,100,F152017,591421.0036180957,51.67645812034607
Sobol,29,"[(-100, 100)]",10,1000,100,F172017,,19.877567052841187
HDS,29,"[(-100, 100)]",30,1000,100,F172017,87461.84977253177,20.17998003959656
Sobol,29,"[(-100, 100)]",50,1000,100,F152017,14418.846784259027,37.07826018333435
HDS,29,"[(-100, 100)]",30,1000,100,F162017,99294.59213354962,78.30447793006897
HDS,29,"[(-100, 100)]",50,1000,100,F172017,691165.1550682706,20.72449922561645
Sobol,29,"[(-100, 100)]",10,1000,100,F162017,1648.7619385523385,42.35519623756409
Sobol,29,"[(-100, 100)]",30,1000,100,F172017,94634.19074653112,20.158241987228397
HDS,29,"[(-100, 100)]",100,1000,100,F172017,15560624.235033697,22.121159076690677
Sobol,29,"[(-100, 100)]",100,1000,100,F152017,301606.95167041296,49.73172378540039
Sobol,29,"[(-100, 100)]",50,1000,100,F172017,1495178.1416286398,19.316293001174927
HDS,29,"[(-100, 100)]",10,1000,100,F182017,1811.0963959527949,21.001359939575195
Sobol,29,"[(-100, 100)]",100,1000,100,F172017,27833094.62551853,20.221324920654297
HDS,29,"[(-100, 100)]",50,1000,100,F162017,209117216.20359367,113.5892369747162
Sobol,29,"[(-100, 100)]",10,1000,100,F182017,1808.8729067764632,19.845611095428467
HDS,29,"[(-100, 100)]",30,1000,100,F182017,1631724.684512864,44.5547730922699
HDS,29,"[(-100, 100)]",10,1000,100,F192017,1875.575621170187,43.40083193778992
Sobol,29,"[(-100, 100)]",30,1000,100,F162017,64097.17027306247,77.81815719604492
HDS,29,"[(-100, 100)]",50,1000,100,F182017,5646508.2377571,59.79879403114319
Sobol,29,"[(-100, 100)]",30,1000,100,F182017,272282.635960407,44.49574112892151
Sobol,29,"[(-100, 100)]",10,1000,100,F192017,1817.546711016498,42.81054997444153
HDS,29,"[(-100, 100)]",100,1000,100,F182017,105870208.81547128,98.39648914337158
HDS,29,"[(-100, 100)]",10,1000,100,F202017,2140.0615291679114,8.551278114318848
HDS,29,"[(-100, 100)]",30,1000,100,F192017,2844.239903701273,79.5746021270752
HDS,29,"[(-100, 100)]",100,1000,100,F162017,249879417432.34888,201.5627598762512
Sobol,29,"[(-100, 100)]",10,1000,100,F202017,2124.95672701456,7.015109062194824
Sobol,29,"[(-100, 100)]",50,1000,100,F182017,7595032.255728664,60.156429052352905
Sobol,29,"[(-100, 100)]",50,1000,100,F162017,147200679.0728517,114.17803621292114
HDS,29,"[(-100, 100)]",30,1000,100,F202017,2454.473853333054,22.984287977218628
HDS,29,"[(-100, 100)]",50,1000,100,F202017,3649.1339446238567,22.986403226852417
Sobol,29,"[(-100, 100)]",30,1000,100,F202017,2215.854101152167,21.82719683647156
HDS,29,"[(-100, 100)]",100,1000,100,F202017,40207.059351720265,24.678847074508667
HDS,29,"[(-100, 100)]",10,1000,100,F212017,2213.5817463940566,3.019120931625366
Sobol,29,"[(-100, 100)]",50,1000,100,F202017,3637.380551449809,22.205610036849976
HDS,29,"[(-100, 100)]",50,1000,100,F192017,2625.2166162920603,114.47168779373168
Sobol,29,"[(-100, 100)]",100,1000,100,F202017,48574.4115852089,24.07225489616394
Sobol,29,"[(-100, 100)]",30,1000,100,F192017,2026.9283164248664,77.35287117958069
Sobol,29,"[(-100, 100)]",10,1000,100,F212017,1056.0722093750894,25.70842695236206
HDS,29,"[(-100, 100)]",30,1000,100,F212017,2330.706132975257,26.54149079322815
Sobol,29,"[(-100, 100)]",100,1000,100,F182017,3465552244.262135,94.86045789718628
HDS,29,"[(-100, 100)]",10,1000,100,F22017,200.64523233143956,13.536201238632202
HDS,29,"[(-100, 100)]",50,1000,100,F212017,2512.256415010233,28.00799584388733
Sobol,29,"[(-100, 100)]",30,1000,100,F212017,2291.090779259937,19.30486822128296
HDS,29,"[(-100, 100)]",30,1000,100,F22017,16238.496306352015,14.179236888885498
Sobol,29,"[(-100, 100)]",10,1000,100,F22017,200.65029215139376,13.789604902267456
HDS,29,"[(-100, 100)]",100,1000,100,F212017,2769.092215804519,30.532500982284542
HDS,29,"[(-100, 100)]",50,1000,100,F22017,85588.97306168266,14.713719129562378
Sobol,29,"[(-100, 100)]",30,1000,100,F22017,22902.09720508561,14.062002182006836
HDS,29,"[(-100, 100)]",100,1000,100,F22017,248919.2075073008,16.00120711326599
HDS,29,"[(-100, 100)]",10,1000,100,F222017,2373.0530096352377,9.736922979354858
Sobol,29,"[(-100, 100)]",50,1000,100,F212017,2458.3064867378093,27.474979877471924
Sobol,29,"[(-100, 100)]",50,1000,100,F22017,64573.33559693257,14.365400075912476
Sobol,29,"[(-100, 100)]",100,1000,100,F22017,281533.13197468064,14.533302783966064
Sobol,29,"[(-100, 100)]",100,1000,100,F212017,3341.0819449324254,29.29997611045837
Sobol,29,"[(-100, 100)]",10,1000,100,F222017,2356.1579130745927,9.774106979370115
HDS,29,"[(-100, 100)]",10,1000,100,F232017,2552.3384464688856,13.060207843780518
Sobol,29,"[(-100, 100)]",10,1000,100,F232017,2553.4515845998253,8.534029960632324
HDS,29,"[(-100, 100)]",30,1000,100,F222017,3432.4804529497706,29.94441819190979
HDS,29,"[(-100, 100)]",50,1000,100,F222017,8628.37432128526,31.657060861587524
HDS,29,"[(-100, 100)]",30,1000,100,F232017,2963.749323212117,26.279035091400143
HDS,29,"[(-100, 100)]",100,1000,100,F222017,28992.304404836486,34.395331144332886
HDS,29,"[(-100, 100)]",100,1000,100,F192017,5224.775550576576,208.52973914146423
Sobol,29,"[(-100, 100)]",50,1000,100,F192017,2604.4108808328406,114.3377330303192
HDS,29,"[(-100, 100)]",50,1000,100,F232017,5035.124143261975,26.357566356658936
Sobol,29,"[(-100, 100)]",30,1000,100,F222017,2943.1686466738506,28.63874101638794
Sobol,29,"[(-100, 100)]",30,1000,100,F232017,3191.710881136534,24.60258913040161
Sobol,29,"[(-100, 100)]",50,1000,100,F222017,11038.594441539892,29.68890070915222
HDS,29,"[(-100, 100)]",10,1000,100,F242017,2883.2850404850847,7.734298229217529
Sobol,29,"[(-100, 100)]",100,1000,100,F222017,25107.606445674475,31.738056182861328
Sobol,29,"[(-100, 100)]",100,1000,100,F162017,60497064262.48606,199.8259630203247
Sobol,29,"[(-100, 100)]",10,1000,100,F242017,2888.988048910704,9.366077184677124
HDS,29,"[(-100, 100)]",100,1000,100,F232017,40627.87134029562,28.382318019866943
Sobol,29,"[(-100, 100)]",50,1000,100,F232017,10176.689697387932,26.441030025482178
HDS,29,"[(-100, 100)]",30,1000,100,F242017,2862.096613017095,26.869828701019287
HDS,29,"[(-100, 100)]",10,1000,100,F252017,2979.209438884596,14.180365085601808
HDS,29,"[(-100, 100)]",50,1000,100,F242017,3967.465446637141,28.36843681335449
HDS,29,"[(-100, 100)]",100,1000,100,F242017,6976.618270332945,30.940200090408325
Sobol,29,"[(-100, 100)]",100,1000,100,F232017,43787.573733673766,28.20765495300293
Sobol,29,"[(-100, 100)]",30,1000,100,F242017,2866.082160899368,21.67928123474121
Sobol,29,"[(-100, 100)]",50,1000,100,F242017,4479.225938593261,26.87070083618164
Sobol,29,"[(-100, 100)]",10,1000,100,F252017,2500.957282449704,40.5430760383606
Sobol,29,"[(-100, 100)]",100,1000,100,F242017,7164.119901828472,28.826390981674194
HDS,29,"[(-100, 100)]",30,1000,100,F252017,3387.306544066373,72.068274974823
HDS,29,"[(-100, 100)]",10,1000,100,F262017,2717.0404319390477,47.23016333580017
HDS,29,"[(-100, 100)]",50,1000,100,F252017,4663.235125122072,98.71366214752196
HDS,29,"[(-100, 100)]",30,1000,100,F262017,3257.040802739677,74.59579181671143
Sobol,29,"[(-100, 100)]",10,1000,100,F262017,2683.376846345405,47.65265989303589
HDS,29,"[(-100, 100)]",10,1000,100,F272017,2842.263461592689,8.72969102859497
Sobol,29,"[(-100, 100)]",30,1000,100,F252017,3387.728764175211,71.78223609924316
Sobol,29,"[(-100, 100)]",10,1000,100,F272017,2833.413434996674,9.121837854385376
HDS,29,"[(-100, 100)]",50,1000,100,F262017,3903.8935914962417,100.55687499046326
Sobol,29,"[(-100, 100)]",100,1000,100,F192017,5229.468250856804,206.3296649456024
Sobol,29,"[(-100, 100)]",30,1000,100,F262017,3186.943840205778,72.44928574562073
HDS,29,"[(-100, 100)]",100,1000,100,F252017,18226.89683402091,165.02175521850586
Sobol,29,"[(-100, 100)]",50,1000,100,F252017,5400.720536914279,96.52386999130248
HDS,29,"[(-100, 100)]",30,1000,100,F272017,2875.063849788309,65.8054690361023
HDS,29,"[(-100, 100)]",100,1000,100,F262017,5324.1016244413695,166.24117422103882
HDS,29,"[(-100, 100)]",50,1000,100,F272017,3255.657723485376,94.24939584732056
Sobol,29,"[(-100, 100)]",30,1000,100,F272017,3190.854651832856,38.48889684677124
Sobol,29,"[(-100, 100)]",50,1000,100,F262017,3785.9695944803934,98.94308590888976
HDS,29,"[(-100, 100)]",10,1000,100,F282017,4071.674367733645,63.50389099121094
HDS,29,"[(-100, 100)]",30,1000,100,F282017,57546429.64553938,105.1208028793335
Sobol,29,"[(-100, 100)]",10,1000,100,F282017,4177.592099643047,63.32767105102539
Sobol,29,"[(-100, 100)]",50,1000,100,F272017,3217.2191930747813,87.85728812217712
HDS,29,"[(-100, 100)]",100,1000,100,F272017,4273.875964807647,161.10755920410156
Sobol,29,"[(-100, 100)]",100,1000,100,F252017,23287.169411047453,162.10426998138428
HDS,29,"[(-100, 100)]",10,1000,100,F292017,,44.08893799781799
HDS,29,"[(-100, 100)]",30,1000,100,F292017,10133221.098745534,58.26680326461792
Sobol,29,"[(-100, 100)]",100,1000,100,F262017,5028.105794061483,163.95842504501343
HDS,29,"[(-100, 100)]",50,1000,100,F282017,355075677.4888134,145.1966462135315
Sobol,29,"[(-100, 100)]",10,1000,100,F292017,,44.37127614021301
Sobol,29,"[(-100, 100)]",30,1000,100,F282017,34783680.36194256,103.84073615074158
HDS,29,"[(-100, 100)]",10,1000,100,F32017,308.69180026019967,6.8853440284729
Sobol,29,"[(-100, 100)]",10,1000,100,F32017,305.63072639692695,6.664411067962647
HDS,29,"[(-100, 100)]",30,1000,100,F32017,354.65165830014223,15.22036600112915
HDS,29,"[(-100, 100)]",50,1000,100,F292017,1258561739.6147823,76.2601227760315
HDS,29,"[(-100, 100)]",50,1000,100,F32017,1142.269770662091,15.315837860107422
Sobol,29,"[(-100, 100)]",30,1000,100,F32017,535.2222398060395,14.775305032730104
Sobol,29,"[(-100, 100)]",30,1000,100,F292017,29615938.149237905,60.4774661064148
Sobol,29,"[(-100, 100)]",50,1000,100,F32017,886.347376082501,14.97182297706604
HDS,29,"[(-100, 100)]",100,1000,100,F32017,9473.826312695075,16.49324107170105
HDS,29,"[(-100, 100)]",10,1000,100,F42017,428.55111089120334,14.435280084609984
HDS,29,"[(-100, 100)]",30,1000,100,F42017,707.1455433697224,14.464343070983888
Sobol,29,"[(-100, 100)]",100,1000,100,F32017,3743.339871890732,15.16500687599182
Sobol,29,"[(-100, 100)]",10,1000,100,F42017,428.7429860534329,13.814435958862305
Sobol,29,"[(-100, 100)]",30,1000,100,F42017,846.5570321217065,14.259825944900513
HDS,29,"[(-100, 100)]",10,1000,100,F52017,500.0078921975867,0.3971679210662842
Sobol,29,"[(-100, 100)]",10,1000,100,F52017,500.0010532710523,0.1855647563934326
HDS,29,"[(-100, 100)]",30,1000,100,F52017,500.0450665040283,0.6467680931091309
Sobol,29,"[(-100, 100)]",30,1000,100,F52017,500.0434832323416,0.287992000579834
HDS,29,"[(-100, 100)]",50,1000,100,F52017,500.0665939311083,0.8811619281768799
Sobol,29,"[(-100, 100)]",50,1000,100,F52017,500.0788408995399,0.4140238761901855
HDS,29,"[(-100, 100)]",100,1000,100,F52017,500.0960053905819,1.8655691146850584
Sobol,29,"[(-100, 100)]",100,1000,100,F52017,500.141007116132,0.7978570461273193
HDS,29,"[(-100, 100)]",50,1000,100,F42017,2334.248329878817,15.207273960113524
HDS,29,"[(-100, 100)]",100,1000,100,F42017,27725.174753118397,16.211069107055664
Sobol,29,"[(-100, 100)]",100,1000,100,F272017,5062.472294153642,157.87694191932678
HDS,29,"[(-100, 100)]",10,1000,100,F62017,643.5283258185588,16.359561920166016
Sobol,29,"[(-100, 100)]",50,1000,100,F42017,1579.9603380968192,14.61453413963318
HDS,29,"[(-100, 100)]",100,1000,100,F292017,3602525791.951745,114.6695477962494
HDS,29,"[(-100, 100)]",100,1000,100,F282017,20272099651.799324,250.6078541278839
Sobol,29,"[(-100, 100)]",100,1000,100,F42017,33258.14713069072,14.870494842529297
Sobol,29,"[(-100, 100)]",50,1000,100,F292017,1201961999.455695,76.55078601837158
HDS,29,"[(-100, 100)]",30,1000,100,F62017,1522.318372618127,16.50500988960266
Sobol,29,"[(-100, 100)]",10,1000,100,F62017,642.4532017373053,15.700328826904297
HDS,29,"[(-100, 100)]",50,1000,100,F62017,36423.14027752783,16.820752143859863
HDS,29,"[(-100, 100)]",100,1000,100,F62017,970005.3483570516,18.26761507987976
Sobol,29,"[(-100, 100)]",30,1000,100,F62017,2837.429163137799,16.5060932636261
HDS,29,"[(-100, 100)]",10,1000,100,F72017,733.022647354626,21.215426683425903
Sobol,29,"[(-100, 100)]",50,1000,100,F62017,138917.97977841695,16.617356777191162
HDS,29,"[(-100, 100)]",30,1000,100,F72017,1129.3068995202682,20.5976459980011
Sobol,29,"[(-100, 100)]",50,1000,100,F282017,107172049.47482634,145.57668113708496
Sobol,29,"[(-100, 100)]",100,1000,100,F62017,609218.3754670679,16.654752016067505
HDS,29,"[(-100, 100)]",10,1000,100,F82017,802.3279730637138,0.8702332973480225
Sobol,29,"[(-100, 100)]",10,1000,100,F82017,801.7752357334294,0.7523298263549805
HDS,29,"[(-100, 100)]",30,1000,100,F82017,808.9249328884939,4.548089265823364
Sobol,29,"[(-100, 100)]",30,1000,100,F82017,809.3234746241892,3.319019079208374
HDS,29,"[(-100, 100)]",50,1000,100,F72017,1633.3097731086282,20.498363256454468
HDS,29,"[(-100, 100)]",50,1000,100,F82017,812.8273994457488,10.3043110370636
Sobol,29,"[(-100, 100)]",10,1000,100,F72017,734.2540220240173,20.337215900421143
Sobol,29,"[(-100, 100)]",30,1000,100,F72017,1117.3688406580684,19.98215794563293
HDS,29,"[(-100, 100)]",100,1000,100,F72017,3226.5674502882653,22.345494031906128
Sobol,29,"[(-100, 100)]",50,1000,100,F82017,815.3515461723883,10.14724087715149
HDS,29,"[(-100, 100)]",100,1000,100,F82017,868.1320483476522,18.52188205718994
Sobol,29,"[(-100, 100)]",50,1000,100,F72017,1626.8560363825238,20.67602515220642
HDS,29,"[(-100, 100)]",10,1000,100,F92017,-649.0578763353024,20.81110405921936
HDS,29,"[(-100, 100)]",30,1000,100,F92017,3535.2787670055186,20.517802000045776
Sobol,29,"[(-100, 100)]",100,1000,100,F72017,3182.0154637037763,21.23797821998596
HDS,29,"[(-100, 100)]",50,1000,100,F92017,10302.96631507807,21.362451791763306
Sobol,29,"[(-100, 100)]",100,1000,100,F82017,921.018922477018,17.294732809066772
Sobol,29,"[(-100, 100)]",10,1000,100,F92017,-1110.6387445252667,20.162704706192017
HDS,29,"[(-100, 100)]",100,1000,100,F92017,24881.922398467123,22.73351287841797
HDS,30,"[(-100, 100)]",10,1000,100,F102017,1055.5390540512035,17.06390905380249
Sobol,29,"[(-100, 100)]",30,1000,100,F92017,3622.178397705176,20.38245391845703
HDS,30,"[(-100, 100)]",30,1000,100,F102017,95569.33596967296,17.594117164611816
Sobol,29,"[(-100, 100)]",50,1000,100,F92017,8182.361536788474,20.26981496810913
HDS,30,"[(-100, 100)]",50,1000,100,F102017,257468.0572169501,18.20357728004456
Sobol,30,"[(-100, 100)]",10,1000,100,F102017,1093.3180171437268,17.273091793060303
Sobol,29,"[(-100, 100)]",100,1000,100,F292017,10053817110.767788,114.62723708152772
Sobol,29,"[(-100, 100)]",100,1000,100,F92017,25702.272982015897,21.99082088470459
HDS,30,"[(-100, 100)]",100,1000,100,F102017,1314546.234417213,19.369219064712524
Sobol,30,"[(-100, 100)]",30,1000,100,F102017,98661.6992557692,17.227782249450684
HDS,30,"[(-100, 100)]",10,1000,100,F112017,644597.4307275291,21.46090579032898
Sobol,30,"[(-100, 100)]",50,1000,100,F102017,353997.9702016217,17.16215491294861
HDS,30,"[(-100, 100)]",10,1000,100,F12017,13704.43912545974,13.619578123092651
Sobol,30,"[(-100, 100)]",100,1000,100,F102017,2505350.7083370453,17.872969150543213
HDS,30,"[(-100, 100)]",30,1000,100,F112017,27088929.088771462,22.00240421295166
HDS,30,"[(-100, 100)]",50,1000,100,F112017,305876081.7565007,22.23907709121704
HDS,30,"[(-100, 100)]",100,1000,100,F112017,4180687630.967652,23.544586420059204
HDS,30,"[(-100, 100)]",30,1000,100,F12017,38998052.64160357,13.914269924163818
Sobol,30,"[(-100, 100)]",10,1000,100,F12017,27256.67645895983,13.613385915756226
Sobol,30,"[(-100, 100)]",10,1000,100,F112017,253921.71524058012,21.415401935577396
HDS,30,"[(-100, 100)]",50,1000,100,F12017,654334258.2271113,14.348577976226808
Sobol,30,"[(-100, 100)]",30,1000,100,F112017,30718494.62629873,21.49637007713318
Sobol,30,"[(-100, 100)]",30,1000,100,F12017,181060424.81693843,13.695654153823853
Sobol,30,"[(-100, 100)]",50,1000,100,F112017,335279266.37462264,22.39589524269104
HDS,30,"[(-100, 100)]",100,1000,100,F12017,18472486208.108387,15.898375034332275
Sobol,30,"[(-100, 100)]",100,1000,100,F112017,8111879505.793749,23.165488243103027
Sobol,30,"[(-100, 100)]",50,1000,100,F12017,754371067.5238061,14.562993049621582
HDS,30,"[(-100, 100)]",10,1000,100,F122017,2147.211630206584,18.58597469329834
HDS,30,"[(-100, 100)]",30,1000,100,F122017,1283933.922507971,18.60871315002441
HDS,30,"[(-100, 100)]",50,1000,100,F122017,68190403.88716619,19.36326766014099
Sobol,30,"[(-100, 100)]",100,1000,100,F12017,72039194943.51099,14.035905122756958
HDS,30,"[(-100, 100)]",100,1000,100,F122017,6563642705.301464,19.786375999450684
HDS,30,"[(-100, 100)]",10,1000,100,F132017,1386.9853313541646,18.40426993370056
Sobol,30,"[(-100, 100)]",10,1000,100,F122017,1285.1825694563624,17.55774736404419
HDS,30,"[(-100, 100)]",30,1000,100,F132017,666104.5995284376,19.611729860305783
Sobol,30,"[(-100, 100)]",30,1000,100,F122017,860575.3628943503,17.928072929382324
Sobol,30,"[(-100, 100)]",50,1000,100,F122017,83667766.88471608,18.06194400787353
HDS,30,"[(-100, 100)]",50,1000,100,F132017,1975609.6504047369,20.74918007850647
Sobol,30,"[(-100, 100)]",100,1000,100,F122017,3633846204.649389,18.455251216888428
Sobol,30,"[(-100, 100)]",10,1000,100,F132017,1390.9816739460302,17.778913974761963
Sobol,30,"[(-100, 100)]",30,1000,100,F132017,387660.93379642407,18.949627161026
HDS,30,"[(-100, 100)]",100,1000,100,F132017,24330001.51532756,24.57314801216125
HDS,30,"[(-100, 100)]",10,1000,100,F142017,1868.4153580223328,17.77688717842102
HDS,30,"[(-100, 100)]",30,1000,100,F142017,768424.1569284423,17.857973098754883
Sobol,30,"[(-100, 100)]",50,1000,100,F132017,2452652.40494528,20.24525809288025
HDS,30,"[(-100, 100)]",50,1000,100,F142017,4791179.358606367,18.250105142593384
HDS,30,"[(-100, 100)]",10,1000,100,F152017,1337.333585870558,15.858157634735107
HDS,30,"[(-100, 100)]",100,1000,100,F142017,316712061.5260396,20.1002779006958
Sobol,30,"[(-100, 100)]",10,1000,100,F142017,1744.461136934485,18.13180017471313
Sobol,30,"[(-100, 100)]",30,1000,100,F142017,2255551.7139015165,17.813215970993042
Sobol,30,"[(-100, 100)]",100,1000,100,F132017,32085008.02216205,23.941622972488403
Sobol,30,"[(-100, 100)]",10,1000,100,F152017,1337.404567792193,16.03475785255432
Sobol,30,"[(-100, 100)]",50,1000,100,F142017,34153495.640298225,18.679727792739868
Sobol,30,"[(-100, 100)]",100,1000,100,F142017,409659542.1849492,18.929365873336792
HDS,30,"[(-100, 100)]",30,1000,100,F152017,3611.2933489825496,30.77502202987671
Sobol,29,"[(-100, 100)]",100,1000,100,F282017,5015386819.916154,249.8165340423584
HDS,30,"[(-100, 100)]",50,1000,100,F152017,14541.045363720614,37.122678995132446
HDS,30,"[(-100, 100)]",10,1000,100,F172017,,20.88661098480225
HDS,30,"[(-100, 100)]",10,1000,100,F162017,1501.12121384676,42.74671721458435
Sobol,30,"[(-100, 100)]",30,1000,100,F152017,3633.0644775206697,30.86053490638733
HDS,30,"[(-100, 100)]",100,1000,100,F152017,120034.57633619342,50.89842796325684
Sobol,30,"[(-100, 100)]",10,1000,100,F172017,,19.94295334815979
HDS,30,"[(-100, 100)]",30,1000,100,F172017,142534.2047763663,20.47698187828064
Sobol,30,"[(-100, 100)]",50,1000,100,F152017,16623.689443364663,36.448368072509766
HDS,30,"[(-100, 100)]",30,1000,100,F162017,183209.9917377648,78.62138199806213
HDS,30,"[(-100, 100)]",50,1000,100,F172017,1678967.5661311774,21.707401990890503
Sobol,30,"[(-100, 100)]",10,1000,100,F162017,1518.5692375653175,42.51561975479126
Sobol,30,"[(-100, 100)]",30,1000,100,F172017,158929.43876415133,19.24643611907959
HDS,30,"[(-100, 100)]",100,1000,100,F172017,12693913.75517236,21.136497974395752
Sobol,30,"[(-100, 100)]",100,1000,100,F152017,200609.66374615923,49.58403515815735
Sobol,30,"[(-100, 100)]",50,1000,100,F172017,2140380.714158097,20.71031498908997
HDS,30,"[(-100, 100)]",10,1000,100,F182017,1809.358223178864,20.90679407119751
Sobol,30,"[(-100, 100)]",100,1000,100,F172017,21508476.25938342,20.07890892028809
HDS,30,"[(-100, 100)]",50,1000,100,F162017,36156469.99597966,113.20784020423888
Sobol,30,"[(-100, 100)]",10,1000,100,F182017,1807.5136229600937,19.617680072784424
HDS,30,"[(-100, 100)]",30,1000,100,F182017,96340.29386688196,43.69841003417969
HDS,30,"[(-100, 100)]",10,1000,100,F192017,1835.125296106064,41.38638997077942
Sobol,30,"[(-100, 100)]",30,1000,100,F162017,94701.37000498702,76.51237201690674
HDS,30,"[(-100, 100)]",50,1000,100,F182017,2703946.722262966,59.80200386047363
Sobol,30,"[(-100, 100)]",30,1000,100,F182017,407530.5905778564,43.33818912506104
Sobol,30,"[(-100, 100)]",10,1000,100,F192017,1838.2820921096072,42.37315106391907
HDS,30,"[(-100, 100)]",100,1000,100,F182017,547991244.0512407,97.82410502433775
HDS,30,"[(-100, 100)]",30,1000,100,F192017,2933.1574860135065,78.02969074249268
HDS,30,"[(-100, 100)]",10,1000,100,F202017,2130.0241612244417,7.575294971466064
HDS,30,"[(-100, 100)]",100,1000,100,F162017,266733565998.7108,203.17150473594663
Sobol,30,"[(-100, 100)]",10,1000,100,F202017,2135.4274126013606,8.56115984916687
Sobol,30,"[(-100, 100)]",50,1000,100,F182017,2317871.8111521155,60.16226696968079
Sobol,30,"[(-100, 100)]",50,1000,100,F162017,902983559.1838714,111.8965413570404
HDS,30,"[(-100, 100)]",30,1000,100,F202017,2456.297367096842,23.220620155334476
HDS,30,"[(-100, 100)]",50,1000,100,F202017,3358.0812576350127,23.00820207595825
HDS,30,"[(-100, 100)]",100,1000,100,F202017,28564.51677247542,25.50697112083435
Sobol,30,"[(-100, 100)]",30,1000,100,F202017,2301.8770708481497,22.674099922180176
Sobol,30,"[(-100, 100)]",50,1000,100,F202017,4014.904986452175,23.27854013442993
HDS,30,"[(-100, 100)]",10,1000,100,F212017,2067.1028892756485,7.932123899459839
HDS,30,"[(-100, 100)]",50,1000,100,F192017,2393.852239827691,114.32187175750732
Sobol,30,"[(-100, 100)]",100,1000,100,F202017,21449.71719479149,24.48781418800354
Sobol,30,"[(-100, 100)]",30,1000,100,F192017,3461.5494388051998,78.90600395202637
HDS,30,"[(-100, 100)]",30,1000,100,F212017,2292.06644963227,24.711965799331665
Sobol,30,"[(-100, 100)]",10,1000,100,F212017,586.657024678658,26.41502594947815
Sobol,30,"[(-100, 100)]",100,1000,100,F182017,4417302106.346674,98.24443078041077
HDS,30,"[(-100, 100)]",10,1000,100,F22017,200.41522944578017,14.515933752059937
HDS,30,"[(-100, 100)]",50,1000,100,F212017,2561.907309605456,29.14409184455872
HDS,30,"[(-100, 100)]",100,1000,100,F212017,3205.370045003525,30.96646094322205
HDS,30,"[(-100, 100)]",30,1000,100,F22017,17133.084347419845,15.450685024261476
Sobol,30,"[(-100, 100)]",30,1000,100,F212017,2319.50775844827,27.51439619064331
Sobol,30,"[(-100, 100)]",10,1000,100,F22017,200.6822509636971,14.189768075942991
Sobol,30,"[(-100, 100)]",30,1000,100,F22017,26843.543373214517,14.701679944992064
HDS,30,"[(-100, 100)]",50,1000,100,F22017,75725.57552878851,14.397653102874756
HDS,30,"[(-100, 100)]",100,1000,100,F22017,241374.62764465896,15.601956129074097
Sobol,30,"[(-100, 100)]",50,1000,100,F212017,2629.19143159495,27.84822487831116
HDS,30,"[(-100, 100)]",10,1000,100,F222017,2369.960651773644,10.486498832702637
Sobol,30,"[(-100, 100)]",100,1000,100,F212017,3614.301781341558,28.92720103263855
Sobol,30,"[(-100, 100)]",50,1000,100,F22017,69865.96615237456,13.86658501625061
Sobol,30,"[(-100, 100)]",100,1000,100,F22017,315807.0387759923,14.640974044799805
Sobol,30,"[(-100, 100)]",10,1000,100,F222017,2382.9472939536995,11.386707067489624
HDS,30,"[(-100, 100)]",10,1000,100,F232017,2536.264161453124,11.307390928268433
HDS,30,"[(-100, 100)]",30,1000,100,F222017,3174.0767117420846,30.64745712280273
Sobol,30,"[(-100, 100)]",10,1000,100,F232017,2554.337560686275,8.781553268432617
HDS,30,"[(-100, 100)]",50,1000,100,F222017,8103.155928273301,31.447494983673096
HDS,30,"[(-100, 100)]",30,1000,100,F232017,3231.846741994834,26.600363969802856
HDS,30,"[(-100, 100)]",100,1000,100,F222017,34295.39496008953,34.86784505844116
HDS,30,"[(-100, 100)]",100,1000,100,F192017,4620.499103301185,207.2105450630188
Sobol,30,"[(-100, 100)]",50,1000,100,F192017,3254.377834868409,115.68448305130003
Sobol,30,"[(-100, 100)]",30,1000,100,F222017,3815.929070309816,29.736600160598755
HDS,30,"[(-100, 100)]",50,1000,100,F232017,4741.574903419207,26.62200427055359
Sobol,30,"[(-100, 100)]",50,1000,100,F222017,13712.199493612772,30.15862798690796
Sobol,30,"[(-100, 100)]",30,1000,100,F232017,3479.003582728566,25.424718856811523
HDS,30,"[(-100, 100)]",10,1000,100,F242017,2886.725918101414,10.831831932067873
Sobol,30,"[(-100, 100)]",100,1000,100,F222017,27244.324489757622,32.81562399864197
Sobol,30,"[(-100, 100)]",100,1000,100,F162017,79540528720.17278,204.025221824646
Sobol,30,"[(-100, 100)]",10,1000,100,F242017,2893.5139469333308,7.9178102016448975
HDS,30,"[(-100, 100)]",100,1000,100,F232017,46296.01005947442,28.48881220817566
Sobol,30,"[(-100, 100)]",50,1000,100,F232017,6754.716678737259,25.95478105545044
HDS,30,"[(-100, 100)]",10,1000,100,F252017,2957.327564765657,14.754215955734251
HDS,30,"[(-100, 100)]",30,1000,100,F242017,2866.38606948216,26.18496775627136
HDS,30,"[(-100, 100)]",50,1000,100,F242017,4573.481775144494,28.08849120140076
Sobol,30,"[(-100, 100)]",10,1000,100,F252017,2977.2480592849806,11.566494941711426
HDS,30,"[(-100, 100)]",100,1000,100,F242017,7711.274962804892,30.695955276489254
Sobol,30,"[(-100, 100)]",100,1000,100,F232017,43190.894805345466,27.653759002685547
Sobol,30,"[(-100, 100)]",30,1000,100,F242017,2874.2741102867226,16.59431505203247
Sobol,30,"[(-100, 100)]",50,1000,100,F242017,4005.845423486933,26.905828714370728
Sobol,30,"[(-100, 100)]",100,1000,100,F242017,7905.973360272154,29.2823486328125
HDS,30,"[(-100, 100)]",30,1000,100,F252017,3469.487298045632,72.30942678451538
HDS,30,"[(-100, 100)]",10,1000,100,F262017,2346.848331266669,47.53601288795471
Sobol,30,"[(-100, 100)]",10,1000,100,F262017,2968.5780183521574,15.34982180595398
HDS,30,"[(-100, 100)]",10,1000,100,F272017,2793.4176097189325,9.267958164215088
HDS,30,"[(-100, 100)]",30,1000,100,F262017,3221.9105584293648,73.15455174446106
HDS,30,"[(-100, 100)]",50,1000,100,F252017,5301.118080152111,97.52005672454834
Sobol,30,"[(-100, 100)]",10,1000,100,F272017,2848.464958939333,7.596108913421631
Sobol,30,"[(-100, 100)]",30,1000,100,F252017,3386.29706030327,71.58565902709961
HDS,30,"[(-100, 100)]",50,1000,100,F262017,3635.6192582642648,101.06120657920836
HDS,30,"[(-100, 100)]",30,1000,100,F272017,3222.792206820732,59.3983268737793
Sobol,30,"[(-100, 100)]",100,1000,100,F192017,5363.241295907219,202.4375500679016
Sobol,30,"[(-100, 100)]",30,1000,100,F262017,3212.632610983035,73.82827591896057
HDS,30,"[(-100, 100)]",100,1000,100,F252017,20785.756635132493,164.83920216560364
Sobol,30,"[(-100, 100)]",50,1000,100,F252017,4844.090784106585,97.7262089252472
HDS,30,"[(-100, 100)]",100,1000,100,F262017,5808.805347562511,166.3620080947876
Sobol,30,"[(-100, 100)]",30,1000,100,F272017,2885.7567358479087,60.589831829071045
HDS,30,"[(-100, 100)]",50,1000,100,F272017,3232.210227127309,92.14958310127258
HDS,30,"[(-100, 100)]",10,1000,100,F282017,4105.4979868871205,62.095563650131226
Sobol,30,"[(-100, 100)]",50,1000,100,F262017,3960.079026154077,96.92324209213255
Sobol,30,"[(-100, 100)]",10,1000,100,F282017,4284.784066666058,64.05483722686768
HDS,30,"[(-100, 100)]",30,1000,100,F282017,6438169.220936129,104.02494692802428
Sobol,30,"[(-100, 100)]",50,1000,100,F272017,3251.746234902532,88.80658411979675
HDS,30,"[(-100, 100)]",100,1000,100,F272017,4106.525831512492,158.60574507713318
HDS,30,"[(-100, 100)]",10,1000,100,F292017,,47.16787886619568
Sobol,30,"[(-100, 100)]",100,1000,100,F252017,18448.82494961124,162.4159071445465
HDS,30,"[(-100, 100)]",50,1000,100,F282017,400672550.6944176,146.13269710540771
HDS,30,"[(-100, 100)]",30,1000,100,F292017,884621.4050611902,60.064098834991455
Sobol,30,"[(-100, 100)]",100,1000,100,F262017,4911.170295882797,165.93401408195496
Sobol,30,"[(-100, 100)]",10,1000,100,F292017,,45.56597089767456
HDS,30,"[(-100, 100)]",10,1000,100,F32017,307.78279748159883,6.944659233093262
Sobol,30,"[(-100, 100)]",10,1000,100,F32017,305.1256336967286,6.017112255096436
Sobol,30,"[(-100, 100)]",30,1000,100,F282017,3008960.2748040315,105.07901000976562
HDS,30,"[(-100, 100)]",30,1000,100,F32017,370.84181579165937,16.1681649684906
HDS,30,"[(-100, 100)]",50,1000,100,F292017,1237797901.6727848,75.53205108642578
HDS,30,"[(-100, 100)]",50,1000,100,F32017,766.5299285125752,15.386238813400269
Sobol,30,"[(-100, 100)]",30,1000,100,F32017,377.3126575625426,15.894829034805298
Sobol,30,"[(-100, 100)]",50,1000,100,F32017,958.344788482397,15.10698413848877
Sobol,30,"[(-100, 100)]",30,1000,100,F292017,9905051.302853197,58.40915083885193
HDS,30,"[(-100, 100)]",10,1000,100,F42017,436.8749818975046,14.0281081199646
HDS,30,"[(-100, 100)]",30,1000,100,F42017,682.1305781558126,14.213475942611694
HDS,30,"[(-100, 100)]",100,1000,100,F32017,9644.559054577348,16.459877014160156
Sobol,30,"[(-100, 100)]",10,1000,100,F42017,431.5493592098044,13.778907299041748
Sobol,30,"[(-100, 100)]",30,1000,100,F42017,720.929549059817,14.19197678565979
Sobol,30,"[(-100, 100)]",100,1000,100,F32017,10304.70721105268,15.33138918876648
HDS,30,"[(-100, 100)]",10,1000,100,F52017,500.004813284151,0.372974157333374
Sobol,30,"[(-100, 100)]",10,1000,100,F52017,500.00562929769217,0.1999309062957763
HDS,30,"[(-100, 100)]",30,1000,100,F52017,500.05580560317634,0.5962791442871094
Sobol,30,"[(-100, 100)]",30,1000,100,F52017,500.0390683676944,0.2912518978118896
HDS,30,"[(-100, 100)]",50,1000,100,F52017,500.0464036736092,0.8641600608825684
Sobol,30,"[(-100, 100)]",50,1000,100,F52017,500.1029052663607,0.3997159004211426
HDS,30,"[(-100, 100)]",100,1000,100,F52017,500.09478416950674,1.9002630710601809
Sobol,30,"[(-100, 100)]",100,1000,100,F52017,500.1419319487375,0.661754846572876
HDS,30,"[(-100, 100)]",50,1000,100,F42017,3159.4108570788844,14.72190809249878
Sobol,30,"[(-100, 100)]",100,1000,100,F272017,4648.361562497957,159.55150485038757
HDS,30,"[(-100, 100)]",100,1000,100,F42017,45696.46382565029,16.612040758132935
HDS,30,"[(-100, 100)]",100,1000,100,F282017,21940575724.321484,248.94615817070007
HDS,30,"[(-100, 100)]",10,1000,100,F62017,647.9888568677884,15.904472827911375
Sobol,30,"[(-100, 100)]",50,1000,100,F42017,3020.963729641798,14.297446250915527
HDS,30,"[(-100, 100)]",30,1000,100,F62017,3417.03436621869,16.635310888290405
Sobol,30,"[(-100, 100)]",50,1000,100,F292017,2042685364.2644584,75.12380909919739
Sobol,30,"[(-100, 100)]",100,1000,100,F42017,31793.301733510747,14.722892999649048
HDS,30,"[(-100, 100)]",100,1000,100,F292017,6795271446.465583,113.49193072319032
Sobol,30,"[(-100, 100)]",10,1000,100,F62017,647.8409670766346,15.717775106430054
HDS,30,"[(-100, 100)]",50,1000,100,F62017,22915.296466057203,16.483041763305664
Sobol,30,"[(-100, 100)]",30,1000,100,F62017,2235.3822414516653,16.451502084732056
Sobol,30,"[(-100, 100)]",50,1000,100,F282017,569832068.8899025,146.12019681930542
HDS,30,"[(-100, 100)]",100,1000,100,F62017,834144.592564568,17.663985013961792
HDS,30,"[(-100, 100)]",10,1000,100,F72017,729.8221031872589,19.507487058639526
HDS,30,"[(-100, 100)]",30,1000,100,F72017,1139.6535451807883,19.51438021659851
Sobol,30,"[(-100, 100)]",50,1000,100,F62017,75451.83215119403,15.907423973083496
HDS,30,"[(-100, 100)]",10,1000,100,F82017,801.4425896572508,1.00819993019104
Sobol,30,"[(-100, 100)]",10,1000,100,F82017,802.4128440624689,0.9626929759979248
Sobol,30,"[(-100, 100)]",100,1000,100,F62017,1249856.0271628925,16.359699964523315
HDS,30,"[(-100, 100)]",30,1000,100,F82017,808.8922946740554,3.943372964859009
HDS,30,"[(-100, 100)]",50,1000,100,F72017,1718.8479014751024,20.99428009986877
Sobol,30,"[(-100, 100)]",10,1000,100,F72017,730.0675375229388,19.287045001983643
HDS,30,"[(-100, 100)]",100,1000,100,F72017,3169.155534421493,21.96485209465027
Sobol,30,"[(-100, 100)]",30,1000,100,F82017,807.609672591072,6.114382982254028
HDS,30,"[(-100, 100)]",50,1000,100,F82017,822.7582382333761,8.549202919006348
Sobol,30,"[(-100, 100)]",30,1000,100,F72017,1090.475952189786,20.418046951293945
Sobol,30,"[(-100, 100)]",50,1000,100,F82017,818.4256766209934,9.089108228683472
HDS,30,"[(-100, 100)]",100,1000,100,F82017,916.4965095768316,18.170042037963867
Sobol,30,"[(-100, 100)]",50,1000,100,F72017,1695.519279315064,20.786183834075928
Sobol,30,"[(-100, 100)]",100,1000,100,F72017,3170.983252834878,20.689878940582275
HDS,30,"[(-100, 100)]",10,1000,100,F92017,-1011.3020117140068,19.53962016105652
HDS,30,"[(-100, 100)]",30,1000,100,F92017,3118.617400894125,20.111205101013184
HDS,30,"[(-100, 100)]",50,1000,100,F92017,9644.084928183382,20.014897108078003
Sobol,30,"[(-100, 100)]",100,1000,100,F82017,907.9033704465384,16.288668155670166
HDS,31,"[(-100, 100)]",10,1000,100,F102017,1046.0488785689,17.062875747680664
Sobol,30,"[(-100, 100)]",10,1000,100,F92017,-521.8464877791585,18.879021883010864
HDS,30,"[(-100, 100)]",100,1000,100,F92017,23629.71314841853,23.105947256088257
Sobol,30,"[(-100, 100)]",30,1000,100,F92017,3618.135194352293,19.99682092666626
HDS,31,"[(-100, 100)]",30,1000,100,F102017,79035.04070618206,17.814759254455566
Sobol,30,"[(-100, 100)]",50,1000,100,F92017,8450.454780298558,20.35159492492676
Sobol,31,"[(-100, 100)]",10,1000,100,F102017,1075.7098181841643,17.06341004371643
HDS,31,"[(-100, 100)]",50,1000,100,F102017,279418.8641743129,17.786897897720337
Sobol,30,"[(-100, 100)]",100,1000,100,F92017,26090.05907432557,21.5893771648407
HDS,31,"[(-100, 100)]",100,1000,100,F102017,749353.0358877121,18.59215211868286
Sobol,31,"[(-100, 100)]",30,1000,100,F102017,69800.96961732855,16.47712206840515
Sobol,30,"[(-100, 100)]",100,1000,100,F292017,9086340492.744118,112.11533808708192
HDS,31,"[(-100, 100)]",10,1000,100,F112017,188228.06917843132,20.98089861869812
Sobol,31,"[(-100, 100)]",50,1000,100,F102017,305447.8431176846,16.996455907821655
HDS,31,"[(-100, 100)]",30,1000,100,F112017,41988811.62661221,22.00756573677063
Sobol,31,"[(-100, 100)]",100,1000,100,F102017,1381603.114023244,18.25909399986267
HDS,31,"[(-100, 100)]",50,1000,100,F112017,164844613.36631802,22.39050817489624
HDS,31,"[(-100, 100)]",10,1000,100,F12017,30718.410169721312,14.274969816207886
HDS,31,"[(-100, 100)]",30,1000,100,F12017,11439639.404172366,14.37721824645996
HDS,31,"[(-100, 100)]",100,1000,100,F112017,3865533444.220233,24.1646409034729
Sobol,31,"[(-100, 100)]",10,1000,100,F112017,151460.1751787209,22.058884143829346
Sobol,31,"[(-100, 100)]",30,1000,100,F112017,36277238.24753423,21.76544499397278
HDS,31,"[(-100, 100)]",50,1000,100,F12017,1650867761.6087718,14.5741229057312
Sobol,31,"[(-100, 100)]",10,1000,100,F12017,13856.442449878374,13.76286792755127
Sobol,31,"[(-100, 100)]",30,1000,100,F12017,40030668.42029857,13.558759212493896
Sobol,31,"[(-100, 100)]",50,1000,100,F112017,230708161.6755376,21.74107432365417
HDS,31,"[(-100, 100)]",100,1000,100,F12017,29632495319.55545,15.81278371810913
Sobol,31,"[(-100, 100)]",50,1000,100,F12017,940346523.0041498,13.755537033081056
Sobol,31,"[(-100, 100)]",100,1000,100,F112017,5272117895.421966,22.22755789756775
HDS,31,"[(-100, 100)]",10,1000,100,F122017,1753.0340488006425,17.972105979919434
HDS,31,"[(-100, 100)]",30,1000,100,F122017,250427.54369359912,18.309815168380737
HDS,31,"[(-100, 100)]",50,1000,100,F122017,6823882.6871797545,18.71648597717285
Sobol,31,"[(-100, 100)]",100,1000,100,F12017,35139959561.77865,15.018695831298828
HDS,31,"[(-100, 100)]",100,1000,100,F122017,4688062273.846157,20.31118893623352
HDS,31,"[(-100, 100)]",10,1000,100,F132017,1498.7840775441382,18.965232849121094
Sobol,31,"[(-100, 100)]",10,1000,100,F122017,1243.1420294766497,18.541789054870605
HDS,31,"[(-100, 100)]",30,1000,100,F132017,326691.9902264762,20.40834593772888
Sobol,31,"[(-100, 100)]",30,1000,100,F122017,1138170.619139346,19.0316698551178
Sobol,31,"[(-100, 100)]",50,1000,100,F122017,28014292.458462182,19.066739797592163
Sobol,31,"[(-100, 100)]",100,1000,100,F122017,3772949950.910023,18.595137119293213
HDS,31,"[(-100, 100)]",50,1000,100,F132017,1948231.7726009355,21.21895694732666
Sobol,31,"[(-100, 100)]",10,1000,100,F132017,1355.9732295610663,17.76944613456726
Sobol,31,"[(-100, 100)]",30,1000,100,F132017,339909.29747253074,19.378506183624268
HDS,31,"[(-100, 100)]",10,1000,100,F142017,1743.4814747579962,17.979129791259766
HDS,31,"[(-100, 100)]",30,1000,100,F142017,567462.3661490917,18.480520009994507
HDS,31,"[(-100, 100)]",100,1000,100,F132017,57058325.54553484,24.93757796287537
HDS,31,"[(-100, 100)]",50,1000,100,F142017,7321045.080422201,18.268510818481445
Sobol,31,"[(-100, 100)]",50,1000,100,F132017,2906453.27538696,20.50081205368042
HDS,31,"[(-100, 100)]",100,1000,100,F142017,587876703.5484862,20.66822195053101
Sobol,31,"[(-100, 100)]",10,1000,100,F142017,1622.8533340228291,18.424061059951782
Sobol,31,"[(-100, 100)]",30,1000,100,F142017,2187546.06217117,18.58920288085937
HDS,31,"[(-100, 100)]",10,1000,100,F152017,1341.2911110751213,26.179715871810917
Sobol,31,"[(-100, 100)]",50,1000,100,F142017,49916918.806215614,18.76605582237244
Sobol,31,"[(-100, 100)]",100,1000,100,F132017,37073667.93048247,24.212154150009155
Sobol,31,"[(-100, 100)]",100,1000,100,F142017,1472739803.6706862,19.728874921798703
Sobol,30,"[(-100, 100)]",100,1000,100,F282017,20455102730.677155,248.31289529800412
HDS,31,"[(-100, 100)]",30,1000,100,F152017,3739.164973304547,31.63859605789185
Sobol,31,"[(-100, 100)]",10,1000,100,F152017,1338.066309156217,22.042059898376465
HDS,31,"[(-100, 100)]",50,1000,100,F152017,8401.041850164062,36.72166609764099
HDS,31,"[(-100, 100)]",10,1000,100,F172017,,20.54497504234314
HDS,31,"[(-100, 100)]",10,1000,100,F162017,1511.2214870592131,42.40661811828613
HDS,31,"[(-100, 100)]",100,1000,100,F152017,122267.1917036446,50.08123421669006
Sobol,31,"[(-100, 100)]",30,1000,100,F152017,12087.699243584406,31.37930393218994
Sobol,31,"[(-100, 100)]",10,1000,100,F172017,,19.54130506515503
Sobol,31,"[(-100, 100)]",50,1000,100,F152017,8741.69359371969,35.875635862350464
HDS,31,"[(-100, 100)]",30,1000,100,F172017,109622.26756550264,19.925269603729248
HDS,31,"[(-100, 100)]",30,1000,100,F162017,595047.2711269349,77.49863004684448
HDS,31,"[(-100, 100)]",50,1000,100,F172017,1915006.5477887453,19.86450695991516
Sobol,31,"[(-100, 100)]",10,1000,100,F162017,1499.1651719611168,40.64404201507568
HDS,31,"[(-100, 100)]",100,1000,100,F172017,23654511.698219247,21.23851609230041
Sobol,31,"[(-100, 100)]",30,1000,100,F172017,134825.51774730094,19.288338899612427
Sobol,31,"[(-100, 100)]",100,1000,100,F152017,154062.2126021728,48.28698921203613
Sobol,31,"[(-100, 100)]",50,1000,100,F172017,914289.2066882842,19.839707851409912
HDS,31,"[(-100, 100)]",10,1000,100,F182017,1808.8694384486548,21.920556783676147
Sobol,31,"[(-100, 100)]",100,1000,100,F172017,23915931.557009157,20.2112250328064
HDS,31,"[(-100, 100)]",50,1000,100,F162017,16337148.821570965,115.4184901714325
Sobol,31,"[(-100, 100)]",10,1000,100,F182017,1810.571367686577,20.70925807952881
HDS,31,"[(-100, 100)]",30,1000,100,F182017,2169926.3211451946,44.11306810379028
HDS,31,"[(-100, 100)]",10,1000,100,F192017,1838.229809112088,41.73713302612305
HDS,31,"[(-100, 100)]",50,1000,100,F182017,18062086.717733487,59.16907906532288
Sobol,31,"[(-100, 100)]",30,1000,100,F162017,82011.57526305315,76.60278081893921
Sobol,31,"[(-100, 100)]",30,1000,100,F182017,253925.7431340877,43.79365921020508
Sobol,31,"[(-100, 100)]",10,1000,100,F192017,1829.727905528487,41.49554204940796
HDS,31,"[(-100, 100)]",100,1000,100,F182017,2259983471.4851074,96.10771107673644
HDS,31,"[(-100, 100)]",10,1000,100,F202017,2131.023219417913,7.577906847000122
HDS,31,"[(-100, 100)]",30,1000,100,F192017,3475.8548549738434,77.59038591384888
Sobol,31,"[(-100, 100)]",10,1000,100,F202017,2133.9775863420496,7.84508490562439
Sobol,31,"[(-100, 100)]",50,1000,100,F182017,2034257.424811917,58.39253211021423
HDS,31,"[(-100, 100)]",100,1000,100,F162017,4963308385.291261,204.7580132484436
HDS,31,"[(-100, 100)]",30,1000,100,F202017,2224.220815789636,22.51256895065308
HDS,31,"[(-100, 100)]",50,1000,100,F202017,3801.7981819811193,23.70246410369873
Sobol,31,"[(-100, 100)]",50,1000,100,F162017,4229444.692488695,114.2710280418396
Sobol,31,"[(-100, 100)]",30,1000,100,F202017,2880.2986061082383,22.177289962768555
HDS,31,"[(-100, 100)]",10,1000,100,F212017,2216.5112581364624,2.5371830463409424
Sobol,31,"[(-100, 100)]",10,1000,100,F212017,2215.079275178467,2.7125840187072754
Sobol,31,"[(-100, 100)]",50,1000,100,F202017,4598.418414193083,23.613507747650143
HDS,31,"[(-100, 100)]",100,1000,100,F202017,58894.30188663341,25.82504105567932
HDS,31,"[(-100, 100)]",50,1000,100,F192017,2498.1156078936906,114.11786389350893
HDS,31,"[(-100, 100)]",30,1000,100,F212017,2301.8493831496035,27.5101330280304
Sobol,31,"[(-100, 100)]",30,1000,100,F192017,2276.566255376933,78.61111116409302
HDS,31,"[(-100, 100)]",50,1000,100,F212017,2539.834686127313,28.698474168777462
Sobol,31,"[(-100, 100)]",100,1000,100,F202017,43199.799187372766,25.359229803085327
Sobol,31,"[(-100, 100)]",100,1000,100,F182017,2403621692.570646,96.70545887947084
HDS,31,"[(-100, 100)]",10,1000,100,F22017,200.5493050707963,15.002303838729858
HDS,31,"[(-100, 100)]",30,1000,100,F22017,15809.45998572922,14.353152751922607
Sobol,31,"[(-100, 100)]",30,1000,100,F212017,2302.5035976088384,24.98225998878479
HDS,31,"[(-100, 100)]",100,1000,100,F212017,3455.290702409675,31.67440104484558
Sobol,31,"[(-100, 100)]",50,1000,100,F212017,2509.824977043464,27.81460189819336
Sobol,31,"[(-100, 100)]",10,1000,100,F22017,200.8477499271536,14.731750249862673
Sobol,31,"[(-100, 100)]",30,1000,100,F22017,15172.947205621294,13.856059074401855
HDS,31,"[(-100, 100)]",50,1000,100,F22017,70852.69296077003,14.707684755325316
HDS,31,"[(-100, 100)]",10,1000,100,F222017,2366.218545456782,10.643171072006226
HDS,31,"[(-100, 100)]",100,1000,100,F22017,283442.6768043717,15.857329845428469
Sobol,31,"[(-100, 100)]",50,1000,100,F22017,90663.17283502869,14.292892694473268
Sobol,31,"[(-100, 100)]",10,1000,100,F222017,2382.049063238907,12.060030937194824
Sobol,31,"[(-100, 100)]",100,1000,100,F212017,3358.274064183452,30.21489977836609
Sobol,31,"[(-100, 100)]",100,1000,100,F22017,297329.4660037304,15.368243932724
HDS,31,"[(-100, 100)]",30,1000,100,F222017,2905.6951060081333,30.57629108428955
HDS,31,"[(-100, 100)]",10,1000,100,F232017,2542.6577801618405,10.646648168563845
Sobol,31,"[(-100, 100)]",10,1000,100,F232017,2547.845033722972,9.88108205795288
HDS,31,"[(-100, 100)]",50,1000,100,F222017,7004.886769931373,30.925537109375
HDS,31,"[(-100, 100)]",30,1000,100,F232017,2802.7199369961563,25.080233097076416
HDS,31,"[(-100, 100)]",100,1000,100,F222017,28434.54216663879,33.55756998062134
Sobol,31,"[(-100, 100)]",30,1000,100,F222017,3421.824808437351,28.844543933868408
HDS,31,"[(-100, 100)]",100,1000,100,F192017,4973.611953563436,207.84593605995175
Sobol,31,"[(-100, 100)]",50,1000,100,F192017,2701.4517943331693,116.03787899017334
HDS,31,"[(-100, 100)]",50,1000,100,F232017,4327.48325386581,26.792863845825195
HDS,31,"[(-100, 100)]",10,1000,100,F242017,2884.5340368508987,10.785935163497925
Sobol,31,"[(-100, 100)]",30,1000,100,F232017,3027.369562428886,25.140018224716187
Sobol,31,"[(-100, 100)]",50,1000,100,F222017,9523.964719733209,30.43361520767212
Sobol,31,"[(-100, 100)]",100,1000,100,F222017,30370.19953938308,32.124282121658325
Sobol,31,"[(-100, 100)]",10,1000,100,F242017,2894.431164316068,10.879873991012571
HDS,31,"[(-100, 100)]",100,1000,100,F232017,34245.90854033957,28.79936099052429
Sobol,31,"[(-100, 100)]",50,1000,100,F232017,6413.221137543178,26.00127077102661
Sobol,31,"[(-100, 100)]",100,1000,100,F162017,152311237389.0353,204.49652004241943
HDS,31,"[(-100, 100)]",10,1000,100,F252017,2976.538086795355,16.15733313560486
HDS,31,"[(-100, 100)]",30,1000,100,F242017,2873.9322291420685,28.41703486442566
HDS,31,"[(-100, 100)]",50,1000,100,F242017,4571.77283840398,28.72902011871338
Sobol,31,"[(-100, 100)]",100,1000,100,F232017,32754.414213831216,27.568071842193604
HDS,31,"[(-100, 100)]",100,1000,100,F242017,7372.92650823144,30.71241497993469
Sobol,31,"[(-100, 100)]",30,1000,100,F242017,2859.7129603301137,18.41074514389038
Sobol,31,"[(-100, 100)]",10,1000,100,F252017,2500.28487191102,30.632179021835327
Sobol,31,"[(-100, 100)]",50,1000,100,F242017,4463.6405119858,28.084423065185547
HDS,31,"[(-100, 100)]",10,1000,100,F262017,3000.5903232946007,11.41799807548523
Sobol,31,"[(-100, 100)]",10,1000,100,F262017,2998.593718111565,11.622467041015623
Sobol,31,"[(-100, 100)]",100,1000,100,F242017,9449.201997728942,29.82367157936096
HDS,31,"[(-100, 100)]",10,1000,100,F272017,2851.9210988957147,9.446563959121704
Sobol,31,"[(-100, 100)]",10,1000,100,F272017,2855.2245092036333,12.140629053115845
HDS,31,"[(-100, 100)]",30,1000,100,F252017,3414.968182285877,73.53927516937256
HDS,31,"[(-100, 100)]",50,1000,100,F252017,4974.8811689532295,101.0575201511383
HDS,31,"[(-100, 100)]",30,1000,100,F262017,3195.53665579301,76.87944197654724
Sobol,31,"[(-100, 100)]",30,1000,100,F252017,3375.893777271698,65.23365831375122
HDS,31,"[(-100, 100)]",50,1000,100,F262017,3744.376480241498,103.4905641078949
HDS,31,"[(-100, 100)]",30,1000,100,F272017,2888.638787066788,70.22721695899963
Sobol,31,"[(-100, 100)]",100,1000,100,F192017,5604.986073273502,210.4023060798645
Sobol,31,"[(-100, 100)]",30,1000,100,F262017,3200.3549201787214,73.49837017059326
HDS,31,"[(-100, 100)]",100,1000,100,F252017,23043.20050390604,167.83657908439636
Sobol,31,"[(-100, 100)]",50,1000,100,F252017,4798.607339084828,98.21659088134766
Sobol,31,"[(-100, 100)]",30,1000,100,F272017,2864.998448202998,67.13224482536316
HDS,31,"[(-100, 100)]",100,1000,100,F262017,5617.247128462024,169.02725291252136
HDS,31,"[(-100, 100)]",50,1000,100,F272017,3237.7660613690327,94.9347562789917
Sobol,31,"[(-100, 100)]",50,1000,100,F262017,3702.236317330494,100.1544909477234
HDS,31,"[(-100, 100)]",10,1000,100,F282017,4102.919653914851,63.43299317359924
HDS,31,"[(-100, 100)]",30,1000,100,F282017,4609235.812675294,105.03494095802309
Sobol,31,"[(-100, 100)]",10,1000,100,F282017,4055.7687655569207,63.29099106788635
Sobol,31,"[(-100, 100)]",50,1000,100,F272017,3232.873425783714,93.07840013504028
HDS,31,"[(-100, 100)]",100,1000,100,F272017,5770.112037522603,159.7290539741516
Sobol,31,"[(-100, 100)]",100,1000,100,F252017,21938.485750693795,163.8766007423401
HDS,31,"[(-100, 100)]",50,1000,100,F282017,1146238088.37744,144.70936512947085
HDS,31,"[(-100, 100)]",10,1000,100,F292017,,44.99132680892944
Sobol,31,"[(-100, 100)]",100,1000,100,F262017,5110.658369412838,163.46775126457214
HDS,31,"[(-100, 100)]",30,1000,100,F292017,46004996.52206307,59.95978903770447
Sobol,31,"[(-100, 100)]",10,1000,100,F292017,,44.545170068740845
HDS,31,"[(-100, 100)]",10,1000,100,F32017,308.59595343169724,4.366835832595825
Sobol,31,"[(-100, 100)]",10,1000,100,F32017,309.40761004639603,6.053386926651001
Sobol,31,"[(-100, 100)]",30,1000,100,F282017,57955743.04824885,105.04069995880128
HDS,31,"[(-100, 100)]",50,1000,100,F292017,816081939.9967374,75.64154076576233
HDS,31,"[(-100, 100)]",30,1000,100,F32017,385.2805003362058,15.183368921279907
HDS,31,"[(-100, 100)]",50,1000,100,F32017,1055.480320413209,16.16955327987671
Sobol,31,"[(-100, 100)]",30,1000,100,F32017,372.1309927892309,14.78700590133667
Sobol,31,"[(-100, 100)]",50,1000,100,F32017,1303.4270928978608,15.276012659072876
Sobol,31,"[(-100, 100)]",30,1000,100,F292017,7406431.439300913,59.230345010757446
HDS,31,"[(-100, 100)]",100,1000,100,F32017,9510.305229126216,16.912571907043457
HDS,31,"[(-100, 100)]",30,1000,100,F42017,693.7058261234915,15.000197887420654
HDS,31,"[(-100, 100)]",10,1000,100,F42017,430.95989333022857,15.268643856048584
Sobol,31,"[(-100, 100)]",30,1000,100,F42017,724.0973448666517,14.024163246154783
Sobol,31,"[(-100, 100)]",100,1000,100,F32017,5056.464776990564,15.002372980117798
Sobol,31,"[(-100, 100)]",10,1000,100,F42017,416.8256685589224,14.52319598197937
HDS,31,"[(-100, 100)]",10,1000,100,F52017,500.0076789560584,0.3665399551391601
Sobol,31,"[(-100, 100)]",10,1000,100,F52017,500.0023347488154,0.1973950862884521
HDS,31,"[(-100, 100)]",30,1000,100,F52017,500.0581747189767,0.6208913326263428
Sobol,31,"[(-100, 100)]",30,1000,100,F52017,500.0686921491158,0.2909929752349853
HDS,31,"[(-100, 100)]",50,1000,100,F52017,500.0696493131149,0.826448917388916
Sobol,31,"[(-100, 100)]",50,1000,100,F52017,500.0845672123722,0.4162259101867676
HDS,31,"[(-100, 100)]",100,1000,100,F52017,500.1032382498354,1.674699068069458
Sobol,31,"[(-100, 100)]",100,1000,100,F52017,500.1169956140776,0.6846132278442383
HDS,31,"[(-100, 100)]",100,1000,100,F282017,3059943841.852869,247.26472783088684
HDS,31,"[(-100, 100)]",50,1000,100,F42017,2318.916480722092,15.19054079055786
HDS,31,"[(-100, 100)]",100,1000,100,F42017,34832.50267858996,16.605945110321045
Sobol,31,"[(-100, 100)]",100,1000,100,F272017,4208.506370927154,159.09737992286682
HDS,31,"[(-100, 100)]",100,1000,100,F292017,11739520201.883797,115.06619906425476
HDS,31,"[(-100, 100)]",10,1000,100,F62017,644.8167813463291,16.2503559589386
Sobol,31,"[(-100, 100)]",50,1000,100,F282017,226314251.19399935,144.91849493980408
Sobol,31,"[(-100, 100)]",50,1000,100,F292017,447884357.39277065,75.36323404312134
Sobol,31,"[(-100, 100)]",50,1000,100,F42017,2008.175493829786,14.288295030593872
Sobol,31,"[(-100, 100)]",100,1000,100,F42017,17692.626201868472,14.858880043029783
HDS,31,"[(-100, 100)]",30,1000,100,F62017,8274.972895555138,16.199068069458008
Sobol,31,"[(-100, 100)]",10,1000,100,F62017,640.4851680002283,15.622792959213257
HDS,31,"[(-100, 100)]",50,1000,100,F62017,140240.16981889968,16.440556049346924
HDS,31,"[(-100, 100)]",100,1000,100,F62017,1179802.0065344572,18.013203144073486
HDS,31,"[(-100, 100)]",10,1000,100,F72017,734.742013568163,19.51265001296997
HDS,31,"[(-100, 100)]",30,1000,100,F72017,1110.5327984308606,19.558218002319336
Sobol,31,"[(-100, 100)]",30,1000,100,F62017,2100.1647929584287,15.748975038528442
Sobol,31,"[(-100, 100)]",50,1000,100,F62017,33102.33500609489,15.471832275390623
HDS,31,"[(-100, 100)]",10,1000,100,F82017,801.7090620100232,0.8220961093902588
Sobol,31,"[(-100, 100)]",10,1000,100,F82017,801.1949944554113,0.8276247978210449
HDS,31,"[(-100, 100)]",50,1000,100,F72017,1638.2441415204512,20.11066007614136
HDS,31,"[(-100, 100)]",30,1000,100,F82017,809.5766332866557,4.064924955368042
Sobol,31,"[(-100, 100)]",100,1000,100,F62017,1741730.5544415105,16.936086177825928
Sobol,31,"[(-100, 100)]",30,1000,100,F82017,809.7117929742647,6.2103447914123535
Sobol,31,"[(-100, 100)]",10,1000,100,F72017,738.9408410595559,19.22814393043518
Sobol,31,"[(-100, 100)]",30,1000,100,F72017,1115.081035959486,19.931554079055783
HDS,31,"[(-100, 100)]",50,1000,100,F82017,818.0031505563082,10.594391107559204
HDS,31,"[(-100, 100)]",100,1000,100,F72017,3379.4756201964046,21.95275902748108
Sobol,31,"[(-100, 100)]",50,1000,100,F72017,1632.182463045811,19.57604718208313
HDS,31,"[(-100, 100)]",100,1000,100,F82017,900.2708705251982,17.571846961975098
Sobol,31,"[(-100, 100)]",50,1000,100,F82017,823.0375278878741,12.38823914527893
HDS,31,"[(-100, 100)]",10,1000,100,F92017,-746.0289233546546,18.992934942245483
HDS,31,"[(-100, 100)]",30,1000,100,F92017,3244.8939721309616,19.38440704345703
Sobol,31,"[(-100, 100)]",100,1000,100,F72017,3141.5639773955845,20.14232301712036
HDS,31,"[(-100, 100)]",50,1000,100,F92017,8930.786523026767,20.136392831802368
Sobol,31,"[(-100, 100)]",100,1000,100,F82017,934.56715096215,16.348682165145874
Sobol,31,"[(-100, 100)]",10,1000,100,F92017,-832.5788060062578,18.646043062210083
HDS,31,"[(-100, 100)]",100,1000,100,F92017,24933.478300841387,21.82528305053711
Sobol,31,"[(-100, 100)]",30,1000,100,F92017,3467.7665731067264,19.03769588470459
HDS,32,"[(-100, 100)]",10,1000,100,F102017,1037.1314904368096,16.64264702796936
Sobol,31,"[(-100, 100)]",50,1000,100,F92017,9534.360170108805,19.437596082687374
HDS,32,"[(-100, 100)]",30,1000,100,F102017,49977.53366065831,16.95701289176941
HDS,32,"[(-100, 100)]",50,1000,100,F102017,280945.81775098294,18.185378789901733
Sobol,32,"[(-100, 100)]",10,1000,100,F102017,1035.4816180617909,16.587318897247314
Sobol,31,"[(-100, 100)]",100,1000,100,F92017,25653.053835654373,20.93178606033325
HDS,32,"[(-100, 100)]",100,1000,100,F102017,806007.1195536172,18.752844095230103
Sobol,31,"[(-100, 100)]",100,1000,100,F292017,13654313850.27584,112.174880027771
Sobol,32,"[(-100, 100)]",30,1000,100,F102017,70800.89181045342,17.214155197143555
HDS,32,"[(-100, 100)]",10,1000,100,F112017,227470.62294924332,21.29628086090088
Sobol,32,"[(-100, 100)]",50,1000,100,F102017,289360.5841447911,17.50430989265442
Sobol,32,"[(-100, 100)]",100,1000,100,F102017,1532530.3970138016,18.494775772094727
HDS,32,"[(-100, 100)]",30,1000,100,F112017,23508318.841394875,22.382866144180294
HDS,32,"[(-100, 100)]",10,1000,100,F12017,23497.78130314424,14.561434984207152
HDS,32,"[(-100, 100)]",50,1000,100,F112017,277611868.99082804,22.71808886528015
HDS,32,"[(-100, 100)]",30,1000,100,F12017,71509997.97794524,15.425185203552246
HDS,32,"[(-100, 100)]",100,1000,100,F112017,5631567873.729944,25.093080043792725
Sobol,32,"[(-100, 100)]",10,1000,100,F112017,126561.27902124343,22.019831657409668
HDS,32,"[(-100, 100)]",50,1000,100,F12017,2272838811.7081223,14.427454948425291
Sobol,32,"[(-100, 100)]",10,1000,100,F12017,19243.444298595987,13.709434747695925
Sobol,32,"[(-100, 100)]",30,1000,100,F112017,20809000.66246525,21.225134134292603
Sobol,32,"[(-100, 100)]",30,1000,100,F12017,27458255.397535883,14.21717929840088
Sobol,32,"[(-100, 100)]",50,1000,100,F112017,352171389.2426648,21.075280904769897
Sobol,32,"[(-100, 100)]",50,1000,100,F12017,1992565014.0688372,13.815876722335815
HDS,32,"[(-100, 100)]",100,1000,100,F12017,34363742507.48802,15.33803915977478
HDS,32,"[(-100, 100)]",10,1000,100,F122017,1515.383933902477,18.331311225891117
Sobol,32,"[(-100, 100)]",100,1000,100,F112017,5306602925.242544,23.0132839679718
HDS,32,"[(-100, 100)]",30,1000,100,F122017,1026640.9810406952,18.8077929019928
Sobol,32,"[(-100, 100)]",100,1000,100,F12017,25840111535.432304,14.512682914733888
HDS,32,"[(-100, 100)]",50,1000,100,F122017,65290724.28119664,19.61626172065735
HDS,32,"[(-100, 100)]",100,1000,100,F122017,2771249553.984774,21.111804246902462
HDS,32,"[(-100, 100)]",10,1000,100,F132017,1428.4251414326568,18.86336898803711
Sobol,32,"[(-100, 100)]",10,1000,100,F122017,1502.1025976428125,18.263211965560917
HDS,32,"[(-100, 100)]",30,1000,100,F132017,272830.0335046457,20.655850172042847
Sobol,32,"[(-100, 100)]",30,1000,100,F122017,781296.0555357633,18.172258138656616
Sobol,32,"[(-100, 100)]",50,1000,100,F122017,21837940.925420284,18.402657985687256
HDS,32,"[(-100, 100)]",50,1000,100,F132017,2119038.105512131,20.902830839157104
Sobol,32,"[(-100, 100)]",100,1000,100,F122017,1578380562.36385,18.791563034057617
Sobol,32,"[(-100, 100)]",10,1000,100,F132017,1346.0219010445785,17.60211491584778
Sobol,32,"[(-100, 100)]",30,1000,100,F132017,286802.81375036296,19.97806525230408
HDS,32,"[(-100, 100)]",100,1000,100,F132017,24510379.732945383,24.81048321723938
HDS,32,"[(-100, 100)]",10,1000,100,F142017,2004.4616165874045,18.0680570602417
HDS,32,"[(-100, 100)]",30,1000,100,F142017,2484352.476985575,18.77871322631836
HDS,32,"[(-100, 100)]",50,1000,100,F142017,10945476.61486272,18.52521085739136
Sobol,32,"[(-100, 100)]",50,1000,100,F132017,4612202.946439774,20.41731286048889
HDS,32,"[(-100, 100)]",100,1000,100,F142017,1078770204.7622895,19.94979190826416
Sobol,32,"[(-100, 100)]",10,1000,100,F142017,1687.9835046919115,17.436994791030884
Sobol,32,"[(-100, 100)]",30,1000,100,F142017,1655235.3969646457,18.012107849121094
HDS,32,"[(-100, 100)]",10,1000,100,F152017,1341.9798561249645,24.852093935012817
Sobol,32,"[(-100, 100)]",50,1000,100,F142017,78308182.29127643,17.624767780303955
Sobol,32,"[(-100, 100)]",100,1000,100,F132017,30755228.497796927,23.59351134300232
Sobol,32,"[(-100, 100)]",100,1000,100,F142017,1111349160.208769,18.105764865875244
Sobol,31,"[(-100, 100)]",100,1000,100,F282017,9652457079.095736,244.90517902374268
HDS,32,"[(-100, 100)]",30,1000,100,F152017,2065.2751337800905,30.66886305809021
Sobol,32,"[(-100, 100)]",10,1000,100,F152017,1337.098650990427,16.817873239517212
HDS,32,"[(-100, 100)]",50,1000,100,F152017,22465.89800438106,36.17866373062134
HDS,32,"[(-100, 100)]",10,1000,100,F172017,,20.01246190071106
HDS,32,"[(-100, 100)]",10,1000,100,F162017,1493.1931248610456,41.28743577003479
Sobol,32,"[(-100, 100)]",30,1000,100,F152017,1682.2735284527107,29.405611038208008
HDS,32,"[(-100, 100)]",100,1000,100,F152017,93508.87764221765,50.30216813087464
Sobol,32,"[(-100, 100)]",10,1000,100,F172017,,21.339802026748657
HDS,32,"[(-100, 100)]",30,1000,100,F172017,125075.37390719842,20.20642709732056
Sobol,32,"[(-100, 100)]",50,1000,100,F152017,19026.66638033212,36.45348691940308
HDS,32,"[(-100, 100)]",50,1000,100,F172017,1273446.933208252,20.48440718650818
HDS,32,"[(-100, 100)]",30,1000,100,F162017,59326.7826708036,78.886727809906
Sobol,32,"[(-100, 100)]",30,1000,100,F172017,95225.8950886264,19.503780841827396
Sobol,32,"[(-100, 100)]",10,1000,100,F162017,1488.8953108106732,42.94652700424194
HDS,32,"[(-100, 100)]",100,1000,100,F172017,13657850.279586216,21.40543222427368
Sobol,32,"[(-100, 100)]",100,1000,100,F152017,133501.52590230352,49.83780598640442
Sobol,32,"[(-100, 100)]",50,1000,100,F172017,1942836.3305691488,20.74731492996216
HDS,32,"[(-100, 100)]",10,1000,100,F182017,1806.3683379659929,19.362744092941284
Sobol,32,"[(-100, 100)]",100,1000,100,F172017,11487474.701350909,20.439173936843872
HDS,32,"[(-100, 100)]",50,1000,100,F162017,110800079.97913392,115.053631067276
Sobol,32,"[(-100, 100)]",10,1000,100,F182017,1803.3384861069876,21.57027506828308
HDS,32,"[(-100, 100)]",30,1000,100,F182017,227918.46116635317,44.59284996986389
HDS,32,"[(-100, 100)]",10,1000,100,F192017,1849.3698579140755,41.76248621940613
Sobol,32,"[(-100, 100)]",30,1000,100,F162017,74867.93705863571,76.63336491584778
HDS,32,"[(-100, 100)]",50,1000,100,F182017,12527745.654561603,59.269546031951904
Sobol,32,"[(-100, 100)]",30,1000,100,F182017,308587.6752458382,42.47621393203735
Sobol,32,"[(-100, 100)]",10,1000,100,F192017,1853.4729324103869,41.27803707122803
HDS,32,"[(-100, 100)]",100,1000,100,F182017,584371034.7544441,97.31223917007446
HDS,32,"[(-100, 100)]",30,1000,100,F192017,2708.86173321598,77.68201398849487
HDS,32,"[(-100, 100)]",10,1000,100,F202017,2135.6674207873343,9.871981143951416
Sobol,32,"[(-100, 100)]",10,1000,100,F202017,2135.895103069504,7.071844100952148
HDS,32,"[(-100, 100)]",100,1000,100,F162017,45176332057.39674,200.27925300598145
Sobol,32,"[(-100, 100)]",50,1000,100,F182017,39348069.65517914,59.81771802902222
Sobol,32,"[(-100, 100)]",50,1000,100,F162017,69367210.9478251,113.92628908157349
HDS,32,"[(-100, 100)]",30,1000,100,F202017,2432.3845506909493,23.55598497390747
HDS,32,"[(-100, 100)]",50,1000,100,F202017,4163.131719994259,23.5189220905304
HDS,32,"[(-100, 100)]",100,1000,100,F202017,35808.65918291706,25.236703872680664
Sobol,32,"[(-100, 100)]",30,1000,100,F202017,2485.974389733007,23.39820122718811
HDS,32,"[(-100, 100)]",10,1000,100,F212017,2216.5976931325454,2.629854917526245
Sobol,32,"[(-100, 100)]",10,1000,100,F212017,2214.2682595944257,2.956003904342652
Sobol,32,"[(-100, 100)]",50,1000,100,F202017,4510.95413693625,22.81665015220642
HDS,32,"[(-100, 100)]",50,1000,100,F192017,3029.9898893402487,115.09540700912476
Sobol,32,"[(-100, 100)]",100,1000,100,F202017,52846.926283027,24.139105796813965
Sobol,32,"[(-100, 100)]",30,1000,100,F192017,2472.4255835761364,78.53588771820068
HDS,32,"[(-100, 100)]",30,1000,100,F212017,2315.0849476456315,27.60962986946106
HDS,32,"[(-100, 100)]",50,1000,100,F212017,2512.9397497883374,29.07485699653625
HDS,32,"[(-100, 100)]",10,1000,100,F22017,200.72881422238905,12.498277187347412
Sobol,32,"[(-100, 100)]",100,1000,100,F182017,1567230611.9811256,97.18138909339903
Sobol,32,"[(-100, 100)]",10,1000,100,F22017,202.7643475445272,14.17825722694397
HDS,32,"[(-100, 100)]",30,1000,100,F22017,20269.28470955204,14.569150924682615
HDS,32,"[(-100, 100)]",100,1000,100,F212017,3176.775961922268,31.011006832122803
Sobol,32,"[(-100, 100)]",30,1000,100,F212017,2302.6432384425075,26.931975841522217
Sobol,32,"[(-100, 100)]",50,1000,100,F212017,2578.136087879947,28.434009075164795
Sobol,32,"[(-100, 100)]",30,1000,100,F22017,25922.9880627009,14.09795594215393
HDS,32,"[(-100, 100)]",50,1000,100,F22017,80844.58554869801,14.61530900001526
HDS,32,"[(-100, 100)]",10,1000,100,F222017,2364.30850437041,10.827551126480104
HDS,32,"[(-100, 100)]",100,1000,100,F22017,256432.326871256,16.24049997329712
Sobol,32,"[(-100, 100)]",50,1000,100,F22017,89610.8117487657,13.792094945907593
Sobol,32,"[(-100, 100)]",100,1000,100,F212017,3546.93252987546,29.4309241771698
Sobol,32,"[(-100, 100)]",10,1000,100,F222017,2435.529321345132,10.09103512763977
Sobol,32,"[(-100, 100)]",100,1000,100,F22017,233905.91845696012,15.605270862579346
HDS,32,"[(-100, 100)]",30,1000,100,F222017,2873.234324719604,29.73559308052063
HDS,32,"[(-100, 100)]",10,1000,100,F232017,2532.9266205937893,11.519463062286375
Sobol,32,"[(-100, 100)]",10,1000,100,F232017,2558.024277237345,11.27689290046692
HDS,32,"[(-100, 100)]",50,1000,100,F222017,5247.628667904034,31.24491810798645
HDS,32,"[(-100, 100)]",100,1000,100,F222017,24116.440912777027,33.08847904205322
HDS,32,"[(-100, 100)]",30,1000,100,F232017,2798.490229353693,25.105189085006717
HDS,32,"[(-100, 100)]",100,1000,100,F192017,5309.578180074819,205.2209060192108
Sobol,32,"[(-100, 100)]",30,1000,100,F222017,2959.64089665548,29.41786503791809
Sobol,32,"[(-100, 100)]",50,1000,100,F192017,2227.2970859179622,114.5482017993927
HDS,32,"[(-100, 100)]",50,1000,100,F232017,6446.945487752106,25.44193410873413
HDS,32,"[(-100, 100)]",10,1000,100,F242017,2886.6637351534337,8.613698720932007
Sobol,32,"[(-100, 100)]",50,1000,100,F222017,12556.733465939487,29.477231740951535
Sobol,32,"[(-100, 100)]",30,1000,100,F232017,2894.695826190973,24.949341773986816
Sobol,32,"[(-100, 100)]",10,1000,100,F242017,2887.2514404173744,10.630851745605469
Sobol,32,"[(-100, 100)]",100,1000,100,F222017,25570.530724121607,31.552037000656128
HDS,32,"[(-100, 100)]",100,1000,100,F232017,61665.02637991744,28.802680015563965
Sobol,32,"[(-100, 100)]",100,1000,100,F162017,1506709029454.1655,200.1055588722229
Sobol,32,"[(-100, 100)]",50,1000,100,F232017,11484.791093636268,24.922939777374268
HDS,32,"[(-100, 100)]",10,1000,100,F252017,2975.9560542305408,13.466236114501951
HDS,32,"[(-100, 100)]",30,1000,100,F242017,2858.3465044497766,24.369733095169067
HDS,32,"[(-100, 100)]",50,1000,100,F242017,4450.252654253376,27.301560640335083
Sobol,32,"[(-100, 100)]",10,1000,100,F252017,2977.095870169205,12.440492868423462
HDS,32,"[(-100, 100)]",100,1000,100,F242017,5792.558792459973,30.653531789779663
Sobol,32,"[(-100, 100)]",100,1000,100,F232017,35706.507220601285,27.747502088546756
Sobol,32,"[(-100, 100)]",30,1000,100,F242017,2878.708483619954,25.769694089889526
Sobol,32,"[(-100, 100)]",50,1000,100,F242017,4490.68593837149,27.37699294090271
Sobol,32,"[(-100, 100)]",100,1000,100,F242017,7529.560161106604,30.19615888595581
HDS,32,"[(-100, 100)]",30,1000,100,F252017,3408.2568283347846,71.43672776222229
HDS,32,"[(-100, 100)]",10,1000,100,F262017,2695.334903051986,47.72667384147644
Sobol,32,"[(-100, 100)]",10,1000,100,F262017,2994.4164352744515,13.070355892181396
HDS,32,"[(-100, 100)]",10,1000,100,F272017,2828.9333833091605,9.669315099716188
HDS,32,"[(-100, 100)]",50,1000,100,F252017,4957.278035099933,97.54227781295776
Sobol,32,"[(-100, 100)]",10,1000,100,F272017,2829.6818303217856,11.142651796340942
HDS,32,"[(-100, 100)]",30,1000,100,F262017,3246.6373547622165,74.04634022712708
Sobol,32,"[(-100, 100)]",30,1000,100,F252017,3386.2628713020813,71.41748189926147
HDS,32,"[(-100, 100)]",50,1000,100,F262017,3847.577771060154,101.45658683776855
HDS,32,"[(-100, 100)]",30,1000,100,F272017,3189.311094804421,49.54684066772461
Sobol,32,"[(-100, 100)]",100,1000,100,F192017,6990.7744251468175,202.63887190818787
Sobol,32,"[(-100, 100)]",30,1000,100,F262017,3219.440858583885,74.31415176391602
HDS,32,"[(-100, 100)]",100,1000,100,F252017,17881.734476778533,164.1771490573883
Sobol,32,"[(-100, 100)]",50,1000,100,F252017,5501.653897184082,97.72089290618896
Sobol,32,"[(-100, 100)]",30,1000,100,F272017,2879.680651048669,59.30918979644776
HDS,32,"[(-100, 100)]",100,1000,100,F262017,5125.012773492002,165.7752001285553
HDS,32,"[(-100, 100)]",50,1000,100,F272017,3151.553793037218,95.39791107177734
Sobol,32,"[(-100, 100)]",50,1000,100,F262017,3716.9250134188687,101.5237340927124
HDS,32,"[(-100, 100)]",10,1000,100,F282017,4071.55998493809,65.8731529712677
HDS,32,"[(-100, 100)]",30,1000,100,F282017,69786240.00093687,105.53142404556274
Sobol,32,"[(-100, 100)]",10,1000,100,F282017,3998.7017091975936,63.486923933029175
Sobol,32,"[(-100, 100)]",50,1000,100,F272017,3206.434757149845,80.09875202178955
HDS,32,"[(-100, 100)]",100,1000,100,F272017,4114.637819198059,161.33328890800476
Sobol,32,"[(-100, 100)]",100,1000,100,F252017,22062.96351946105,163.1996762752533
HDS,32,"[(-100, 100)]",10,1000,100,F292017,,45.30476498603821
HDS,32,"[(-100, 100)]",50,1000,100,F282017,430745277.8826375,149.24541997909546
HDS,32,"[(-100, 100)]",30,1000,100,F292017,8568994.63911855,59.43795680999756
Sobol,32,"[(-100, 100)]",100,1000,100,F262017,4901.051187383357,163.02514910697937
Sobol,32,"[(-100, 100)]",10,1000,100,F292017,,44.95070719718933
Sobol,32,"[(-100, 100)]",30,1000,100,F282017,22044220.35227276,102.6038019657135
HDS,32,"[(-100, 100)]",10,1000,100,F32017,305.7283360659916,8.788312196731567
Sobol,32,"[(-100, 100)]",10,1000,100,F32017,308.55289913356387,5.745963096618652
HDS,32,"[(-100, 100)]",50,1000,100,F292017,1711681521.7038293,75.23887825012207
HDS,32,"[(-100, 100)]",30,1000,100,F32017,357.1228513372677,15.468313932418823
HDS,32,"[(-100, 100)]",50,1000,100,F32017,1221.58220529678,15.993374824523926
Sobol,32,"[(-100, 100)]",30,1000,100,F292017,59284751.35351346,59.585277795791626
Sobol,32,"[(-100, 100)]",30,1000,100,F32017,362.9551016270008,14.69091820716858
Sobol,32,"[(-100, 100)]",50,1000,100,F32017,864.9644904314624,16.054659843444824
HDS,32,"[(-100, 100)]",10,1000,100,F42017,432.31073755920687,14.45582103729248
HDS,32,"[(-100, 100)]",100,1000,100,F32017,11378.334999352724,17.056635856628418
HDS,32,"[(-100, 100)]",30,1000,100,F42017,655.5086185568562,15.36807918548584
Sobol,32,"[(-100, 100)]",10,1000,100,F42017,432.5122342253538,13.989564895629885
Sobol,32,"[(-100, 100)]",100,1000,100,F32017,5069.32837212713,14.97924518585205
Sobol,32,"[(-100, 100)]",30,1000,100,F42017,778.2969314046153,15.408859968185425
HDS,32,"[(-100, 100)]",10,1000,100,F52017,500.00581628310215,0.3924448490142822
HDS,32,"[(-100, 100)]",50,1000,100,F42017,5198.332235457185,15.064082145690918
Sobol,32,"[(-100, 100)]",10,1000,100,F52017,500.0079629464631,0.2027320861816406
HDS,32,"[(-100, 100)]",30,1000,100,F52017,500.03139915567687,0.5910530090332031
Sobol,32,"[(-100, 100)]",30,1000,100,F52017,500.06248389038063,0.3094210624694824
HDS,32,"[(-100, 100)]",50,1000,100,F52017,500.0715286621178,0.9180681705474854
Sobol,32,"[(-100, 100)]",50,1000,100,F52017,500.0973677922392,0.4753458499908447
HDS,32,"[(-100, 100)]",100,1000,100,F42017,45321.26792631209,16.261230945587158
HDS,32,"[(-100, 100)]",100,1000,100,F52017,500.105648862765,1.799536943435669
Sobol,32,"[(-100, 100)]",100,1000,100,F52017,500.1336592777868,0.6839969158172607
Sobol,32,"[(-100, 100)]",100,1000,100,F272017,4197.25781921331,159.31508898735046
HDS,32,"[(-100, 100)]",100,1000,100,F282017,5538001661.941421,248.90059518814087
Sobol,32,"[(-100, 100)]",50,1000,100,F42017,2806.371946630859,14.30699586868286
HDS,32,"[(-100, 100)]",100,1000,100,F292017,2973922534.0269966,114.33183932304382
Sobol,32,"[(-100, 100)]",50,1000,100,F292017,848129015.7906258,75.17485308647156
Sobol,32,"[(-100, 100)]",100,1000,100,F42017,30739.740335180155,15.217084884643556
HDS,32,"[(-100, 100)]",10,1000,100,F62017,633.3869604654686,16.40723490715027
HDS,32,"[(-100, 100)]",30,1000,100,F62017,2828.3699794517,17.135034799575806
HDS,32,"[(-100, 100)]",50,1000,100,F62017,135986.52729445006,16.854019165039062
Sobol,32,"[(-100, 100)]",50,1000,100,F282017,1321763618.4769423,149.7734830379486
HDS,32,"[(-100, 100)]",100,1000,100,F62017,1307170.702769742,18.28698706626892
Sobol,32,"[(-100, 100)]",10,1000,100,F62017,638.1125844530358,15.714278936386108
HDS,32,"[(-100, 100)]",10,1000,100,F72017,725.4070360452639,19.710652112960812
Sobol,32,"[(-100, 100)]",30,1000,100,F62017,1709.446148277651,16.03678297996521
Sobol,32,"[(-100, 100)]",50,1000,100,F62017,28990.89152192368,15.75896692276001
HDS,32,"[(-100, 100)]",10,1000,100,F82017,800.8251667792022,0.9078469276428224
Sobol,32,"[(-100, 100)]",10,1000,100,F82017,802.0071340977709,0.8580639362335205
Sobol,32,"[(-100, 100)]",100,1000,100,F62017,925337.4025466404,17.026774168014526
HDS,32,"[(-100, 100)]",30,1000,100,F82017,807.9549259896088,5.399699926376343
HDS,32,"[(-100, 100)]",30,1000,100,F72017,1160.5251934943128,21.672062158584595
HDS,32,"[(-100, 100)]",50,1000,100,F72017,1689.2236809617962,21.124526023864743
Sobol,32,"[(-100, 100)]",10,1000,100,F72017,737.9722732220554,20.192405939102173
Sobol,32,"[(-100, 100)]",30,1000,100,F82017,808.5885636814705,4.547133207321167
HDS,32,"[(-100, 100)]",100,1000,100,F72017,3331.0508363091376,22.636700868606567
HDS,32,"[(-100, 100)]",50,1000,100,F82017,814.2924690648616,10.86840009689331
Sobol,32,"[(-100, 100)]",50,1000,100,F82017,815.7981755192881,11.323558807373049
HDS,32,"[(-100, 100)]",100,1000,100,F82017,892.1736010693637,17.592827081680298
Sobol,32,"[(-100, 100)]",30,1000,100,F72017,1146.1666822789434,20.23017120361328
Sobol,32,"[(-100, 100)]",50,1000,100,F72017,1563.5732640479832,19.633483171463013
HDS,32,"[(-100, 100)]",10,1000,100,F92017,-502.211584536758,19.16167187690735
Sobol,32,"[(-100, 100)]",100,1000,100,F72017,3043.429145234045,20.80488109588623
Sobol,32,"[(-100, 100)]",100,1000,100,F82017,931.7629297427636,17.10160803794861
HDS,32,"[(-100, 100)]",30,1000,100,F92017,3855.0671160648126,20.47771525382996
Sobol,32,"[(-100, 100)]",10,1000,100,F92017,-1117.097590739365,20.227673768997192
HDS,32,"[(-100, 100)]",50,1000,100,F92017,7517.399355131149,22.481722831726078
HDS,32,"[(-100, 100)]",100,1000,100,F92017,25312.22878867564,23.402034044265747
HDS,33,"[(-100, 100)]",10,1000,100,F102017,1098.4071194077892,18.00406312942505
HDS,33,"[(-100, 100)]",30,1000,100,F102017,117614.24764267611,17.61956024169922
Sobol,32,"[(-100, 100)]",30,1000,100,F92017,4401.500303206823,20.61918902397156
HDS,33,"[(-100, 100)]",50,1000,100,F102017,190491.42506585724,17.5095431804657
Sobol,33,"[(-100, 100)]",10,1000,100,F102017,1132.09302515063,16.755836963653564
Sobol,32,"[(-100, 100)]",50,1000,100,F92017,8611.020116321124,20.800582885742188
Sobol,32,"[(-100, 100)]",100,1000,100,F92017,24745.075112873143,20.97328734397888
Sobol,33,"[(-100, 100)]",30,1000,100,F102017,151175.7978028042,16.808045148849487
Sobol,32,"[(-100, 100)]",100,1000,100,F292017,3402790062.397787,114.72066402435304
Sobol,33,"[(-100, 100)]",50,1000,100,F102017,188400.15590394905,16.91769289970398
HDS,33,"[(-100, 100)]",100,1000,100,F102017,2643833.8112402894,18.363574028015137
HDS,33,"[(-100, 100)]",10,1000,100,F112017,100874.97768945788,21.126886129379272
HDS,33,"[(-100, 100)]",30,1000,100,F112017,31705834.889509253,22.18510603904724
HDS,33,"[(-100, 100)]",50,1000,100,F112017,163268235.81133908,21.584916830062863
HDS,33,"[(-100, 100)]",10,1000,100,F12017,12313.769592991,13.405750036239624
HDS,33,"[(-100, 100)]",30,1000,100,F12017,31466607.242714453,13.15886116027832
HDS,33,"[(-100, 100)]",100,1000,100,F112017,5453016930.420015,22.8568172454834
Sobol,33,"[(-100, 100)]",100,1000,100,F102017,1175039.4509578175,17.430721044540405
Sobol,33,"[(-100, 100)]",10,1000,100,F12017,48097.30967389922,13.345386028289797
Sobol,33,"[(-100, 100)]",30,1000,100,F12017,21132779.49275237,13.158524751663208
Sobol,33,"[(-100, 100)]",10,1000,100,F112017,142835.31720468064,20.693953037261963
Sobol,33,"[(-100, 100)]",30,1000,100,F112017,27379306.500540424,21.73086905479431
HDS,33,"[(-100, 100)]",50,1000,100,F12017,1193363785.233919,13.980537176132202
Sobol,33,"[(-100, 100)]",50,1000,100,F112017,101077876.3932662,21.59640383720398
Sobol,33,"[(-100, 100)]",100,1000,100,F112017,4669216896.58675,21.71447491645813
HDS,33,"[(-100, 100)]",100,1000,100,F12017,17460804002.759247,14.930165767669678
HDS,33,"[(-100, 100)]",10,1000,100,F122017,1533.810060818982,17.663819074630737
HDS,33,"[(-100, 100)]",30,1000,100,F122017,256367.20251089268,17.879634857177734
Sobol,33,"[(-100, 100)]",50,1000,100,F12017,1731180387.6378012,13.375411987304688
HDS,33,"[(-100, 100)]",50,1000,100,F122017,30903505.11047858,19.158776998519897
HDS,33,"[(-100, 100)]",100,1000,100,F122017,2275087627.2320843,20.397940158843998
Sobol,33,"[(-100, 100)]",100,1000,100,F12017,33467319114.16236,14.47273015975952
HDS,33,"[(-100, 100)]",10,1000,100,F132017,1375.360602975754,18.60964608192444
Sobol,33,"[(-100, 100)]",10,1000,100,F122017,1766.2825125222766,18.308627128601078
Sobol,33,"[(-100, 100)]",30,1000,100,F122017,353158.38388637686,18.50431489944458
HDS,33,"[(-100, 100)]",30,1000,100,F132017,327678.67004061164,19.866716861724854
Sobol,33,"[(-100, 100)]",50,1000,100,F122017,135612585.7444097,19.339630126953125
Sobol,33,"[(-100, 100)]",100,1000,100,F122017,6042770607.437529,19.869228839874268
Sobol,33,"[(-100, 100)]",10,1000,100,F132017,1390.174657051358,17.84492802619934
HDS,33,"[(-100, 100)]",50,1000,100,F132017,3414736.291820759,21.43224596977234
HDS,33,"[(-100, 100)]",10,1000,100,F142017,1908.6159056956355,18.04979109764099
Sobol,33,"[(-100, 100)]",30,1000,100,F132017,205035.36757977004,19.25054693222046
HDS,33,"[(-100, 100)]",100,1000,100,F132017,21993769.21656305,25.04628801345825
HDS,33,"[(-100, 100)]",30,1000,100,F142017,1354758.2754361075,19.314567804336548
HDS,33,"[(-100, 100)]",50,1000,100,F142017,5352551.32144776,19.876752138137817
HDS,33,"[(-100, 100)]",100,1000,100,F142017,803666147.8192155,20.85350179672241
Sobol,33,"[(-100, 100)]",50,1000,100,F132017,1220251.6837721453,21.0213360786438
HDS,33,"[(-100, 100)]",10,1000,100,F152017,1337.3066071095518,14.3836190700531
Sobol,33,"[(-100, 100)]",10,1000,100,F142017,1636.209719047602,18.29660725593567
Sobol,33,"[(-100, 100)]",30,1000,100,F142017,1932710.823982912,18.497286081314087
Sobol,33,"[(-100, 100)]",100,1000,100,F132017,78156346.09553222,24.00014972686768
Sobol,33,"[(-100, 100)]",50,1000,100,F142017,5349494.283170428,18.613112926483154
Sobol,33,"[(-100, 100)]",100,1000,100,F142017,548133636.9492626,19.06314492225647
Sobol,33,"[(-100, 100)]",10,1000,100,F152017,1342.978595916069,25.276560306549072
HDS,33,"[(-100, 100)]",30,1000,100,F152017,5760.612371549246,31.332349061965942
Sobol,32,"[(-100, 100)]",100,1000,100,F282017,10068281069.609337,250.46114206314087
HDS,33,"[(-100, 100)]",50,1000,100,F152017,4434.662250811596,36.95913505554199
HDS,33,"[(-100, 100)]",10,1000,100,F172017,,20.06218695640564
HDS,33,"[(-100, 100)]",10,1000,100,F162017,1475.7039025991492,43.22223114967346
HDS,33,"[(-100, 100)]",100,1000,100,F152017,150511.2233574875,51.05999684333801
Sobol,33,"[(-100, 100)]",30,1000,100,F152017,5555.528690645997,30.943953275680546
Sobol,33,"[(-100, 100)]",10,1000,100,F172017,,20.90623569488525
Sobol,33,"[(-100, 100)]",50,1000,100,F152017,14668.284018037872,37.34752798080444
HDS,33,"[(-100, 100)]",30,1000,100,F172017,92428.92991662536,21.08340191841125
HDS,33,"[(-100, 100)]",50,1000,100,F172017,973230.122045706,21.0033118724823
HDS,33,"[(-100, 100)]",30,1000,100,F162017,123694.3504442038,81.61204409599304
HDS,33,"[(-100, 100)]",100,1000,100,F172017,8744656.839668885,21.63177514076233
Sobol,33,"[(-100, 100)]",10,1000,100,F162017,1889.422139780232,43.34167289733887
Sobol,33,"[(-100, 100)]",30,1000,100,F172017,117449.34457579847,19.745884895324707
Sobol,33,"[(-100, 100)]",100,1000,100,F152017,156942.01589803305,50.58773589134216
Sobol,33,"[(-100, 100)]",50,1000,100,F172017,1361736.5248308508,19.37322497367859
Sobol,33,"[(-100, 100)]",100,1000,100,F172017,17140781.002856888,19.612935304641724
HDS,33,"[(-100, 100)]",10,1000,100,F182017,1809.003530619156,18.34797215461731
HDS,33,"[(-100, 100)]",50,1000,100,F162017,52840632.47124191,115.281023979187
Sobol,33,"[(-100, 100)]",10,1000,100,F182017,1810.1508789826512,18.587290048599243
HDS,33,"[(-100, 100)]",30,1000,100,F182017,316341.2116928862,43.680830001831055
HDS,33,"[(-100, 100)]",10,1000,100,F192017,1850.668399514879,41.57213521003723
HDS,33,"[(-100, 100)]",50,1000,100,F182017,7958271.290547352,58.54889488220215
Sobol,33,"[(-100, 100)]",30,1000,100,F162017,64612.58396421413,77.48272204399109
Sobol,33,"[(-100, 100)]",30,1000,100,F182017,376753.6564164087,42.60178828239441
Sobol,33,"[(-100, 100)]",10,1000,100,F192017,1838.9541800703264,40.97620892524719
HDS,33,"[(-100, 100)]",10,1000,100,F202017,2131.4925568825365,7.722700119018555
HDS,33,"[(-100, 100)]",100,1000,100,F182017,179778542.3955134,96.07260084152222
HDS,33,"[(-100, 100)]",30,1000,100,F192017,3006.6201498773444,77.17486906051636
Sobol,33,"[(-100, 100)]",10,1000,100,F202017,2133.381643431132,6.706820249557495
Sobol,33,"[(-100, 100)]",50,1000,100,F182017,4040994.839482676,57.926474809646606
HDS,33,"[(-100, 100)]",100,1000,100,F162017,14765487610.249355,201.9727256298065
HDS,33,"[(-100, 100)]",30,1000,100,F202017,2389.019946267724,23.233357191085812
Sobol,33,"[(-100, 100)]",50,1000,100,F162017,284301925.274791,112.05829286575316
HDS,33,"[(-100, 100)]",50,1000,100,F202017,3926.1460130812575,23.274574756622314
Sobol,33,"[(-100, 100)]",30,1000,100,F202017,2507.864185646677,22.611865758895878
HDS,33,"[(-100, 100)]",100,1000,100,F202017,77913.1891548667,25.98157000541687
Sobol,33,"[(-100, 100)]",50,1000,100,F202017,3231.913416234447,23.617346048355103
HDS,33,"[(-100, 100)]",10,1000,100,F212017,758.9391425026931,26.65177273750305
HDS,33,"[(-100, 100)]",50,1000,100,F192017,2338.249338040581,116.7261447906494
Sobol,33,"[(-100, 100)]",10,1000,100,F212017,2217.816775703467,2.7661681175231934
Sobol,33,"[(-100, 100)]",30,1000,100,F192017,2258.6544150399573,78.57459092140198
Sobol,33,"[(-100, 100)]",100,1000,100,F202017,23419.5251472611,23.55869483947754
HDS,33,"[(-100, 100)]",30,1000,100,F212017,2290.931751126896,22.64140295982361
Sobol,33,"[(-100, 100)]",100,1000,100,F182017,1482630852.7328749,97.18142485618591
HDS,33,"[(-100, 100)]",10,1000,100,F22017,200.646307032321,13.915701389312744
HDS,33,"[(-100, 100)]",50,1000,100,F212017,2516.767096122885,28.94932198524475
HDS,33,"[(-100, 100)]",30,1000,100,F22017,21749.22342590339,14.996791124343872
Sobol,33,"[(-100, 100)]",10,1000,100,F22017,201.36603606710236,14.660961866378784
Sobol,33,"[(-100, 100)]",30,1000,100,F212017,2300.245684160041,26.476153135299683
HDS,33,"[(-100, 100)]",100,1000,100,F212017,3209.3677220469967,31.48194622993469
Sobol,33,"[(-100, 100)]",30,1000,100,F22017,22113.14480701233,14.184118032455444
HDS,33,"[(-100, 100)]",50,1000,100,F22017,68823.1016997078,14.65155577659607
HDS,33,"[(-100, 100)]",100,1000,100,F22017,202725.1148707,16.545242071151733
Sobol,33,"[(-100, 100)]",50,1000,100,F212017,2471.3109408653527,27.84127712249756
HDS,33,"[(-100, 100)]",10,1000,100,F222017,2376.4107313690656,10.563363075256348
Sobol,33,"[(-100, 100)]",50,1000,100,F22017,84906.17657186271,14.57929229736328
Sobol,33,"[(-100, 100)]",100,1000,100,F212017,3326.717336563567,29.60548090934753
Sobol,33,"[(-100, 100)]",100,1000,100,F22017,273020.85755600786,15.767821788787842
Sobol,33,"[(-100, 100)]",10,1000,100,F222017,2356.9766684405854,12.063507318496704
HDS,33,"[(-100, 100)]",10,1000,100,F232017,2423.897865165284,10.111237049102783
Sobol,33,"[(-100, 100)]",10,1000,100,F232017,2534.671180765996,8.871047019958496
HDS,33,"[(-100, 100)]",30,1000,100,F222017,2996.5053749913272,29.995233058929443
HDS,33,"[(-100, 100)]",50,1000,100,F222017,9426.75216810216,30.778967142105103
HDS,33,"[(-100, 100)]",30,1000,100,F232017,2843.502142318825,26.429201126098636
HDS,33,"[(-100, 100)]",100,1000,100,F222017,32502.338574885125,33.874661922454834
HDS,33,"[(-100, 100)]",100,1000,100,F192017,5244.243981332847,209.65547800064087
HDS,33,"[(-100, 100)]",50,1000,100,F232017,9827.370313632651,26.98724389076233
Sobol,33,"[(-100, 100)]",30,1000,100,F222017,2756.1526022749044,29.605350017547607
Sobol,33,"[(-100, 100)]",50,1000,100,F192017,2536.331543938647,117.2535629272461
Sobol,33,"[(-100, 100)]",30,1000,100,F232017,2844.717933045621,25.675010919570923
Sobol,33,"[(-100, 100)]",50,1000,100,F222017,11023.268265681603,30.04468011856079
HDS,33,"[(-100, 100)]",10,1000,100,F242017,2894.375624295132,7.884527206420898
Sobol,33,"[(-100, 100)]",100,1000,100,F222017,33965.623672679474,32.675907135009766
Sobol,33,"[(-100, 100)]",10,1000,100,F242017,2885.269225314315,9.827455043792725
Sobol,33,"[(-100, 100)]",50,1000,100,F232017,6721.057828700448,26.19232392311096
Sobol,33,"[(-100, 100)]",100,1000,100,F162017,38098221911.62662,200.6545910835266
HDS,33,"[(-100, 100)]",30,1000,100,F242017,2865.391211223232,22.190665006637573
HDS,33,"[(-100, 100)]",100,1000,100,F232017,23571.323470829026,28.120054006576535
HDS,33,"[(-100, 100)]",10,1000,100,F252017,2980.233489157247,10.396080017089844
HDS,33,"[(-100, 100)]",50,1000,100,F242017,4418.821317893416,27.34604001045227
Sobol,33,"[(-100, 100)]",10,1000,100,F252017,2980.691334895583,11.369497060775757
HDS,33,"[(-100, 100)]",100,1000,100,F242017,7042.970478120085,29.655442237854004
Sobol,33,"[(-100, 100)]",30,1000,100,F242017,2859.5651112914748,23.501095294952396
Sobol,33,"[(-100, 100)]",100,1000,100,F232017,56437.21019307012,27.071654081344604
HDS,33,"[(-100, 100)]",10,1000,100,F262017,3009.9363834608475,7.065973997116089
Sobol,33,"[(-100, 100)]",50,1000,100,F242017,4810.7572996021845,27.20692086219788
Sobol,33,"[(-100, 100)]",100,1000,100,F242017,6484.702979491796,29.066882133483887
HDS,33,"[(-100, 100)]",30,1000,100,F252017,3391.9995654504955,72.07769584655762
Sobol,33,"[(-100, 100)]",10,1000,100,F262017,2796.407395849428,47.205121755599976
HDS,33,"[(-100, 100)]",10,1000,100,F272017,2834.8839808630864,7.761060953140259
HDS,33,"[(-100, 100)]",50,1000,100,F252017,5242.4286166570055,98.22947359085084
Sobol,33,"[(-100, 100)]",10,1000,100,F272017,2816.1973877997834,10.275985956192017
HDS,33,"[(-100, 100)]",30,1000,100,F262017,3248.707861621904,73.36073613166809
HDS,33,"[(-100, 100)]",50,1000,100,F262017,3624.326053801197,100.94488716125488
Sobol,33,"[(-100, 100)]",30,1000,100,F252017,3388.119836844221,73.79594111442566
HDS,33,"[(-100, 100)]",30,1000,100,F272017,2894.0434976988754,65.53402495384216
Sobol,33,"[(-100, 100)]",100,1000,100,F192017,5308.642306440278,206.00065803527832
Sobol,33,"[(-100, 100)]",30,1000,100,F262017,3227.1106102486674,74.68822002410889
HDS,33,"[(-100, 100)]",100,1000,100,F252017,17107.807680389804,166.1218638420105
Sobol,33,"[(-100, 100)]",50,1000,100,F252017,4875.823160239177,99.65364408493042
Sobol,33,"[(-100, 100)]",30,1000,100,F272017,2910.4656658885337,49.48085689544678
HDS,33,"[(-100, 100)]",100,1000,100,F262017,5292.770359136713,169.84192991256714
Sobol,33,"[(-100, 100)]",50,1000,100,F262017,3707.1157145700654,100.9451801776886
HDS,33,"[(-100, 100)]",50,1000,100,F272017,3247.3734630397284,96.16567897796632
HDS,33,"[(-100, 100)]",10,1000,100,F282017,4044.372871908641,64.62658905982971
HDS,33,"[(-100, 100)]",30,1000,100,F282017,2189648.7891705898,105.84928107261658
Sobol,33,"[(-100, 100)]",10,1000,100,F282017,4150.308242212577,63.44991397857666
Sobol,33,"[(-100, 100)]",50,1000,100,F272017,3200.1538098819296,94.04287004470824
HDS,33,"[(-100, 100)]",100,1000,100,F272017,4549.660703232946,160.76505088806152
Sobol,33,"[(-100, 100)]",100,1000,100,F252017,22232.589201101902,163.8930971622467
HDS,33,"[(-100, 100)]",10,1000,100,F292017,,45.82790684700012
HDS,33,"[(-100, 100)]",50,1000,100,F282017,635905156.8147807,148.55665922164917
Sobol,33,"[(-100, 100)]",100,1000,100,F262017,5150.651486120907,167.07568216323853
HDS,33,"[(-100, 100)]",30,1000,100,F292017,20420045.579487517,60.85845494270325
Sobol,33,"[(-100, 100)]",10,1000,100,F292017,,44.42904710769653
HDS,33,"[(-100, 100)]",10,1000,100,F32017,309.9587906750329,6.495438814163208
Sobol,33,"[(-100, 100)]",30,1000,100,F282017,15083405.41281866,105.792396068573
Sobol,33,"[(-100, 100)]",10,1000,100,F32017,303.63502442230384,5.883875131607056
HDS,33,"[(-100, 100)]",50,1000,100,F292017,793661869.9157894,75.61308312416077
HDS,33,"[(-100, 100)]",30,1000,100,F32017,410.1561232620076,15.320167064666748
HDS,33,"[(-100, 100)]",50,1000,100,F32017,862.9509716059632,15.621953010559082
Sobol,33,"[(-100, 100)]",30,1000,100,F32017,454.4093284660933,14.62396788597107
Sobol,33,"[(-100, 100)]",50,1000,100,F32017,1792.6372010565924,14.567044258117676
HDS,33,"[(-100, 100)]",10,1000,100,F42017,419.2574448951378,14.357841968536375
Sobol,33,"[(-100, 100)]",30,1000,100,F292017,57606295.39655725,60.23396301269531
HDS,33,"[(-100, 100)]",100,1000,100,F32017,7690.937916258877,16.710033178329468
Sobol,33,"[(-100, 100)]",10,1000,100,F42017,430.0804029922758,14.14337706565857
HDS,33,"[(-100, 100)]",30,1000,100,F42017,683.5704218804617,14.676783084869385
Sobol,33,"[(-100, 100)]",100,1000,100,F32017,14271.071598489498,15.608960151672363
HDS,33,"[(-100, 100)]",50,1000,100,F42017,3087.917850238321,15.065419912338257
Sobol,33,"[(-100, 100)]",30,1000,100,F42017,681.4873055539094,14.390360116958618
HDS,33,"[(-100, 100)]",10,1000,100,F52017,500.00098738922,0.3686451911926269
Sobol,33,"[(-100, 100)]",10,1000,100,F52017,500.00356670972633,0.2012181282043457
HDS,33,"[(-100, 100)]",30,1000,100,F52017,500.0576596777623,0.629364013671875
Sobol,33,"[(-100, 100)]",30,1000,100,F52017,500.0711014713995,0.2980790138244629
HDS,33,"[(-100, 100)]",50,1000,100,F52017,500.0673484816244,0.8428843021392822
Sobol,33,"[(-100, 100)]",50,1000,100,F52017,500.0767556189476,0.432729959487915
HDS,33,"[(-100, 100)]",100,1000,100,F42017,59947.3701657088,16.216932773590088
HDS,33,"[(-100, 100)]",100,1000,100,F282017,21563313953.993248,248.81210613250727
HDS,33,"[(-100, 100)]",100,1000,100,F52017,500.0955373099683,1.773247003555298
Sobol,33,"[(-100, 100)]",100,1000,100,F52017,500.1306251738648,0.6616499423980713
Sobol,33,"[(-100, 100)]",100,1000,100,F272017,4610.6723831859645,158.73365712165833
Sobol,33,"[(-100, 100)]",50,1000,100,F292017,2128878574.2261903,76.03335499763489
Sobol,33,"[(-100, 100)]",50,1000,100,F42017,2499.8345550155577,14.42672085762024
HDS,33,"[(-100, 100)]",100,1000,100,F292017,11103022414.430843,114.63943815231325
Sobol,33,"[(-100, 100)]",100,1000,100,F42017,40583.310978019246,14.799582958221436
HDS,33,"[(-100, 100)]",10,1000,100,F62017,643.8136631824353,16.909912824630737
HDS,33,"[(-100, 100)]",30,1000,100,F62017,1941.9064898685167,16.358842134475708
Sobol,33,"[(-100, 100)]",50,1000,100,F282017,1772970207.2547276,147.99470782279968
HDS,33,"[(-100, 100)]",50,1000,100,F62017,42315.24184335164,17.69991707801819
HDS,33,"[(-100, 100)]",100,1000,100,F62017,654360.4506659978,18.090193033218384
HDS,33,"[(-100, 100)]",10,1000,100,F72017,739.960145721865,19.825928926467896
Sobol,33,"[(-100, 100)]",10,1000,100,F62017,633.6340632418974,17.08642601966858
Sobol,33,"[(-100, 100)]",30,1000,100,F62017,1751.172306155156,16.443077325820923
HDS,33,"[(-100, 100)]",30,1000,100,F72017,1162.364783412285,21.74918508529663
Sobol,33,"[(-100, 100)]",50,1000,100,F62017,41895.1191375163,17.73695397377014
HDS,33,"[(-100, 100)]",10,1000,100,F82017,802.9773083493276,0.901123046875
Sobol,33,"[(-100, 100)]",100,1000,100,F62017,647652.0960001781,17.481419801712036
Sobol,33,"[(-100, 100)]",10,1000,100,F82017,800.9475816261121,0.8999271392822266
HDS,33,"[(-100, 100)]",30,1000,100,F82017,808.1843285116479,4.558672904968262
Sobol,33,"[(-100, 100)]",10,1000,100,F72017,722.2079748576784,20.34954595565796
Sobol,33,"[(-100, 100)]",30,1000,100,F82017,810.8710048773382,5.9222259521484375
HDS,33,"[(-100, 100)]",50,1000,100,F72017,1628.6963838997372,21.5691990852356
HDS,33,"[(-100, 100)]",50,1000,100,F82017,814.0095097247685,13.980525732040403
HDS,33,"[(-100, 100)]",100,1000,100,F72017,3094.165401580978,22.64764976501465
Sobol,33,"[(-100, 100)]",30,1000,100,F72017,1118.2320187361745,21.46896314620972
Sobol,33,"[(-100, 100)]",50,1000,100,F82017,815.4855965710584,10.649581909179688
HDS,33,"[(-100, 100)]",100,1000,100,F82017,935.5371550874196,18.710695028305054
HDS,33,"[(-100, 100)]",10,1000,100,F92017,-451.28344159123935,20.205971002578732
Sobol,33,"[(-100, 100)]",50,1000,100,F72017,1611.981024193048,21.444477081298828
Sobol,33,"[(-100, 100)]",100,1000,100,F72017,3198.1903998499606,21.09403920173645
HDS,33,"[(-100, 100)]",30,1000,100,F92017,2032.8584186265507,21.29312014579773
Sobol,33,"[(-100, 100)]",100,1000,100,F82017,885.2929102886469,16.745543241500854
HDS,33,"[(-100, 100)]",50,1000,100,F92017,9044.744227572271,20.50815224647522
Sobol,33,"[(-100, 100)]",10,1000,100,F92017,-1540.3716811160311,19.31901907920837
HDS,34,"[(-100, 100)]",10,1000,100,F102017,1088.2283837837226,17.106091022491455
HDS,33,"[(-100, 100)]",100,1000,100,F92017,24633.53083581977,22.25956130027771
HDS,34,"[(-100, 100)]",30,1000,100,F102017,71898.03284064127,17.763761043548584
Sobol,33,"[(-100, 100)]",30,1000,100,F92017,3263.373661606174,21.222838878631592
Sobol,33,"[(-100, 100)]",50,1000,100,F92017,8809.739784482099,20.40081000328064
HDS,34,"[(-100, 100)]",50,1000,100,F102017,277971.7379912818,18.11795210838318
Sobol,34,"[(-100, 100)]",10,1000,100,F102017,1098.6033656202485,17.28479266166687
Sobol,33,"[(-100, 100)]",100,1000,100,F92017,24072.09534717721,22.27259111404419
Sobol,34,"[(-100, 100)]",30,1000,100,F102017,97810.0784762694,17.44644570350647
Sobol,33,"[(-100, 100)]",100,1000,100,F292017,2455636215.757472,115.16782593727112
HDS,34,"[(-100, 100)]",100,1000,100,F102017,959851.795153908,20.32630705833435
Sobol,34,"[(-100, 100)]",50,1000,100,F102017,208093.1577704997,17.718427896499634
HDS,34,"[(-100, 100)]",10,1000,100,F112017,153696.02341906104,21.86004400253296
HDS,34,"[(-100, 100)]",30,1000,100,F112017,53138363.592330806,22.16196894645691
HDS,34,"[(-100, 100)]",10,1000,100,F12017,7570.78643485352,13.364937782287598
HDS,34,"[(-100, 100)]",50,1000,100,F112017,357365546.1756841,21.863678216934204
HDS,34,"[(-100, 100)]",30,1000,100,F12017,24778656.755560286,13.86697483062744
Sobol,34,"[(-100, 100)]",100,1000,100,F102017,1081943.355738672,18.577925205230716
HDS,34,"[(-100, 100)]",100,1000,100,F112017,3588957389.9619017,23.185054302215576
Sobol,34,"[(-100, 100)]",10,1000,100,F12017,1859.9660223937533,13.461624145507812
Sobol,34,"[(-100, 100)]",10,1000,100,F112017,159874.86311645492,20.992795944213867
Sobol,34,"[(-100, 100)]",30,1000,100,F12017,21834846.14217246,13.663727045059204
Sobol,34,"[(-100, 100)]",30,1000,100,F112017,30469705.76434178,21.220633029937744
HDS,34,"[(-100, 100)]",50,1000,100,F12017,1226036041.7828307,14.44202184677124
Sobol,34,"[(-100, 100)]",50,1000,100,F112017,253701060.02836505,21.72001910209656
HDS,34,"[(-100, 100)]",100,1000,100,F12017,36783365908.29429,15.097388982772827
Sobol,34,"[(-100, 100)]",100,1000,100,F112017,5730844078.207791,22.586580991744995
HDS,34,"[(-100, 100)]",10,1000,100,F122017,1882.7468886688264,17.4888858795166
Sobol,34,"[(-100, 100)]",50,1000,100,F12017,4319105683.922386,13.937419891357422
HDS,34,"[(-100, 100)]",30,1000,100,F122017,133813.33230664424,18.23713517189026
HDS,34,"[(-100, 100)]",50,1000,100,F122017,4487065.356449887,18.52817392349243
Sobol,34,"[(-100, 100)]",100,1000,100,F12017,29331234597.0005,13.969750881195068
HDS,34,"[(-100, 100)]",100,1000,100,F122017,4156851262.679885,19.540825128555294
HDS,34,"[(-100, 100)]",10,1000,100,F132017,1364.1902423622214,17.681687831878662
Sobol,34,"[(-100, 100)]",10,1000,100,F122017,1661.2524790250227,17.653443098068237
HDS,34,"[(-100, 100)]",30,1000,100,F132017,271335.28692367807,19.500982761383057
Sobol,34,"[(-100, 100)]",30,1000,100,F122017,1768901.430768063,17.81720995903015
Sobol,34,"[(-100, 100)]",50,1000,100,F122017,42795915.034635104,17.8580219745636
HDS,34,"[(-100, 100)]",50,1000,100,F132017,1769458.804093109,21.21715879440308
Sobol,34,"[(-100, 100)]",100,1000,100,F122017,4754959001.035532,18.83535981178284
Sobol,34,"[(-100, 100)]",10,1000,100,F132017,1361.6890256124188,18.597721815109253
HDS,34,"[(-100, 100)]",10,1000,100,F142017,1605.7490814061211,18.347871780395508
HDS,34,"[(-100, 100)]",30,1000,100,F142017,931511.6444922832,18.834838151931763
Sobol,34,"[(-100, 100)]",30,1000,100,F132017,198585.06744463125,19.90254092216492
HDS,34,"[(-100, 100)]",100,1000,100,F132017,18381680.233828686,26.22985601425171
HDS,34,"[(-100, 100)]",50,1000,100,F142017,42744170.23125417,18.518145084381104
Sobol,34,"[(-100, 100)]",50,1000,100,F132017,4442422.069426082,20.293365001678467
HDS,34,"[(-100, 100)]",100,1000,100,F142017,1047653123.471281,19.802218198776245
Sobol,34,"[(-100, 100)]",10,1000,100,F142017,1692.8289250144576,17.91474199295044
Sobol,34,"[(-100, 100)]",30,1000,100,F142017,1411577.64136471,17.917219161987305
HDS,34,"[(-100, 100)]",10,1000,100,F152017,1337.8230868641178,23.82042384147644
Sobol,34,"[(-100, 100)]",100,1000,100,F132017,55332107.77400149,24.772521257400516
Sobol,34,"[(-100, 100)]",50,1000,100,F142017,11167180.89422666,18.17162299156189
Sobol,34,"[(-100, 100)]",100,1000,100,F142017,548659065.8045526,18.99991130828857
Sobol,33,"[(-100, 100)]",100,1000,100,F282017,12308587615.18036,249.50589990615845
HDS,34,"[(-100, 100)]",30,1000,100,F152017,3363.80616429066,31.04739880561829
Sobol,34,"[(-100, 100)]",10,1000,100,F152017,1337.2912921725954,21.97624707221985
HDS,34,"[(-100, 100)]",50,1000,100,F152017,13932.907033261175,36.13321900367737
HDS,34,"[(-100, 100)]",10,1000,100,F172017,,20.270872831344604
HDS,34,"[(-100, 100)]",100,1000,100,F152017,324356.85699737706,50.63804912567139
HDS,34,"[(-100, 100)]",10,1000,100,F162017,1473.219381290494,44.32997012138367
Sobol,34,"[(-100, 100)]",30,1000,100,F152017,2028.5232065273683,30.71239399909973
Sobol,34,"[(-100, 100)]",10,1000,100,F172017,,19.671508073806763
Sobol,34,"[(-100, 100)]",50,1000,100,F152017,10281.282814002254,36.23680305480957
HDS,34,"[(-100, 100)]",30,1000,100,F172017,128867.53654743364,19.71517324447632
HDS,34,"[(-100, 100)]",30,1000,100,F162017,62467.51704987558,78.4530098438263
HDS,34,"[(-100, 100)]",50,1000,100,F172017,1055356.9568644804,20.41348004341125
HDS,34,"[(-100, 100)]",100,1000,100,F172017,11233898.83697852,21.38515591621399
Sobol,34,"[(-100, 100)]",30,1000,100,F172017,142707.81399024834,19.500164031982425
Sobol,34,"[(-100, 100)]",10,1000,100,F162017,1494.2357515995802,43.7521870136261
Sobol,34,"[(-100, 100)]",100,1000,100,F152017,77204.7127961685,48.799763917922974
Sobol,34,"[(-100, 100)]",50,1000,100,F172017,695335.9487886624,20.44407892227173
Sobol,34,"[(-100, 100)]",100,1000,100,F172017,27678915.51615039,20.72686719894409
HDS,34,"[(-100, 100)]",10,1000,100,F182017,1809.0135019920665,21.68196725845337
HDS,34,"[(-100, 100)]",50,1000,100,F162017,13318609.714144256,114.41828608512878
Sobol,34,"[(-100, 100)]",10,1000,100,F182017,1807.2619356436512,17.904895067214966
HDS,34,"[(-100, 100)]",30,1000,100,F182017,159242.1548306893,45.35087728500366
HDS,34,"[(-100, 100)]",10,1000,100,F192017,1946.0274918229975,40.8807270526886
HDS,34,"[(-100, 100)]",50,1000,100,F182017,7086880.940485075,58.29625391960144
Sobol,34,"[(-100, 100)]",30,1000,100,F162017,88337.27261708761,75.84727716445923
Sobol,34,"[(-100, 100)]",30,1000,100,F182017,588599.3152248731,44.4498770236969
Sobol,34,"[(-100, 100)]",10,1000,100,F192017,1848.3498065144224,41.80801606178284
HDS,34,"[(-100, 100)]",10,1000,100,F202017,2141.244855541363,8.239861011505127
HDS,34,"[(-100, 100)]",100,1000,100,F182017,1185502403.3538172,96.89861917495728
HDS,34,"[(-100, 100)]",30,1000,100,F192017,2977.011951691787,77.78660607337952
Sobol,34,"[(-100, 100)]",10,1000,100,F202017,2129.8743708422826,8.615324974060059
Sobol,34,"[(-100, 100)]",50,1000,100,F182017,1386481.22194025,58.95749807357788
HDS,34,"[(-100, 100)]",100,1000,100,F162017,1011204620477.574,201.12624287605288
HDS,34,"[(-100, 100)]",30,1000,100,F202017,2245.894356703404,24.245115995407104
Sobol,34,"[(-100, 100)]",50,1000,100,F162017,39601664.04305724,113.23775792121889
HDS,34,"[(-100, 100)]",50,1000,100,F202017,4803.139601764382,24.29753589630127
Sobol,34,"[(-100, 100)]",30,1000,100,F202017,2388.6269925775982,22.39402413368225
Sobol,34,"[(-100, 100)]",50,1000,100,F202017,4563.000199783341,22.289018154144287
HDS,34,"[(-100, 100)]",100,1000,100,F202017,24142.228141454616,24.64390802383423
HDS,34,"[(-100, 100)]",50,1000,100,F192017,3317.0603824667323,115.6142122745514
HDS,34,"[(-100, 100)]",10,1000,100,F212017,783.1746328937113,26.311031103134155
Sobol,34,"[(-100, 100)]",100,1000,100,F202017,37256.485913822326,23.28474187850952
Sobol,34,"[(-100, 100)]",30,1000,100,F192017,2892.7559914720146,77.90431594848633
Sobol,34,"[(-100, 100)]",10,1000,100,F212017,2215.002030581348,2.5368189811706543
HDS,34,"[(-100, 100)]",30,1000,100,F212017,2321.1564221534272,26.328885793685917
HDS,34,"[(-100, 100)]",10,1000,100,F22017,200.4381073892373,11.824042081832886
Sobol,34,"[(-100, 100)]",100,1000,100,F182017,1889313148.0044188,96.61003804206848
Sobol,34,"[(-100, 100)]",30,1000,100,F212017,2287.260669825717,19.09784293174744
Sobol,34,"[(-100, 100)]",10,1000,100,F22017,200.3705754599196,12.801549911499023
HDS,34,"[(-100, 100)]",50,1000,100,F212017,2523.081203215175,27.58777904510498
HDS,34,"[(-100, 100)]",30,1000,100,F22017,22701.62452807376,15.38552975654602
HDS,34,"[(-100, 100)]",100,1000,100,F212017,3167.2151705767656,30.299812078475952
HDS,34,"[(-100, 100)]",50,1000,100,F22017,60681.22494572737,14.555661916732788
HDS,34,"[(-100, 100)]",100,1000,100,F22017,245910.1498484811,15.822416305541992
Sobol,34,"[(-100, 100)]",30,1000,100,F22017,25628.95025048937,14.638187170028688
Sobol,34,"[(-100, 100)]",50,1000,100,F22017,81751.49156180382,14.03572392463684
Sobol,34,"[(-100, 100)]",50,1000,100,F212017,2482.6476681310464,27.326828956604004
HDS,34,"[(-100, 100)]",10,1000,100,F222017,2362.058263087878,11.11060094833374
Sobol,34,"[(-100, 100)]",100,1000,100,F22017,297693.7798281461,15.142233848571776
Sobol,34,"[(-100, 100)]",100,1000,100,F212017,3164.423825967264,29.73998713493347
Sobol,34,"[(-100, 100)]",10,1000,100,F222017,2367.282215411803,9.939109802246094
HDS,34,"[(-100, 100)]",10,1000,100,F232017,2534.540853840136,10.600885152816772
HDS,34,"[(-100, 100)]",30,1000,100,F222017,3698.050005790164,29.97369694709778
Sobol,34,"[(-100, 100)]",10,1000,100,F232017,2544.5254724041647,10.07850980758667
HDS,34,"[(-100, 100)]",50,1000,100,F222017,11936.193842716157,30.501368045806885
HDS,34,"[(-100, 100)]",100,1000,100,F222017,18588.294512648223,32.99152493476868
HDS,34,"[(-100, 100)]",30,1000,100,F232017,2797.83793338035,24.624913930892944
Sobol,34,"[(-100, 100)]",50,1000,100,F192017,3370.713382901104,114.1784999370575
HDS,34,"[(-100, 100)]",50,1000,100,F232017,6229.035824505473,25.16694688796997
HDS,34,"[(-100, 100)]",100,1000,100,F192017,5481.764975372082,210.2646431922913
Sobol,34,"[(-100, 100)]",30,1000,100,F222017,3614.8802035693234,29.3135929107666
Sobol,34,"[(-100, 100)]",30,1000,100,F232017,2765.9537470996597,24.441248893737797
Sobol,34,"[(-100, 100)]",50,1000,100,F222017,6850.594368091244,30.232987880706787
HDS,34,"[(-100, 100)]",10,1000,100,F242017,2891.021961642071,10.127713918685911
Sobol,34,"[(-100, 100)]",100,1000,100,F222017,28783.19112914311,32.4348030090332
Sobol,34,"[(-100, 100)]",10,1000,100,F242017,2889.0320694062507,9.26027488708496
Sobol,34,"[(-100, 100)]",100,1000,100,F162017,270656094731.77307,198.08778285980225
Sobol,34,"[(-100, 100)]",50,1000,100,F232017,8306.254240489177,25.38900303840637
HDS,34,"[(-100, 100)]",100,1000,100,F232017,43174.92314590362,28.62107801437378
HDS,34,"[(-100, 100)]",30,1000,100,F242017,2874.173493010594,27.49862790107727
HDS,34,"[(-100, 100)]",10,1000,100,F252017,2965.325292994621,14.340800046920776
HDS,34,"[(-100, 100)]",50,1000,100,F242017,4831.287456786192,27.859943866729736
HDS,34,"[(-100, 100)]",100,1000,100,F242017,7224.755017643112,30.0330502986908
Sobol,34,"[(-100, 100)]",100,1000,100,F232017,45259.50837799717,27.071428775787357
Sobol,34,"[(-100, 100)]",30,1000,100,F242017,2870.0021770909407,26.31691098213196
Sobol,34,"[(-100, 100)]",10,1000,100,F252017,2500.378678608497,27.01022481918335
Sobol,34,"[(-100, 100)]",50,1000,100,F242017,3958.442018246821,27.00064706802368
HDS,34,"[(-100, 100)]",10,1000,100,F262017,3006.1047357897323,7.928128004074097
Sobol,34,"[(-100, 100)]",100,1000,100,F242017,7232.517992014906,29.17329502105713
HDS,34,"[(-100, 100)]",30,1000,100,F252017,3402.4473716222387,71.08847093582153
Sobol,34,"[(-100, 100)]",10,1000,100,F262017,2822.2871130407725,47.2763409614563
HDS,34,"[(-100, 100)]",50,1000,100,F252017,5255.211880456213,99.0290629863739
HDS,34,"[(-100, 100)]",10,1000,100,F272017,2809.58638591676,8.059765100479126
Sobol,34,"[(-100, 100)]",10,1000,100,F272017,2837.8796242561334,7.860446929931641
HDS,34,"[(-100, 100)]",30,1000,100,F262017,3218.876132738209,72.70844197273254
Sobol,34,"[(-100, 100)]",30,1000,100,F252017,3398.117769854898,70.22276997566223
HDS,34,"[(-100, 100)]",50,1000,100,F262017,3771.17975498909,100.2106602191925
HDS,34,"[(-100, 100)]",30,1000,100,F272017,2895.11072646866,68.18318104743958
Sobol,34,"[(-100, 100)]",30,1000,100,F262017,3211.32118869452,72.81503200531006
Sobol,34,"[(-100, 100)]",100,1000,100,F192017,4140.700404685286,207.4478440284729
HDS,34,"[(-100, 100)]",100,1000,100,F252017,18650.1982293106,163.9017858505249
Sobol,34,"[(-100, 100)]",50,1000,100,F252017,4952.164286793119,96.40604281425476
HDS,34,"[(-100, 100)]",100,1000,100,F262017,5451.496766376635,164.73000502586365
HDS,34,"[(-100, 100)]",50,1000,100,F272017,3318.784292784851,93.5097599029541
Sobol,34,"[(-100, 100)]",50,1000,100,F262017,3949.921308906464,98.8728539943695
Sobol,34,"[(-100, 100)]",30,1000,100,F272017,2925.760118284014,68.68678879737854
HDS,34,"[(-100, 100)]",10,1000,100,F282017,4113.394200534438,64.65113401412964
HDS,34,"[(-100, 100)]",30,1000,100,F282017,26407955.612511583,105.55001306533812
Sobol,34,"[(-100, 100)]",10,1000,100,F282017,4034.46872094216,65.2848448753357
Sobol,34,"[(-100, 100)]",50,1000,100,F272017,3227.890029596464,96.59505414962769
HDS,34,"[(-100, 100)]",100,1000,100,F272017,5181.299074816805,162.9039978981018
Sobol,34,"[(-100, 100)]",100,1000,100,F252017,15744.884734901429,165.83850121498108
HDS,34,"[(-100, 100)]",10,1000,100,F292017,,48.56817698478699
Sobol,34,"[(-100, 100)]",100,1000,100,F262017,4502.197168498929,168.58447313308716
HDS,34,"[(-100, 100)]",50,1000,100,F282017,505658412.2723571,149.42186617851257
HDS,34,"[(-100, 100)]",30,1000,100,F292017,28631438.395196587,61.21524381637573
Sobol,34,"[(-100, 100)]",30,1000,100,F282017,13182132.31264094,106.7095398902893
Sobol,34,"[(-100, 100)]",10,1000,100,F292017,,46.50131011009216
HDS,34,"[(-100, 100)]",10,1000,100,F32017,301.5926420098013,7.898866176605225
Sobol,34,"[(-100, 100)]",10,1000,100,F32017,308.6475040871199,6.333038091659546
HDS,34,"[(-100, 100)]",30,1000,100,F32017,351.7004160687171,16.02796173095703
HDS,34,"[(-100, 100)]",50,1000,100,F292017,3512656037.8255816,76.77346587181091
HDS,34,"[(-100, 100)]",50,1000,100,F32017,875.9198582702043,15.07334804534912
Sobol,34,"[(-100, 100)]",30,1000,100,F32017,427.4380587359251,15.395941019058228
Sobol,34,"[(-100, 100)]",30,1000,100,F292017,15723567.489185257,60.25817131996155
Sobol,34,"[(-100, 100)]",50,1000,100,F32017,925.8459411191988,14.685210227966309
HDS,34,"[(-100, 100)]",100,1000,100,F32017,5650.300564633083,16.770258903503418
HDS,34,"[(-100, 100)]",10,1000,100,F42017,430.8176600191711,14.074924230575562
HDS,34,"[(-100, 100)]",30,1000,100,F42017,713.9935707966588,14.319395780563354
Sobol,34,"[(-100, 100)]",100,1000,100,F32017,6575.25050208078,15.62166976928711
Sobol,34,"[(-100, 100)]",10,1000,100,F42017,437.9971143479688,14.081578016281128
Sobol,34,"[(-100, 100)]",30,1000,100,F42017,719.543693354382,14.192557096481323
HDS,34,"[(-100, 100)]",10,1000,100,F52017,500.0091050885587,0.3576290607452392
Sobol,34,"[(-100, 100)]",10,1000,100,F52017,500.0035496567817,0.1839752197265625
HDS,34,"[(-100, 100)]",30,1000,100,F52017,500.034325358651,0.5921869277954102
Sobol,34,"[(-100, 100)]",30,1000,100,F52017,500.0537055154357,0.3052380084991455
HDS,34,"[(-100, 100)]",50,1000,100,F52017,500.0662092986572,0.8907382488250732
Sobol,34,"[(-100, 100)]",50,1000,100,F52017,500.0776225990756,0.4341957569122314
HDS,34,"[(-100, 100)]",100,1000,100,F52017,500.0608520383502,1.8282139301300049
Sobol,34,"[(-100, 100)]",100,1000,100,F52017,500.12361459754464,0.6860339641571045
HDS,34,"[(-100, 100)]",50,1000,100,F42017,4570.01697302661,15.368387937545776
HDS,34,"[(-100, 100)]",100,1000,100,F42017,58722.98060395881,15.901216983795166
HDS,34,"[(-100, 100)]",100,1000,100,F292017,3086916275.96513,114.4040219783783
HDS,34,"[(-100, 100)]",100,1000,100,F282017,13868749332.537865,253.65659070014956
HDS,34,"[(-100, 100)]",10,1000,100,F62017,639.9778504419364,16.151981115341187
Sobol,34,"[(-100, 100)]",50,1000,100,F42017,1265.0956182388131,14.88776397705078
Sobol,34,"[(-100, 100)]",100,1000,100,F272017,4313.549425117269,158.6272587776184
Sobol,34,"[(-100, 100)]",100,1000,100,F42017,31928.85849574768,15.210808038711548
Sobol,34,"[(-100, 100)]",50,1000,100,F292017,540057767.6659935,75.36158394813538
Sobol,34,"[(-100, 100)]",10,1000,100,F62017,646.0466408467496,16.105196714401245
HDS,34,"[(-100, 100)]",30,1000,100,F62017,2967.471314337968,17.71668291091919
HDS,34,"[(-100, 100)]",50,1000,100,F62017,94293.70113338102,17.490600109100342
HDS,34,"[(-100, 100)]",100,1000,100,F62017,736584.2053900916,18.252999782562256
HDS,34,"[(-100, 100)]",10,1000,100,F72017,728.6273318374278,20.48448371887207
Sobol,34,"[(-100, 100)]",50,1000,100,F282017,1929378595.882213,146.01208806037903
Sobol,34,"[(-100, 100)]",30,1000,100,F62017,1270.4586710470935,16.479239225387573
Sobol,34,"[(-100, 100)]",50,1000,100,F62017,49331.43586215435,16.26440119743347
HDS,34,"[(-100, 100)]",30,1000,100,F72017,1131.4379865303945,20.88590407371521
HDS,34,"[(-100, 100)]",10,1000,100,F82017,801.0211008529493,0.730949878692627
Sobol,34,"[(-100, 100)]",10,1000,100,F82017,801.4247887068069,0.8545947074890137
Sobol,34,"[(-100, 100)]",100,1000,100,F62017,2423836.873373248,17.011670112609863
HDS,34,"[(-100, 100)]",30,1000,100,F82017,808.7672087974615,4.906353950500488
Sobol,34,"[(-100, 100)]",30,1000,100,F82017,807.1001394311535,4.2819812297821045
Sobol,34,"[(-100, 100)]",10,1000,100,F72017,727.9101295078585,20.504693031311035
HDS,34,"[(-100, 100)]",50,1000,100,F72017,1732.9211438202672,21.238687992095947
HDS,34,"[(-100, 100)]",50,1000,100,F82017,819.5336914701476,13.93233609199524
Sobol,34,"[(-100, 100)]",30,1000,100,F72017,1121.000484517022,20.479511976242065
HDS,34,"[(-100, 100)]",100,1000,100,F72017,3348.968590608174,23.540683031082157
HDS,34,"[(-100, 100)]",100,1000,100,F82017,883.4757889734344,17.966356992721558
Sobol,34,"[(-100, 100)]",50,1000,100,F82017,816.0844930739718,12.81428289413452
HDS,34,"[(-100, 100)]",10,1000,100,F92017,-1071.073247901808,19.27494192123413
Sobol,34,"[(-100, 100)]",50,1000,100,F72017,1701.005041318972,19.822667121887207
HDS,34,"[(-100, 100)]",30,1000,100,F92017,3426.886465499696,19.99642586708069
Sobol,34,"[(-100, 100)]",100,1000,100,F72017,3211.088711374953,21.01876401901245
Sobol,34,"[(-100, 100)]",100,1000,100,F82017,877.4127012176672,16.689810752868652
Sobol,34,"[(-100, 100)]",10,1000,100,F92017,-829.9179110564728,18.93200182914734
HDS,34,"[(-100, 100)]",50,1000,100,F92017,8430.278168696403,20.734913110733032
HDS,34,"[(-100, 100)]",100,1000,100,F92017,24615.793851027694,22.702698945999146
Sobol,34,"[(-100, 100)]",30,1000,100,F92017,3722.287025972946,20.026134729385376
HDS,35,"[(-100, 100)]",10,1000,100,F102017,1034.327742958347,18.359254598617557
HDS,35,"[(-100, 100)]",30,1000,100,F102017,71863.6275122834,17.878697872161865
HDS,35,"[(-100, 100)]",50,1000,100,F102017,258090.64080914352,18.18769383430481
Sobol,34,"[(-100, 100)]",100,1000,100,F292017,5147717592.031849,114.69502997398376
Sobol,34,"[(-100, 100)]",50,1000,100,F92017,9337.8107222173,20.663231134414676
HDS,35,"[(-100, 100)]",100,1000,100,F102017,2350125.6420223718,18.86829710006714
Sobol,35,"[(-100, 100)]",10,1000,100,F102017,1030.738090495763,17.56972885131836
Sobol,35,"[(-100, 100)]",30,1000,100,F102017,62068.30735084521,16.98740291595459
Sobol,34,"[(-100, 100)]",100,1000,100,F92017,24525.337712427638,21.579488039016724
Sobol,35,"[(-100, 100)]",50,1000,100,F102017,248747.47938482364,16.92192530632019
HDS,35,"[(-100, 100)]",10,1000,100,F112017,78390.7233001592,21.49467182159424
HDS,35,"[(-100, 100)]",10,1000,100,F12017,7384.904234368279,14.04128885269165
HDS,35,"[(-100, 100)]",30,1000,100,F112017,50332541.62829246,21.85330891609192
Sobol,35,"[(-100, 100)]",100,1000,100,F102017,1562768.0234961598,18.065916061401367
HDS,35,"[(-100, 100)]",30,1000,100,F12017,20650740.190275688,14.05988311767578
HDS,35,"[(-100, 100)]",50,1000,100,F112017,218131853.1115242,23.11014199256897
HDS,35,"[(-100, 100)]",100,1000,100,F112017,3548811521.633467,23.43003511428833
Sobol,35,"[(-100, 100)]",10,1000,100,F12017,20188.72973191324,13.322144985198976
HDS,35,"[(-100, 100)]",50,1000,100,F12017,494740312.8376604,13.865817070007324
Sobol,35,"[(-100, 100)]",30,1000,100,F12017,50447672.08513417,13.636771202087402
Sobol,35,"[(-100, 100)]",10,1000,100,F112017,102268.2395030602,21.37241220474243
Sobol,35,"[(-100, 100)]",30,1000,100,F112017,36518162.96623886,21.64365005493164
HDS,35,"[(-100, 100)]",100,1000,100,F12017,29335629216.646408,16.043900966644287
Sobol,35,"[(-100, 100)]",50,1000,100,F112017,118552453.65254602,22.342777967453003
Sobol,35,"[(-100, 100)]",50,1000,100,F12017,2596578300.5848856,13.965890169143677
Sobol,35,"[(-100, 100)]",100,1000,100,F112017,3868850390.031391,22.91698694229126
HDS,35,"[(-100, 100)]",10,1000,100,F122017,1456.5055414356102,18.60871696472168
HDS,35,"[(-100, 100)]",30,1000,100,F122017,809344.8603128288,18.46517825126648
HDS,35,"[(-100, 100)]",50,1000,100,F122017,7173109.372495891,18.51948595046997
Sobol,35,"[(-100, 100)]",100,1000,100,F12017,30319515386.307484,14.360584020614624
HDS,35,"[(-100, 100)]",10,1000,100,F132017,1356.2739552920154,18.42148184776306
HDS,35,"[(-100, 100)]",100,1000,100,F122017,1392310374.380608,20.799255847930908
HDS,35,"[(-100, 100)]",30,1000,100,F132017,369598.00031974015,19.69196391105652
Sobol,35,"[(-100, 100)]",10,1000,100,F122017,2290.690736271124,18.06296396255493
Sobol,35,"[(-100, 100)]",30,1000,100,F122017,129085.80449712485,18.273797750473022
Sobol,35,"[(-100, 100)]",50,1000,100,F122017,38201816.69636241,18.55429196357727
HDS,35,"[(-100, 100)]",50,1000,100,F132017,1440832.666669838,21.627282857894897
Sobol,35,"[(-100, 100)]",10,1000,100,F132017,1409.1273784166438,18.2319769859314
Sobol,35,"[(-100, 100)]",100,1000,100,F122017,4718384716.257689,19.538126707077023
Sobol,35,"[(-100, 100)]",30,1000,100,F132017,329411.2008047891,19.713603019714355
HDS,35,"[(-100, 100)]",10,1000,100,F142017,1637.8220824410462,17.933202981948853
HDS,35,"[(-100, 100)]",30,1000,100,F142017,7955386.257380867,18.427141189575195
HDS,35,"[(-100, 100)]",100,1000,100,F132017,20874090.72491652,25.5284481048584
Sobol,35,"[(-100, 100)]",50,1000,100,F132017,1677608.7859366012,20.70026588439941
HDS,35,"[(-100, 100)]",10,1000,100,F152017,1337.794512800946,15.146857023239136
HDS,35,"[(-100, 100)]",50,1000,100,F142017,12765236.919127945,19.53703212738037
HDS,35,"[(-100, 100)]",100,1000,100,F142017,168742039.40377915,20.45690011978149
Sobol,35,"[(-100, 100)]",10,1000,100,F142017,1922.815025220768,17.741649866104126
Sobol,35,"[(-100, 100)]",30,1000,100,F142017,573112.2626587567,18.355085849761963
Sobol,35,"[(-100, 100)]",10,1000,100,F152017,1338.4546277548195,15.050119161605837
Sobol,35,"[(-100, 100)]",100,1000,100,F132017,43947248.05704898,23.78407335281372
Sobol,35,"[(-100, 100)]",50,1000,100,F142017,9092834.22587472,18.91062879562378
Sobol,35,"[(-100, 100)]",100,1000,100,F142017,487912633.4788442,19.55530595779419
HDS,35,"[(-100, 100)]",30,1000,100,F152017,3074.7166046671027,31.064328908920288
Sobol,34,"[(-100, 100)]",100,1000,100,F282017,9070192557.327942,252.68435096740723
HDS,35,"[(-100, 100)]",50,1000,100,F152017,19832.68314327918,36.72488498687744
HDS,35,"[(-100, 100)]",10,1000,100,F172017,,19.6560320854187
HDS,35,"[(-100, 100)]",10,1000,100,F162017,1504.907401922762,42.1398241519928
HDS,35,"[(-100, 100)]",100,1000,100,F152017,81497.64606219066,50.74441480636597
Sobol,35,"[(-100, 100)]",30,1000,100,F152017,3927.895669163836,30.975964307785038
Sobol,35,"[(-100, 100)]",10,1000,100,F172017,,19.826921939849854
Sobol,35,"[(-100, 100)]",50,1000,100,F152017,4011.4635819592095,36.08926415443421
HDS,35,"[(-100, 100)]",30,1000,100,F172017,114529.18551848111,19.89958119392395
HDS,35,"[(-100, 100)]",50,1000,100,F172017,1179427.7189222593,20.32239508628845
HDS,35,"[(-100, 100)]",30,1000,100,F162017,129360.81228196576,77.96903014183044
Sobol,35,"[(-100, 100)]",10,1000,100,F162017,1649.0647512182527,41.88593816757202
Sobol,35,"[(-100, 100)]",30,1000,100,F172017,129691.5136843472,20.15029287338257
HDS,35,"[(-100, 100)]",100,1000,100,F172017,11229777.507501377,22.009329080581665
Sobol,35,"[(-100, 100)]",100,1000,100,F152017,410690.3714059405,49.91696619987488
Sobol,35,"[(-100, 100)]",50,1000,100,F172017,2887561.6041352823,20.68418002128601
HDS,35,"[(-100, 100)]",10,1000,100,F182017,1807.1957731917385,20.957112789154053
Sobol,35,"[(-100, 100)]",100,1000,100,F172017,21846094.2571992,20.06222486495972
HDS,35,"[(-100, 100)]",50,1000,100,F162017,746048.6450861536,113.25575399398804
Sobol,35,"[(-100, 100)]",10,1000,100,F182017,1810.018602654989,20.249799013137817
HDS,35,"[(-100, 100)]",30,1000,100,F182017,715483.8787779118,44.15756893157959
HDS,35,"[(-100, 100)]",10,1000,100,F192017,1833.1260749273945,42.26021909713745
HDS,35,"[(-100, 100)]",50,1000,100,F182017,2981436.023327505,59.53573775291443
Sobol,35,"[(-100, 100)]",30,1000,100,F162017,48640.28474893856,78.55865907669067
Sobol,35,"[(-100, 100)]",30,1000,100,F182017,130677.18389769844,44.621761083602905
Sobol,35,"[(-100, 100)]",10,1000,100,F192017,1833.2861762729071,41.86899709701538
HDS,35,"[(-100, 100)]",100,1000,100,F182017,2202907913.5812325,98.00770807266235
HDS,35,"[(-100, 100)]",10,1000,100,F202017,2128.514592311742,7.129938125610352
HDS,35,"[(-100, 100)]",30,1000,100,F192017,3685.018365229662,77.89482092857361
Sobol,35,"[(-100, 100)]",10,1000,100,F202017,2139.3897996004785,8.597172021865845
HDS,35,"[(-100, 100)]",100,1000,100,F162017,113149128832.61449,201.0314199924469
Sobol,35,"[(-100, 100)]",50,1000,100,F182017,14166489.167341365,58.796300172805786
HDS,35,"[(-100, 100)]",30,1000,100,F202017,2349.499238810315,22.650187015533447
Sobol,35,"[(-100, 100)]",50,1000,100,F162017,288339887.1120908,112.32399606704712
HDS,35,"[(-100, 100)]",50,1000,100,F202017,4018.339745039872,23.61931276321411
Sobol,35,"[(-100, 100)]",30,1000,100,F202017,2336.076026847836,22.688830852508545
HDS,35,"[(-100, 100)]",10,1000,100,F212017,2217.1228981276686,2.728717803955078
HDS,35,"[(-100, 100)]",100,1000,100,F202017,37438.0709701618,25.46768164634705
Sobol,35,"[(-100, 100)]",10,1000,100,F212017,2216.3770846957086,3.324284791946411
Sobol,35,"[(-100, 100)]",50,1000,100,F202017,3745.081966375482,22.140808820724487
HDS,35,"[(-100, 100)]",50,1000,100,F192017,2234.314204996629,114.02471709251404
Sobol,35,"[(-100, 100)]",100,1000,100,F202017,28793.03900863553,23.52081799507141
HDS,35,"[(-100, 100)]",30,1000,100,F212017,2309.437723009923,21.0463342666626
Sobol,35,"[(-100, 100)]",30,1000,100,F192017,3289.4186416216808,77.16662192344666
HDS,35,"[(-100, 100)]",50,1000,100,F212017,2455.476804044932,27.50302505493164
Sobol,35,"[(-100, 100)]",100,1000,100,F182017,720193112.2407423,94.9840841293335
HDS,35,"[(-100, 100)]",10,1000,100,F22017,200.6441025630364,12.989266872406006
HDS,35,"[(-100, 100)]",30,1000,100,F22017,19697.25288268961,14.589011907577516
Sobol,35,"[(-100, 100)]",10,1000,100,F22017,200.30605657987203,12.14819836616516
Sobol,35,"[(-100, 100)]",30,1000,100,F212017,2309.7819085757374,26.84529185295105
HDS,35,"[(-100, 100)]",100,1000,100,F212017,3007.1379853064736,30.620869159698486
Sobol,35,"[(-100, 100)]",50,1000,100,F212017,2538.4161526376924,28.40974998474121
Sobol,35,"[(-100, 100)]",30,1000,100,F22017,17963.88685786711,15.177483081817629
HDS,35,"[(-100, 100)]",50,1000,100,F22017,55448.07936582478,15.41976284980774
HDS,35,"[(-100, 100)]",100,1000,100,F22017,268676.7612605421,16.753004789352417
HDS,35,"[(-100, 100)]",10,1000,100,F222017,2370.434448360186,8.851630926132202
Sobol,35,"[(-100, 100)]",10,1000,100,F222017,2373.5661197138534,10.148388862609863
Sobol,35,"[(-100, 100)]",50,1000,100,F22017,94658.08237129691,14.51836919784546
Sobol,35,"[(-100, 100)]",100,1000,100,F22017,290160.4646241781,15.063955068588257
Sobol,35,"[(-100, 100)]",100,1000,100,F212017,3287.881679834115,30.90874600410461
HDS,35,"[(-100, 100)]",10,1000,100,F232017,2547.5417761738954,10.344062089920044
HDS,35,"[(-100, 100)]",30,1000,100,F222017,2977.7209518072823,30.33497810363769
Sobol,35,"[(-100, 100)]",10,1000,100,F232017,2537.577217716375,10.154983043670654
HDS,35,"[(-100, 100)]",50,1000,100,F222017,5026.815843385347,30.68447184562683
HDS,35,"[(-100, 100)]",30,1000,100,F232017,2760.1462345491127,24.86431908607483
HDS,35,"[(-100, 100)]",100,1000,100,F222017,44146.14195793422,34.10410499572754
Sobol,35,"[(-100, 100)]",30,1000,100,F222017,3279.0956592221173,28.82522988319397
HDS,35,"[(-100, 100)]",100,1000,100,F192017,6645.691853763085,207.5160870552063
HDS,35,"[(-100, 100)]",50,1000,100,F232017,7627.93099400103,25.4323308467865
Sobol,35,"[(-100, 100)]",50,1000,100,F192017,2602.216206400776,114.10680079460144
Sobol,35,"[(-100, 100)]",30,1000,100,F232017,3911.425292258459,24.48794198036194
Sobol,35,"[(-100, 100)]",50,1000,100,F222017,9669.861367744152,30.01231837272644
HDS,35,"[(-100, 100)]",10,1000,100,F242017,2888.215787373329,10.51881504058838
Sobol,35,"[(-100, 100)]",100,1000,100,F222017,36616.80991181976,33.11157703399658
HDS,35,"[(-100, 100)]",100,1000,100,F232017,39233.51283422326,28.465023279190063
Sobol,35,"[(-100, 100)]",50,1000,100,F232017,4891.906569311104,24.781835079193115
Sobol,35,"[(-100, 100)]",10,1000,100,F242017,2886.780803977587,10.042789220809937
Sobol,35,"[(-100, 100)]",100,1000,100,F162017,307157216175.4023,200.2417957782745
HDS,35,"[(-100, 100)]",30,1000,100,F242017,2906.635467518612,22.524471044540405
HDS,35,"[(-100, 100)]",50,1000,100,F242017,4670.173713292161,27.58111000061035
HDS,35,"[(-100, 100)]",10,1000,100,F252017,2976.4026882386734,14.52233386039734
Sobol,35,"[(-100, 100)]",30,1000,100,F242017,2863.131613454762,19.529988050460812
HDS,35,"[(-100, 100)]",100,1000,100,F242017,6651.069840842785,30.423563957214355
Sobol,35,"[(-100, 100)]",100,1000,100,F232017,40993.76928121986,27.438182830810547
Sobol,35,"[(-100, 100)]",10,1000,100,F252017,2978.423247491396,13.076829195022585
HDS,35,"[(-100, 100)]",10,1000,100,F262017,2992.8956521173177,11.277098894119264
Sobol,35,"[(-100, 100)]",50,1000,100,F242017,3806.1815157156425,26.68541979789734
Sobol,35,"[(-100, 100)]",10,1000,100,F262017,2993.431965802176,11.79996919631958
Sobol,35,"[(-100, 100)]",100,1000,100,F242017,6509.685499460416,29.50291895866394
HDS,35,"[(-100, 100)]",10,1000,100,F272017,2829.398299279774,9.554522275924684
HDS,35,"[(-100, 100)]",30,1000,100,F252017,3381.3473844406053,67.00489592552185
Sobol,35,"[(-100, 100)]",10,1000,100,F272017,2823.365551231375,9.7089581489563
HDS,35,"[(-100, 100)]",50,1000,100,F252017,4402.741812570755,99.52909421920776
HDS,35,"[(-100, 100)]",30,1000,100,F262017,3201.974868300107,73.88411903381348
Sobol,35,"[(-100, 100)]",30,1000,100,F252017,3384.3620923702847,72.4848530292511
HDS,35,"[(-100, 100)]",30,1000,100,F272017,2917.930374410464,68.62733602523804
HDS,35,"[(-100, 100)]",50,1000,100,F262017,3639.827699667851,101.62519478797913
Sobol,35,"[(-100, 100)]",30,1000,100,F262017,3220.860247419276,72.65954685211182
Sobol,35,"[(-100, 100)]",100,1000,100,F192017,7512.212843629533,204.0631651878357
HDS,35,"[(-100, 100)]",100,1000,100,F252017,19841.44592277387,163.96917080879211
Sobol,35,"[(-100, 100)]",30,1000,100,F272017,2881.9827627164186,54.16715884208679
Sobol,35,"[(-100, 100)]",50,1000,100,F252017,4793.462374244717,96.83719182014464
HDS,35,"[(-100, 100)]",100,1000,100,F262017,5094.581546134726,166.00150871276855
HDS,35,"[(-100, 100)]",50,1000,100,F272017,3291.5141460263444,94.01122212409972
HDS,35,"[(-100, 100)]",10,1000,100,F282017,4063.944043063812,62.83568096160889
Sobol,35,"[(-100, 100)]",50,1000,100,F262017,3635.29717048945,99.33055901527403
HDS,35,"[(-100, 100)]",30,1000,100,F282017,12993664.499345072,105.90577507019044
Sobol,35,"[(-100, 100)]",10,1000,100,F282017,4295.754573349498,64.14682102203369
Sobol,35,"[(-100, 100)]",50,1000,100,F272017,3235.944742714766,95.97982382774352
HDS,35,"[(-100, 100)]",100,1000,100,F272017,4307.195056375498,160.63731598854065
HDS,35,"[(-100, 100)]",50,1000,100,F282017,412484228.50243086,147.49853110313416
Sobol,35,"[(-100, 100)]",100,1000,100,F252017,20749.40730039439,163.004145860672
HDS,35,"[(-100, 100)]",10,1000,100,F292017,,45.77969980239868
Sobol,35,"[(-100, 100)]",100,1000,100,F262017,5163.811956252901,166.11507487297058
HDS,35,"[(-100, 100)]",30,1000,100,F292017,13474910.260584142,59.77953910827637
Sobol,35,"[(-100, 100)]",10,1000,100,F292017,,44.285030126571655
HDS,35,"[(-100, 100)]",10,1000,100,F32017,308.9632931037532,6.523294925689697
Sobol,35,"[(-100, 100)]",30,1000,100,F282017,81721410.2159923,105.04617404937744
Sobol,35,"[(-100, 100)]",10,1000,100,F32017,303.6951078532375,7.849406957626343
HDS,35,"[(-100, 100)]",30,1000,100,F32017,410.24796111216506,15.118279933929443
HDS,35,"[(-100, 100)]",50,1000,100,F32017,807.3185567010288,15.704265356063845
HDS,35,"[(-100, 100)]",50,1000,100,F292017,1273877019.483929,75.36964774131775
Sobol,35,"[(-100, 100)]",30,1000,100,F32017,381.6917494113243,15.10347294807434
Sobol,35,"[(-100, 100)]",50,1000,100,F32017,1019.8939291067302,14.920805215835571
Sobol,35,"[(-100, 100)]",30,1000,100,F292017,45156038.61113332,60.66483426094055
HDS,35,"[(-100, 100)]",100,1000,100,F32017,6924.143481862595,16.353319883346558
HDS,35,"[(-100, 100)]",10,1000,100,F42017,425.2465301654378,14.381811141967772
HDS,35,"[(-100, 100)]",30,1000,100,F42017,700.1264829912895,14.758034229278564
Sobol,35,"[(-100, 100)]",10,1000,100,F42017,432.87790498340223,14.158068180084229
Sobol,35,"[(-100, 100)]",100,1000,100,F32017,7735.462483919775,15.57688307762146
Sobol,35,"[(-100, 100)]",30,1000,100,F42017,725.9243064635268,14.060464859008787
HDS,35,"[(-100, 100)]",10,1000,100,F52017,500.002044848084,0.4079248905181885
Sobol,35,"[(-100, 100)]",10,1000,100,F52017,500.0106754527904,0.1850671768188476
HDS,35,"[(-100, 100)]",30,1000,100,F52017,500.0363572268822,0.6296148300170898
Sobol,35,"[(-100, 100)]",30,1000,100,F52017,500.0448837029016,0.3493125438690185
HDS,35,"[(-100, 100)]",50,1000,100,F52017,500.065020074456,0.7899339199066162
Sobol,35,"[(-100, 100)]",50,1000,100,F52017,500.0719971497159,0.3879361152648926
HDS,35,"[(-100, 100)]",50,1000,100,F42017,1788.5439154643493,14.806849241256714
HDS,35,"[(-100, 100)]",100,1000,100,F52017,500.096148850327,1.9456820487976076
Sobol,35,"[(-100, 100)]",100,1000,100,F52017,500.1369300623592,0.7186057567596436
HDS,35,"[(-100, 100)]",100,1000,100,F42017,53040.20252687143,15.8989520072937
Sobol,35,"[(-100, 100)]",50,1000,100,F282017,938815639.2380906,145.38323402404785
HDS,35,"[(-100, 100)]",100,1000,100,F282017,21075574269.720417,249.94554686546329
Sobol,35,"[(-100, 100)]",100,1000,100,F272017,5688.336251887018,158.7467360496521
HDS,35,"[(-100, 100)]",100,1000,100,F292017,7157109339.024663,115.3432731628418
Sobol,35,"[(-100, 100)]",50,1000,100,F42017,2106.191257285869,14.494239091873167
Sobol,35,"[(-100, 100)]",100,1000,100,F42017,25641.77953381593,14.926880836486816
Sobol,35,"[(-100, 100)]",50,1000,100,F292017,2011198225.798709,75.13761878013611
HDS,35,"[(-100, 100)]",10,1000,100,F62017,643.0404671804098,16.05166506767273
HDS,35,"[(-100, 100)]",30,1000,100,F62017,1863.0937005265123,17.314617156982422
HDS,35,"[(-100, 100)]",50,1000,100,F62017,58973.09689864687,16.558210134506226
HDS,35,"[(-100, 100)]",100,1000,100,F62017,539955.0364207574,17.76381492614746
Sobol,35,"[(-100, 100)]",10,1000,100,F62017,640.627032616008,15.736853122711182
HDS,35,"[(-100, 100)]",10,1000,100,F72017,730.4799796865203,19.4871768951416
HDS,35,"[(-100, 100)]",30,1000,100,F72017,1169.699209250429,19.907379150390625
Sobol,35,"[(-100, 100)]",30,1000,100,F62017,3168.1709467892097,16.976701974868774
Sobol,35,"[(-100, 100)]",50,1000,100,F62017,48121.40794630518,16.183284997940063
HDS,35,"[(-100, 100)]",10,1000,100,F82017,801.5803740191286,0.8842849731445312
Sobol,35,"[(-100, 100)]",10,1000,100,F82017,802.2491375943529,0.8503758907318115
HDS,35,"[(-100, 100)]",30,1000,100,F82017,807.2484182416465,4.690395832061768
Sobol,35,"[(-100, 100)]",100,1000,100,F62017,557215.9945218205,16.977439165115356
Sobol,35,"[(-100, 100)]",30,1000,100,F82017,812.9506791816888,4.069661855697632
HDS,35,"[(-100, 100)]",50,1000,100,F72017,1477.4945000478035,20.574669122695923
Sobol,35,"[(-100, 100)]",10,1000,100,F72017,735.6294844895893,19.20689630508423
Sobol,35,"[(-100, 100)]",30,1000,100,F72017,1111.7530230130897,19.524165868759155
HDS,35,"[(-100, 100)]",50,1000,100,F82017,816.9098731727546,11.887033700942991
HDS,35,"[(-100, 100)]",100,1000,100,F72017,3235.2145325886995,22.47332096099853
HDS,35,"[(-100, 100)]",100,1000,100,F82017,955.496482474232,18.45935535430908
Sobol,35,"[(-100, 100)]",50,1000,100,F82017,817.2189735201392,12.08887004852295
Sobol,35,"[(-100, 100)]",50,1000,100,F72017,1658.1047200143837,20.369879961013797
HDS,35,"[(-100, 100)]",10,1000,100,F92017,-967.6685892787128,19.86716103553772
HDS,35,"[(-100, 100)]",30,1000,100,F92017,3486.791878963661,20.83438801765442
Sobol,35,"[(-100, 100)]",100,1000,100,F72017,3192.3904092169355,20.63115906715393
Sobol,35,"[(-100, 100)]",100,1000,100,F82017,877.4523074317297,16.667444944381714
HDS,35,"[(-100, 100)]",50,1000,100,F92017,8620.770082152783,20.81943392753601
Sobol,35,"[(-100, 100)]",10,1000,100,F92017,-663.3040938452323,19.19754695892334
HDS,35,"[(-100, 100)]",100,1000,100,F92017,25429.55488926683,22.272069215774536
Sobol,35,"[(-100, 100)]",30,1000,100,F92017,3110.192847407552,19.59938097000122
HDS,36,"[(-100, 100)]",10,1000,100,F102017,1049.2233673866397,17.53765892982483
HDS,36,"[(-100, 100)]",30,1000,100,F102017,101885.54241984636,17.70993161201477
HDS,36,"[(-100, 100)]",50,1000,100,F102017,294273.5783869042,18.10374617576599
Sobol,35,"[(-100, 100)]",50,1000,100,F92017,9381.489108825444,20.65777611732483
HDS,36,"[(-100, 100)]",100,1000,100,F102017,1936320.3006907464,19.370397090911865
Sobol,35,"[(-100, 100)]",100,1000,100,F92017,26025.4366646683,21.845470905303955
Sobol,36,"[(-100, 100)]",10,1000,100,F102017,1105.4373461700009,16.958529949188232
Sobol,36,"[(-100, 100)]",30,1000,100,F102017,59267.7027388184,17.07609534263611
Sobol,35,"[(-100, 100)]",100,1000,100,F292017,8358472214.39238,114.94786596298218
Sobol,36,"[(-100, 100)]",50,1000,100,F102017,257425.6781993961,17.28520703315735
Sobol,36,"[(-100, 100)]",100,1000,100,F102017,1492621.0362071758,18.062583208084103
HDS,36,"[(-100, 100)]",10,1000,100,F112017,53086.27882611305,22.03590703010559
HDS,36,"[(-100, 100)]",30,1000,100,F112017,53562714.5872035,22.43957781791687
HDS,36,"[(-100, 100)]",50,1000,100,F112017,332030543.1845992,22.91980004310608
HDS,36,"[(-100, 100)]",10,1000,100,F12017,24078.944053801995,15.218267917633057
HDS,36,"[(-100, 100)]",30,1000,100,F12017,36850923.31159637,14.525919198989868
HDS,36,"[(-100, 100)]",100,1000,100,F112017,4482674950.194501,23.993544816970825
HDS,36,"[(-100, 100)]",50,1000,100,F12017,3739958922.383773,14.27018404006958
Sobol,36,"[(-100, 100)]",30,1000,100,F12017,26103855.35540264,13.525130033493042
Sobol,36,"[(-100, 100)]",10,1000,100,F12017,2232.691578500141,14.690598726272585
Sobol,36,"[(-100, 100)]",10,1000,100,F112017,110638.99115755134,21.32757019996643
Sobol,36,"[(-100, 100)]",30,1000,100,F112017,14480266.192821717,21.290762901306152
Sobol,36,"[(-100, 100)]",50,1000,100,F12017,971393060.9959424,13.391780138015749
Sobol,36,"[(-100, 100)]",50,1000,100,F112017,348452201.7264165,21.47343897819519
Sobol,36,"[(-100, 100)]",100,1000,100,F112017,6405089796.558908,22.44780707359314
HDS,36,"[(-100, 100)]",100,1000,100,F12017,43504245479.362045,15.722456932067873
HDS,36,"[(-100, 100)]",30,1000,100,F122017,2911760.876648344,18.749637126922607
HDS,36,"[(-100, 100)]",10,1000,100,F122017,1267.35026008825,19.306488275527958
HDS,36,"[(-100, 100)]",50,1000,100,F122017,15099136.939838082,19.99207901954651
HDS,36,"[(-100, 100)]",10,1000,100,F132017,1368.8039414138764,18.954034328460693
HDS,36,"[(-100, 100)]",100,1000,100,F122017,6347820427.863721,20.54150128364563
Sobol,36,"[(-100, 100)]",100,1000,100,F12017,40412022916.5224,14.6283597946167
HDS,36,"[(-100, 100)]",30,1000,100,F132017,269343.4303565464,20.557528018951416
Sobol,36,"[(-100, 100)]",30,1000,100,F122017,327994.70975846605,18.2466778755188
Sobol,36,"[(-100, 100)]",10,1000,100,F122017,1421.7405606845296,18.74941182136536
Sobol,36,"[(-100, 100)]",10,1000,100,F132017,1376.8923037580244,17.62649893760681
Sobol,36,"[(-100, 100)]",50,1000,100,F122017,33520742.6865928,18.758635997772217
Sobol,36,"[(-100, 100)]",100,1000,100,F122017,2431474130.858053,18.57039737701416
HDS,36,"[(-100, 100)]",50,1000,100,F132017,1878620.9329465088,21.028987169265747
Sobol,36,"[(-100, 100)]",30,1000,100,F132017,273384.0854256112,19.03231811523437
HDS,36,"[(-100, 100)]",10,1000,100,F142017,1516.516811535034,18.843927145004272
HDS,36,"[(-100, 100)]",30,1000,100,F142017,330094.46976764523,18.118083000183105
HDS,36,"[(-100, 100)]",50,1000,100,F142017,5602671.75313374,18.2974910736084
HDS,36,"[(-100, 100)]",100,1000,100,F132017,35498622.59510431,24.80757093429565
HDS,36,"[(-100, 100)]",100,1000,100,F142017,127631002.19142014,19.940474033355716
HDS,36,"[(-100, 100)]",10,1000,100,F152017,1336.923126277274,14.164176940917969
Sobol,36,"[(-100, 100)]",50,1000,100,F132017,3565932.809548089,20.87502598762512
Sobol,36,"[(-100, 100)]",10,1000,100,F142017,1631.746432048236,19.015676259994507
Sobol,36,"[(-100, 100)]",30,1000,100,F142017,2169521.203364438,18.382614135742188
Sobol,36,"[(-100, 100)]",50,1000,100,F142017,27121486.21979139,18.58036494255066
Sobol,36,"[(-100, 100)]",100,1000,100,F142017,1139253352.9285316,18.702749967575077
Sobol,36,"[(-100, 100)]",100,1000,100,F132017,29779753.796944637,24.054354906082157
Sobol,36,"[(-100, 100)]",10,1000,100,F152017,1370.534250462778,25.3180627822876
Sobol,35,"[(-100, 100)]",100,1000,100,F282017,1777244284.5609603,247.4487431049347
HDS,36,"[(-100, 100)]",30,1000,100,F152017,5441.601536142769,31.372031927108765
HDS,36,"[(-100, 100)]",50,1000,100,F152017,13036.955222751856,37.2016830444336
HDS,36,"[(-100, 100)]",10,1000,100,F172017,,20.44936490058899
HDS,36,"[(-100, 100)]",10,1000,100,F162017,1645.9774892250516,42.829527139663696
HDS,36,"[(-100, 100)]",100,1000,100,F152017,29106.74988277395,51.60367012023926
Sobol,36,"[(-100, 100)]",30,1000,100,F152017,2492.341124833377,31.320453882217407
Sobol,36,"[(-100, 100)]",10,1000,100,F172017,,19.8196759223938
Sobol,36,"[(-100, 100)]",50,1000,100,F152017,10112.203399467768,36.48061299324036
HDS,36,"[(-100, 100)]",30,1000,100,F172017,119172.48784245388,20.260217666625977
HDS,36,"[(-100, 100)]",50,1000,100,F172017,2004989.9870698263,20.305222988128666
HDS,36,"[(-100, 100)]",30,1000,100,F162017,142103.34430232755,77.68258833885193
Sobol,36,"[(-100, 100)]",10,1000,100,F162017,1641.6512867481888,42.15103602409363
HDS,36,"[(-100, 100)]",100,1000,100,F172017,19278346.15861322,21.3739230632782
Sobol,36,"[(-100, 100)]",30,1000,100,F172017,117113.2165821142,19.911327838897705
Sobol,36,"[(-100, 100)]",50,1000,100,F172017,783845.0474675567,19.84091806411743
Sobol,36,"[(-100, 100)]",100,1000,100,F152017,647912.2711269137,49.595932960510254
HDS,36,"[(-100, 100)]",10,1000,100,F182017,1810.1399410391305,20.95961809158325
Sobol,36,"[(-100, 100)]",100,1000,100,F172017,11815471.127937095,20.577964067459103
HDS,36,"[(-100, 100)]",50,1000,100,F162017,139549806.2839366,113.75862383842468
Sobol,36,"[(-100, 100)]",10,1000,100,F182017,1805.4757010148223,16.698554039001465
HDS,36,"[(-100, 100)]",30,1000,100,F182017,304196.7943341644,44.06590676307678
HDS,36,"[(-100, 100)]",10,1000,100,F192017,1829.6139320365417,42.82414627075195
Sobol,36,"[(-100, 100)]",30,1000,100,F162017,119066.81553670982,76.13953518867493
HDS,36,"[(-100, 100)]",50,1000,100,F182017,4053677.032485137,59.90132808685303
Sobol,36,"[(-100, 100)]",30,1000,100,F182017,1182901.5930881558,43.973745822906494
Sobol,36,"[(-100, 100)]",10,1000,100,F192017,1839.7612130174973,42.94793891906738
HDS,36,"[(-100, 100)]",100,1000,100,F182017,1828945063.5923612,98.47225999832152
HDS,36,"[(-100, 100)]",30,1000,100,F192017,2204.419600787507,79.4233238697052
HDS,36,"[(-100, 100)]",10,1000,100,F202017,2129.112053811871,7.164186954498291
Sobol,36,"[(-100, 100)]",10,1000,100,F202017,2140.2202210769865,6.742021799087524
HDS,36,"[(-100, 100)]",100,1000,100,F162017,323265051621.62274,205.25702381134036
Sobol,36,"[(-100, 100)]",50,1000,100,F182017,832559.1363797614,59.60414409637451
Sobol,36,"[(-100, 100)]",50,1000,100,F162017,1698772259.414971,113.85673403739928
HDS,36,"[(-100, 100)]",30,1000,100,F202017,2387.2443411643158,23.1921169757843
HDS,36,"[(-100, 100)]",50,1000,100,F202017,3849.2776010497,23.90884613990784
Sobol,36,"[(-100, 100)]",30,1000,100,F202017,2632.0563270853245,22.87755870819092
HDS,36,"[(-100, 100)]",100,1000,100,F202017,22515.02501487272,26.200237035751343
HDS,36,"[(-100, 100)]",10,1000,100,F212017,2216.0668924771508,3.2934532165527344
Sobol,36,"[(-100, 100)]",50,1000,100,F202017,3878.03037367418,23.50984811782837
HDS,36,"[(-100, 100)]",50,1000,100,F192017,2592.9946518874767,115.6143171787262
Sobol,36,"[(-100, 100)]",30,1000,100,F192017,1760.405633560035,79.78285121917725
Sobol,36,"[(-100, 100)]",100,1000,100,F202017,43856.7514101949,24.011681079864506
Sobol,36,"[(-100, 100)]",10,1000,100,F212017,781.0245700940766,26.70489907264709
HDS,36,"[(-100, 100)]",30,1000,100,F212017,2305.7134706734523,27.45173406600952
Sobol,36,"[(-100, 100)]",100,1000,100,F182017,1367381906.3396106,98.07560873031616
HDS,36,"[(-100, 100)]",10,1000,100,F22017,200.4111075716753,13.509719133377075
HDS,36,"[(-100, 100)]",50,1000,100,F212017,2493.27219573217,28.36060333251953
HDS,36,"[(-100, 100)]",30,1000,100,F22017,20955.91398930084,14.830600023269652
HDS,36,"[(-100, 100)]",100,1000,100,F212017,3498.9832386439484,31.02167773246765
Sobol,36,"[(-100, 100)]",10,1000,100,F22017,201.69816562435872,14.42700695991516
Sobol,36,"[(-100, 100)]",30,1000,100,F212017,2290.328685845718,25.23413109779358
Sobol,36,"[(-100, 100)]",30,1000,100,F22017,16040.198677669565,14.085793256759644
HDS,36,"[(-100, 100)]",50,1000,100,F22017,71772.6531545851,14.595983028411863
HDS,36,"[(-100, 100)]",100,1000,100,F22017,264694.2095493797,15.758680820465088
HDS,36,"[(-100, 100)]",10,1000,100,F222017,2341.090936025298,9.745224952697754
Sobol,36,"[(-100, 100)]",50,1000,100,F212017,2491.063985300091,27.921230792999268
Sobol,36,"[(-100, 100)]",50,1000,100,F22017,80324.66444224706,14.048760175704956
Sobol,36,"[(-100, 100)]",100,1000,100,F212017,3215.5468827531686,29.05924725532532
Sobol,36,"[(-100, 100)]",10,1000,100,F222017,2368.356216997609,10.58154320716858
Sobol,36,"[(-100, 100)]",100,1000,100,F22017,275882.82618798496,14.39362406730652
HDS,36,"[(-100, 100)]",10,1000,100,F232017,2548.3252264132952,9.163089990615845
Sobol,36,"[(-100, 100)]",10,1000,100,F232017,2532.247721300114,10.621743202209473
HDS,36,"[(-100, 100)]",30,1000,100,F222017,3489.123049728892,29.15749311447144
HDS,36,"[(-100, 100)]",30,1000,100,F232017,2815.71402458529,24.652388095855716
HDS,36,"[(-100, 100)]",50,1000,100,F222017,4502.691033096551,30.50287890434265
HDS,36,"[(-100, 100)]",100,1000,100,F222017,29259.483654134885,32.65605306625366
Sobol,36,"[(-100, 100)]",50,1000,100,F192017,2588.631759363253,112.20131087303162
HDS,36,"[(-100, 100)]",100,1000,100,F192017,6669.605496688495,208.7789258956909
HDS,36,"[(-100, 100)]",50,1000,100,F232017,5879.26118052677,26.12324595451355
Sobol,36,"[(-100, 100)]",30,1000,100,F222017,2983.7733301013445,29.33773112297058
Sobol,36,"[(-100, 100)]",30,1000,100,F232017,3103.538203883953,24.505451202392575
HDS,36,"[(-100, 100)]",10,1000,100,F242017,2885.4949239851308,8.594671964645386
Sobol,36,"[(-100, 100)]",50,1000,100,F222017,4988.7093953565545,30.418074131011963
Sobol,36,"[(-100, 100)]",100,1000,100,F222017,20924.47731399202,32.01051306724548
HDS,36,"[(-100, 100)]",100,1000,100,F232017,48290.60185177117,27.57771396636963
Sobol,36,"[(-100, 100)]",10,1000,100,F242017,2887.010497356344,9.678613901138306
Sobol,36,"[(-100, 100)]",50,1000,100,F232017,7412.681144283434,26.34508419036865
Sobol,36,"[(-100, 100)]",100,1000,100,F162017,519086319556.8342,203.36844897270203
HDS,36,"[(-100, 100)]",30,1000,100,F242017,2884.399345511304,25.330841064453125
HDS,36,"[(-100, 100)]",10,1000,100,F252017,2970.113794394256,14.52913498878479
HDS,36,"[(-100, 100)]",50,1000,100,F242017,5017.088017637479,28.121068954467773
Sobol,36,"[(-100, 100)]",100,1000,100,F232017,36658.587189809725,27.27942681312561
HDS,36,"[(-100, 100)]",100,1000,100,F242017,7072.737150679724,30.65462303161621
Sobol,36,"[(-100, 100)]",10,1000,100,F252017,2982.107271510711,14.301284790039062
Sobol,36,"[(-100, 100)]",30,1000,100,F242017,2872.9664021310214,21.65487599372864
HDS,36,"[(-100, 100)]",10,1000,100,F262017,3002.35924594368,8.929355144500732
Sobol,36,"[(-100, 100)]",50,1000,100,F242017,4483.43549622651,27.68647813796997
Sobol,36,"[(-100, 100)]",10,1000,100,F262017,2999.0507978605324,9.366626024246216
Sobol,36,"[(-100, 100)]",100,1000,100,F242017,8586.729904894346,30.15810799598694
HDS,36,"[(-100, 100)]",10,1000,100,F272017,2817.7241200477097,7.727246046066284
Sobol,36,"[(-100, 100)]",10,1000,100,F272017,2848.353446816306,10.121757984161375
HDS,36,"[(-100, 100)]",30,1000,100,F252017,3450.740452515284,74.02881813049316
HDS,36,"[(-100, 100)]",30,1000,100,F262017,3193.0796570982566,75.29575109481812
HDS,36,"[(-100, 100)]",50,1000,100,F252017,4905.787451414852,100.1110668182373
HDS,36,"[(-100, 100)]",30,1000,100,F272017,2882.7842836395366,60.375853061676025
HDS,36,"[(-100, 100)]",50,1000,100,F262017,3742.65085561289,100.55879187583923
Sobol,36,"[(-100, 100)]",30,1000,100,F252017,3407.114584400184,72.6666190624237
Sobol,36,"[(-100, 100)]",30,1000,100,F262017,3205.8159934805417,73.53900289535522
Sobol,36,"[(-100, 100)]",100,1000,100,F192017,4483.625660787866,206.6865119934082
HDS,36,"[(-100, 100)]",100,1000,100,F252017,22110.39979719666,166.85127592086792
Sobol,36,"[(-100, 100)]",30,1000,100,F272017,2894.504039860321,60.72144317626953
Sobol,36,"[(-100, 100)]",50,1000,100,F252017,5689.731653189743,97.52392387390135
HDS,36,"[(-100, 100)]",100,1000,100,F262017,5495.198210478215,165.57300996780396
HDS,36,"[(-100, 100)]",50,1000,100,F272017,3104.3945549028394,93.86225605010986
Sobol,36,"[(-100, 100)]",50,1000,100,F262017,3813.598121633348,98.85491180419922
HDS,36,"[(-100, 100)]",10,1000,100,F282017,4169.241128400458,63.16146087646485
HDS,36,"[(-100, 100)]",30,1000,100,F282017,2644458.0463424795,104.98658680915833
Sobol,36,"[(-100, 100)]",10,1000,100,F282017,4329.306276808111,63.598304986953735
HDS,36,"[(-100, 100)]",100,1000,100,F272017,5304.366081986031,159.64100813865662
Sobol,36,"[(-100, 100)]",50,1000,100,F272017,3242.9938477890128,94.70553493499756
HDS,36,"[(-100, 100)]",50,1000,100,F282017,80094360.5104532,145.52665495872498
Sobol,36,"[(-100, 100)]",100,1000,100,F252017,21511.28133097791,163.38684010505676
HDS,36,"[(-100, 100)]",10,1000,100,F292017,,44.54700374603272
Sobol,36,"[(-100, 100)]",100,1000,100,F262017,4980.229551204955,164.27579808235168
HDS,36,"[(-100, 100)]",30,1000,100,F292017,9448632.729025012,59.75937724113464
Sobol,36,"[(-100, 100)]",10,1000,100,F292017,,44.389739990234375
Sobol,36,"[(-100, 100)]",30,1000,100,F282017,19878572.979443166,105.18832683563232
HDS,36,"[(-100, 100)]",10,1000,100,F32017,304.76594482692644,7.100695848464966
Sobol,36,"[(-100, 100)]",10,1000,100,F32017,303.34617268276054,5.23923397064209
HDS,36,"[(-100, 100)]",30,1000,100,F32017,352.3860720528004,14.901947259902954
HDS,36,"[(-100, 100)]",50,1000,100,F32017,969.0227595062064,15.74804186820984
HDS,36,"[(-100, 100)]",50,1000,100,F292017,1196417479.4169514,76.22624611854553
Sobol,36,"[(-100, 100)]",30,1000,100,F32017,352.6937365624503,15.192097902297974
Sobol,36,"[(-100, 100)]",50,1000,100,F32017,1012.967408298546,15.00146198272705
HDS,36,"[(-100, 100)]",100,1000,100,F32017,10900.417097305392,16.06122612953186
HDS,36,"[(-100, 100)]",10,1000,100,F42017,434.9776970917064,14.044687271118164
Sobol,36,"[(-100, 100)]",30,1000,100,F292017,12317998.12180068,60.14474821090698
Sobol,36,"[(-100, 100)]",100,1000,100,F32017,7989.562809020074,15.024357318878174
Sobol,36,"[(-100, 100)]",10,1000,100,F42017,434.275219004357,13.807317018508911
HDS,36,"[(-100, 100)]",30,1000,100,F42017,757.9506519428306,14.31017804145813
HDS,36,"[(-100, 100)]",50,1000,100,F42017,2559.683327263193,14.53959822654724
HDS,36,"[(-100, 100)]",100,1000,100,F42017,40386.85673141693,16.580108165740967
Sobol,36,"[(-100, 100)]",30,1000,100,F42017,674.8983290362049,14.87272596359253
HDS,36,"[(-100, 100)]",10,1000,100,F52017,500.00166681870746,0.4194221496582031
Sobol,36,"[(-100, 100)]",10,1000,100,F52017,500.00441056979264,0.1798012256622314
HDS,36,"[(-100, 100)]",30,1000,100,F52017,500.0365829644072,0.6154689788818359
Sobol,36,"[(-100, 100)]",30,1000,100,F52017,500.0339429628179,0.2888810634613037
HDS,36,"[(-100, 100)]",50,1000,100,F52017,500.0556380354521,0.9181621074676514
Sobol,36,"[(-100, 100)]",50,1000,100,F52017,500.08676111161714,0.3779311180114746
HDS,36,"[(-100, 100)]",100,1000,100,F292017,10648294912.1221,115.15214109420776
HDS,36,"[(-100, 100)]",100,1000,100,F52017,500.0999565057952,1.7599811553955078
Sobol,36,"[(-100, 100)]",50,1000,100,F282017,447029875.5075263,145.10118985176086
Sobol,36,"[(-100, 100)]",100,1000,100,F52017,500.145446200993,0.6574909687042236
Sobol,36,"[(-100, 100)]",50,1000,100,F42017,5156.956061920435,15.385923147201538
HDS,36,"[(-100, 100)]",100,1000,100,F282017,4785969225.504656,249.8204290866852
Sobol,36,"[(-100, 100)]",100,1000,100,F272017,5759.427678037424,158.61155104637146
Sobol,36,"[(-100, 100)]",100,1000,100,F42017,42864.60581038871,15.348750829696655
Sobol,36,"[(-100, 100)]",50,1000,100,F292017,1387824575.9758406,75.32386684417725
HDS,36,"[(-100, 100)]",10,1000,100,F62017,641.0139172948591,16.129117965698242
HDS,36,"[(-100, 100)]",30,1000,100,F62017,3384.8060079179645,16.26693606376648
HDS,36,"[(-100, 100)]",50,1000,100,F62017,26128.880969816302,16.521051168441772
HDS,36,"[(-100, 100)]",100,1000,100,F62017,653635.7856194327,17.59639596939087
HDS,36,"[(-100, 100)]",10,1000,100,F72017,744.0,19.915241956710812
Sobol,36,"[(-100, 100)]",10,1000,100,F62017,655.9104786376088,15.948561191558838
Sobol,36,"[(-100, 100)]",30,1000,100,F62017,1361.976271894678,16.186387062072754
HDS,36,"[(-100, 100)]",30,1000,100,F72017,1108.3177651017354,19.915415048599243
Sobol,36,"[(-100, 100)]",50,1000,100,F62017,63542.27067060858,16.418849229812622
HDS,36,"[(-100, 100)]",10,1000,100,F82017,801.5149882887009,0.892765998840332
Sobol,36,"[(-100, 100)]",10,1000,100,F82017,801.6544336612048,0.6581077575683594
Sobol,36,"[(-100, 100)]",100,1000,100,F62017,773633.3576518309,16.63144612312317
HDS,36,"[(-100, 100)]",30,1000,100,F82017,808.489479994827,4.943087100982666
Sobol,36,"[(-100, 100)]",30,1000,100,F82017,810.8884820464942,4.02249813079834
Sobol,36,"[(-100, 100)]",10,1000,100,F72017,746.0733749715272,19.43172287940979
HDS,36,"[(-100, 100)]",50,1000,100,F82017,817.2921997386044,12.814967155456545
HDS,36,"[(-100, 100)]",50,1000,100,F72017,1724.897631307494,20.51932692527771
Sobol,36,"[(-100, 100)]",30,1000,100,F72017,1103.5124164153262,20.050929307937626
HDS,36,"[(-100, 100)]",100,1000,100,F72017,3153.889540225706,22.00266695022583
HDS,36,"[(-100, 100)]",100,1000,100,F82017,875.465524966576,18.0564558506012
Sobol,36,"[(-100, 100)]",50,1000,100,F82017,816.3639034723604,13.423219919204712
HDS,36,"[(-100, 100)]",10,1000,100,F92017,-731.1362038023499,19.58227038383484
Sobol,36,"[(-100, 100)]",50,1000,100,F72017,1650.215446591511,19.93769907951355
HDS,36,"[(-100, 100)]",30,1000,100,F92017,3933.184258929623,20.109260082244877
Sobol,36,"[(-100, 100)]",100,1000,100,F72017,2938.7939040660704,20.56699514389038
Sobol,36,"[(-100, 100)]",100,1000,100,F82017,917.65952135286,16.777076959609985
HDS,36,"[(-100, 100)]",50,1000,100,F92017,8622.339001633214,20.7931969165802
Sobol,36,"[(-100, 100)]",10,1000,100,F92017,-1624.929001449893,19.305431127548218
HDS,37,"[(-100, 100)]",10,1000,100,F102017,1038.3946869431434,17.24390196800232
Sobol,36,"[(-100, 100)]",30,1000,100,F92017,2918.91340815388,19.763875007629395
HDS,36,"[(-100, 100)]",100,1000,100,F92017,21844.199465633334,22.39545512199402
HDS,37,"[(-100, 100)]",30,1000,100,F102017,74211.88837864374,17.66065001487732
Sobol,36,"[(-100, 100)]",50,1000,100,F92017,8291.806263634826,20.02299189567566
HDS,37,"[(-100, 100)]",50,1000,100,F102017,180030.6363147788,17.886982202529907
Sobol,37,"[(-100, 100)]",10,1000,100,F102017,1043.1006262158214,17.27796506881714
HDS,37,"[(-100, 100)]",100,1000,100,F102017,859470.7760062084,19.1337788105011
Sobol,36,"[(-100, 100)]",100,1000,100,F292017,5022927793.872882,114.47107410430908
Sobol,37,"[(-100, 100)]",30,1000,100,F102017,119879.20557183522,18.51898503303528
Sobol,36,"[(-100, 100)]",100,1000,100,F92017,23039.1144370761,22.32758092880249
Sobol,37,"[(-100, 100)]",50,1000,100,F102017,231946.42101822636,18.38192987442017
HDS,37,"[(-100, 100)]",10,1000,100,F112017,75835.19927537467,22.375776052474976
Sobol,37,"[(-100, 100)]",100,1000,100,F102017,1423764.7893536931,18.41666412353516
HDS,37,"[(-100, 100)]",10,1000,100,F12017,8966.772252745664,13.786005973815918
HDS,37,"[(-100, 100)]",30,1000,100,F112017,28340980.49971467,22.5859489440918
HDS,37,"[(-100, 100)]",50,1000,100,F112017,245013081.74877465,23.13194489479065
HDS,37,"[(-100, 100)]",30,1000,100,F12017,26280932.65493202,13.98322582244873
HDS,37,"[(-100, 100)]",100,1000,100,F112017,5711770761.940407,23.52829003334045
HDS,37,"[(-100, 100)]",50,1000,100,F12017,3141274719.79188,14.423087120056152
Sobol,37,"[(-100, 100)]",10,1000,100,F12017,17974.282124996193,13.56678819656372
Sobol,37,"[(-100, 100)]",10,1000,100,F112017,157402.52653201745,21.6984760761261
Sobol,37,"[(-100, 100)]",30,1000,100,F12017,25261448.329564616,13.75728726387024
Sobol,37,"[(-100, 100)]",30,1000,100,F112017,53957620.53699192,21.399910926818848
Sobol,37,"[(-100, 100)]",50,1000,100,F12017,3436157725.46122,13.918301820755005
Sobol,37,"[(-100, 100)]",50,1000,100,F112017,165047537.5066647,22.011687994003296
HDS,37,"[(-100, 100)]",100,1000,100,F12017,33600151535.751938,16.215755939483643
Sobol,37,"[(-100, 100)]",100,1000,100,F112017,3822104106.234829,22.633234977722168
HDS,37,"[(-100, 100)]",10,1000,100,F122017,1700.4160146898805,18.419856786727905
HDS,37,"[(-100, 100)]",30,1000,100,F122017,210848.8211976596,18.914315938949585
HDS,37,"[(-100, 100)]",50,1000,100,F122017,16849757.317132737,19.54860115051269
Sobol,37,"[(-100, 100)]",100,1000,100,F12017,31355705108.18808,15.01452088356018
HDS,37,"[(-100, 100)]",10,1000,100,F132017,1374.014003903607,19.131705045700077
HDS,37,"[(-100, 100)]",100,1000,100,F122017,3361677767.0693,20.58459997177124
HDS,37,"[(-100, 100)]",30,1000,100,F132017,228807.2325050686,20.35635995864868
Sobol,37,"[(-100, 100)]",10,1000,100,F122017,1336.800772468677,18.378148078918457
Sobol,37,"[(-100, 100)]",30,1000,100,F122017,193223.33658709133,18.758739948272705
Sobol,37,"[(-100, 100)]",50,1000,100,F122017,107429555.95101915,18.23817801475525
Sobol,37,"[(-100, 100)]",10,1000,100,F132017,1424.6693457175818,18.456663846969604
HDS,37,"[(-100, 100)]",50,1000,100,F132017,2095708.6766915424,21.301805019378666
Sobol,37,"[(-100, 100)]",100,1000,100,F122017,3298880802.156624,18.796586990356445
Sobol,37,"[(-100, 100)]",30,1000,100,F132017,361938.003818552,19.51913785934448
HDS,37,"[(-100, 100)]",10,1000,100,F142017,2402.3268974343946,17.999851942062378
HDS,37,"[(-100, 100)]",30,1000,100,F142017,4129349.438567833,18.68492531776428
HDS,37,"[(-100, 100)]",100,1000,100,F132017,29874675.946081545,25.2238609790802
HDS,37,"[(-100, 100)]",50,1000,100,F142017,4261419.218595083,19.099796295166016
Sobol,37,"[(-100, 100)]",50,1000,100,F132017,1912908.8425500928,20.823491096496586
HDS,37,"[(-100, 100)]",100,1000,100,F142017,1344617791.282855,20.58790111541748
HDS,37,"[(-100, 100)]",10,1000,100,F152017,1343.15022550892,21.26144003868103
Sobol,37,"[(-100, 100)]",10,1000,100,F142017,1641.7362677445485,18.35529208183289
Sobol,37,"[(-100, 100)]",30,1000,100,F142017,2212872.094559042,18.41362571716309
Sobol,37,"[(-100, 100)]",50,1000,100,F142017,45854067.275175005,18.71190094947815
Sobol,37,"[(-100, 100)]",100,1000,100,F132017,52804021.7575407,24.54416394233704
Sobol,37,"[(-100, 100)]",100,1000,100,F142017,227533623.88369825,19.044018745422363
Sobol,37,"[(-100, 100)]",10,1000,100,F152017,1337.2296223979229,18.674541234970093
HDS,37,"[(-100, 100)]",30,1000,100,F152017,1868.109104592689,31.850786924362183
Sobol,36,"[(-100, 100)]",100,1000,100,F282017,14243578673.139109,252.59283590316767
HDS,37,"[(-100, 100)]",50,1000,100,F152017,16017.00073381153,36.94157195091248
HDS,37,"[(-100, 100)]",10,1000,100,F172017,,20.522451162338257
HDS,37,"[(-100, 100)]",10,1000,100,F162017,1472.1128695149437,43.08776903152466
HDS,37,"[(-100, 100)]",100,1000,100,F152017,59649.22932907449,52.07255005836487
Sobol,37,"[(-100, 100)]",30,1000,100,F152017,2867.4860316779327,31.26655626296997
Sobol,37,"[(-100, 100)]",10,1000,100,F172017,,20.19715118408203
Sobol,37,"[(-100, 100)]",50,1000,100,F152017,7150.58216952261,37.27619099617005
HDS,37,"[(-100, 100)]",30,1000,100,F172017,87417.42423423755,20.730663299560547
HDS,37,"[(-100, 100)]",30,1000,100,F162017,99090.33870985174,78.13118004798889
HDS,37,"[(-100, 100)]",50,1000,100,F172017,1158911.2438475566,20.386240005493164
Sobol,37,"[(-100, 100)]",10,1000,100,F162017,1650.269030734146,42.64411211013794
Sobol,37,"[(-100, 100)]",30,1000,100,F172017,159701.91399385175,19.63095092773437
HDS,37,"[(-100, 100)]",100,1000,100,F172017,14629074.856403671,21.752180099487305
Sobol,37,"[(-100, 100)]",100,1000,100,F152017,159382.9711568717,50.46929216384888
Sobol,37,"[(-100, 100)]",50,1000,100,F172017,947011.1696880456,20.01612901687622
HDS,37,"[(-100, 100)]",10,1000,100,F182017,1810.5126878380624,19.40811800956726
Sobol,37,"[(-100, 100)]",100,1000,100,F172017,15313548.89803012,20.66983127593994
HDS,37,"[(-100, 100)]",50,1000,100,F162017,1050779.9619510667,113.9811508655548
Sobol,37,"[(-100, 100)]",10,1000,100,F182017,1809.8345260566032,21.93893885612488
HDS,37,"[(-100, 100)]",30,1000,100,F182017,1992800.174597629,44.50866198539734
HDS,37,"[(-100, 100)]",10,1000,100,F192017,1842.5534816578247,41.998968839645386
Sobol,37,"[(-100, 100)]",30,1000,100,F162017,44049.890659647564,77.97545719146729
HDS,37,"[(-100, 100)]",50,1000,100,F182017,928359.4946213292,60.89285922050476
Sobol,37,"[(-100, 100)]",30,1000,100,F182017,320787.4113492043,44.38960194587708
Sobol,37,"[(-100, 100)]",10,1000,100,F192017,1829.973017135761,42.74366903305054
HDS,37,"[(-100, 100)]",100,1000,100,F182017,674914530.0458933,98.99684405326845
HDS,37,"[(-100, 100)]",10,1000,100,F202017,2135.4076507497703,8.33577013015747
HDS,37,"[(-100, 100)]",30,1000,100,F192017,2212.7515017086607,79.95860004425049
Sobol,37,"[(-100, 100)]",10,1000,100,F202017,2131.728810622236,7.8545241355896
HDS,37,"[(-100, 100)]",100,1000,100,F162017,152126371192.14453,205.5107822418213
Sobol,37,"[(-100, 100)]",50,1000,100,F182017,6675436.193337915,61.12012267112732
Sobol,37,"[(-100, 100)]",50,1000,100,F162017,32813008.18560405,112.7967381477356
HDS,37,"[(-100, 100)]",30,1000,100,F202017,2918.006308994637,22.89614582061768
HDS,37,"[(-100, 100)]",50,1000,100,F202017,3276.421996180369,23.556566953659058
Sobol,37,"[(-100, 100)]",30,1000,100,F202017,2425.4279535543483,22.718955993652344
HDS,37,"[(-100, 100)]",100,1000,100,F202017,49201.4961965923,25.33901309967041
Sobol,37,"[(-100, 100)]",50,1000,100,F202017,4251.5591582239085,23.405637979507446
HDS,37,"[(-100, 100)]",50,1000,100,F192017,2573.9338916570496,116.0338532924652
Sobol,37,"[(-100, 100)]",100,1000,100,F202017,36459.99797026108,23.576234102249146
HDS,37,"[(-100, 100)]",10,1000,100,F212017,842.9229516725495,26.543349027633667
Sobol,37,"[(-100, 100)]",10,1000,100,F212017,2217.913570897512,2.826759099960327
Sobol,37,"[(-100, 100)]",30,1000,100,F192017,3467.6337545875567,78.1929669380188
HDS,37,"[(-100, 100)]",30,1000,100,F212017,2320.995735845358,27.799052000045776
Sobol,37,"[(-100, 100)]",100,1000,100,F182017,7130144568.837825,96.75570487976074
HDS,37,"[(-100, 100)]",10,1000,100,F22017,200.69277408519096,13.85933232307434
HDS,37,"[(-100, 100)]",50,1000,100,F212017,2441.41497312042,28.556546926498413
Sobol,37,"[(-100, 100)]",10,1000,100,F22017,200.47135438158804,13.057350873947144
HDS,37,"[(-100, 100)]",30,1000,100,F22017,18580.14898751294,14.555599927902222
HDS,37,"[(-100, 100)]",100,1000,100,F212017,2920.455888156042,30.546453714370728
Sobol,37,"[(-100, 100)]",30,1000,100,F212017,2323.478090586533,27.888843059539795
Sobol,37,"[(-100, 100)]",30,1000,100,F22017,16862.66612990222,13.988730907440186
HDS,37,"[(-100, 100)]",50,1000,100,F22017,64582.54566878085,14.575611114501951
Sobol,37,"[(-100, 100)]",50,1000,100,F212017,2424.9482790258244,27.476053953170776
HDS,37,"[(-100, 100)]",10,1000,100,F222017,2361.1417152991467,10.59340214729309
HDS,37,"[(-100, 100)]",100,1000,100,F22017,274323.25268516154,16.479714155197144
Sobol,37,"[(-100, 100)]",50,1000,100,F22017,80359.558301264,14.116496086120604
Sobol,37,"[(-100, 100)]",100,1000,100,F212017,3755.16301131174,29.231260776519772
Sobol,37,"[(-100, 100)]",10,1000,100,F222017,2366.967855192,12.564570903778076
Sobol,37,"[(-100, 100)]",100,1000,100,F22017,238433.4015788857,15.950748920440674
HDS,37,"[(-100, 100)]",10,1000,100,F232017,2541.4802782622774,10.278804302215576
HDS,37,"[(-100, 100)]",30,1000,100,F222017,2874.6069509891126,30.07657480239868
Sobol,37,"[(-100, 100)]",10,1000,100,F232017,2532.6642412589526,8.57055401802063
HDS,37,"[(-100, 100)]",50,1000,100,F222017,5448.486037617179,32.283905029296875
HDS,37,"[(-100, 100)]",100,1000,100,F222017,29914.58366492697,33.78720808029175
HDS,37,"[(-100, 100)]",30,1000,100,F232017,2751.9095647133668,25.148690938949585
HDS,37,"[(-100, 100)]",100,1000,100,F192017,5268.75231145025,205.805212020874
Sobol,37,"[(-100, 100)]",50,1000,100,F192017,2732.60894563333,114.23886680603027
HDS,37,"[(-100, 100)]",50,1000,100,F232017,5499.165051277629,25.749077796936035
Sobol,37,"[(-100, 100)]",30,1000,100,F222017,3223.910802822788,29.2424099445343
HDS,37,"[(-100, 100)]",10,1000,100,F242017,2889.812782051858,8.893656253814697
Sobol,37,"[(-100, 100)]",50,1000,100,F222017,7364.9497074825,30.61071491241455
Sobol,37,"[(-100, 100)]",30,1000,100,F232017,2997.2737604937047,24.60125422477722
Sobol,37,"[(-100, 100)]",100,1000,100,F222017,26598.93571355074,31.724722146987915
Sobol,37,"[(-100, 100)]",10,1000,100,F242017,2887.678682624032,9.190694332122805
Sobol,37,"[(-100, 100)]",100,1000,100,F162017,121778167647.79823,200.5125930309296
HDS,37,"[(-100, 100)]",100,1000,100,F232017,48122.031265265854,28.028950691223145
Sobol,37,"[(-100, 100)]",50,1000,100,F232017,4863.807882765503,25.02653312683105
HDS,37,"[(-100, 100)]",10,1000,100,F252017,2995.230492435788,11.607238054275513
HDS,37,"[(-100, 100)]",30,1000,100,F242017,2860.2529595997803,23.04676818847656
HDS,37,"[(-100, 100)]",50,1000,100,F242017,4177.1164043348845,27.38778805732727
Sobol,37,"[(-100, 100)]",10,1000,100,F252017,2970.569331777586,16.151956796646118
HDS,37,"[(-100, 100)]",100,1000,100,F242017,6721.554959821181,30.94390082359314
Sobol,37,"[(-100, 100)]",100,1000,100,F232017,47033.40379982413,26.777623176574707
Sobol,37,"[(-100, 100)]",30,1000,100,F242017,2869.055730670211,23.70823884010315
HDS,37,"[(-100, 100)]",10,1000,100,F262017,2985.4739072772204,12.387032747268677
Sobol,37,"[(-100, 100)]",50,1000,100,F242017,4131.573312571678,26.77972292900085
Sobol,37,"[(-100, 100)]",10,1000,100,F262017,3000.5407746080696,12.41711974143982
Sobol,37,"[(-100, 100)]",100,1000,100,F242017,7980.277691044689,29.90254306793213
HDS,37,"[(-100, 100)]",10,1000,100,F272017,2798.6946360744582,10.5626118183136
HDS,37,"[(-100, 100)]",30,1000,100,F252017,3382.0111385992104,71.94687008857727
Sobol,37,"[(-100, 100)]",10,1000,100,F272017,2836.0305177401174,8.603470087051392
HDS,37,"[(-100, 100)]",50,1000,100,F252017,4327.406697766962,98.84116005897522
HDS,37,"[(-100, 100)]",30,1000,100,F262017,3182.1197140138665,72.9976749420166
HDS,37,"[(-100, 100)]",30,1000,100,F272017,2877.146765836839,54.2905478477478
Sobol,37,"[(-100, 100)]",30,1000,100,F252017,3361.3938119961454,70.50693869590759
HDS,37,"[(-100, 100)]",50,1000,100,F262017,4040.421421818896,101.35122895240784
Sobol,37,"[(-100, 100)]",100,1000,100,F192017,5906.791865798074,204.4324188232422
Sobol,37,"[(-100, 100)]",30,1000,100,F262017,3196.064610221266,73.66270184516907
Sobol,37,"[(-100, 100)]",30,1000,100,F272017,2888.505123776292,60.522891998291016
HDS,37,"[(-100, 100)]",100,1000,100,F252017,18725.21283941861,165.66925811767578
Sobol,37,"[(-100, 100)]",50,1000,100,F252017,5165.901964998162,97.53226399421692
HDS,37,"[(-100, 100)]",100,1000,100,F262017,5008.941470021305,166.88507175445557
HDS,37,"[(-100, 100)]",50,1000,100,F272017,3224.188093064139,94.25428676605225
Sobol,37,"[(-100, 100)]",50,1000,100,F262017,3750.458570725257,98.52990078926086
HDS,37,"[(-100, 100)]",10,1000,100,F282017,4380.256645408895,63.06123614311218
HDS,37,"[(-100, 100)]",30,1000,100,F282017,25014655.932942133,105.00999212265016
Sobol,37,"[(-100, 100)]",10,1000,100,F282017,4038.0611595870832,63.49353694915772
Sobol,37,"[(-100, 100)]",50,1000,100,F272017,2941.386865833196,84.27259492874146
HDS,37,"[(-100, 100)]",100,1000,100,F272017,4400.576441265258,160.22116994857788
HDS,37,"[(-100, 100)]",50,1000,100,F282017,1110015678.2362914,146.66002774238586
HDS,37,"[(-100, 100)]",10,1000,100,F292017,,44.739389181137085
Sobol,37,"[(-100, 100)]",100,1000,100,F252017,23225.68001383739,162.69967222213745
HDS,37,"[(-100, 100)]",30,1000,100,F292017,25862798.98912744,59.98429107666016
Sobol,37,"[(-100, 100)]",100,1000,100,F262017,4937.595743376032,165.01183080673218
Sobol,37,"[(-100, 100)]",10,1000,100,F292017,,45.131195306777954
Sobol,37,"[(-100, 100)]",30,1000,100,F282017,20457868.78362102,104.60055708885191
HDS,37,"[(-100, 100)]",10,1000,100,F32017,304.22508135614,8.378191709518433
Sobol,37,"[(-100, 100)]",10,1000,100,F32017,307.6404298252704,5.637912034988403
HDS,37,"[(-100, 100)]",30,1000,100,F32017,389.1652283849569,15.481669902801514
HDS,37,"[(-100, 100)]",50,1000,100,F32017,891.6677158290264,16.217352867126465
Sobol,37,"[(-100, 100)]",30,1000,100,F32017,365.4076602871194,15.538355112075806
HDS,37,"[(-100, 100)]",50,1000,100,F292017,2263076380.104645,77.03643798828125
Sobol,37,"[(-100, 100)]",30,1000,100,F292017,86887809.97639003,61.12312889099121
Sobol,37,"[(-100, 100)]",50,1000,100,F32017,844.9719436816993,15.273887157440186
HDS,37,"[(-100, 100)]",100,1000,100,F32017,7217.070298445796,16.79750919342041
HDS,37,"[(-100, 100)]",10,1000,100,F42017,442.2825653613803,14.578106164932253
HDS,37,"[(-100, 100)]",30,1000,100,F42017,654.5237400051708,15.33384108543396
Sobol,37,"[(-100, 100)]",100,1000,100,F32017,5749.838979615237,16.053580045700073
Sobol,37,"[(-100, 100)]",10,1000,100,F42017,433.40478086111966,16.4919331073761
Sobol,37,"[(-100, 100)]",30,1000,100,F42017,757.6243890088462,16.577790021896362
HDS,37,"[(-100, 100)]",10,1000,100,F52017,500.0070148317341,0.3789749145507812
Sobol,37,"[(-100, 100)]",10,1000,100,F52017,500.004734099894,0.2252969741821289
HDS,37,"[(-100, 100)]",30,1000,100,F52017,500.0614126993569,0.6092009544372559
Sobol,37,"[(-100, 100)]",30,1000,100,F52017,500.0546551246232,0.3296766281127929
HDS,37,"[(-100, 100)]",50,1000,100,F52017,500.0548597462936,0.9116170406341552
Sobol,37,"[(-100, 100)]",50,1000,100,F52017,500.1032783988466,0.4318809509277344
HDS,37,"[(-100, 100)]",50,1000,100,F42017,2291.0209436811515,17.564239978790283
HDS,37,"[(-100, 100)]",100,1000,100,F52017,500.095420205894,1.867358922958374
Sobol,37,"[(-100, 100)]",100,1000,100,F52017,500.1407825001451,0.6917440891265869
HDS,37,"[(-100, 100)]",100,1000,100,F42017,37800.17466842887,17.240614891052246
Sobol,37,"[(-100, 100)]",100,1000,100,F272017,4791.325670053109,163.49477195739746
Sobol,37,"[(-100, 100)]",50,1000,100,F42017,1602.593870973557,15.181404113769531
HDS,37,"[(-100, 100)]",100,1000,100,F282017,10694087763.827692,252.71437287330627
HDS,37,"[(-100, 100)]",10,1000,100,F62017,634.0612457843364,17.664772748947144
Sobol,37,"[(-100, 100)]",50,1000,100,F282017,280943357.6990032,152.7389361858368
HDS,37,"[(-100, 100)]",100,1000,100,F292017,11005028645.246525,120.98856282234192
Sobol,37,"[(-100, 100)]",100,1000,100,F42017,60337.423550265084,16.631508111953735
Sobol,37,"[(-100, 100)]",50,1000,100,F292017,762652246.1742909,79.81401181221008
HDS,37,"[(-100, 100)]",50,1000,100,F62017,63101.123816833126,17.664358139038086
HDS,37,"[(-100, 100)]",30,1000,100,F62017,1258.7907494088645,18.612812042236328
Sobol,37,"[(-100, 100)]",10,1000,100,F62017,648.3396994237644,16.113526105880737
HDS,37,"[(-100, 100)]",100,1000,100,F62017,1529870.7062840764,18.014179229736328
HDS,37,"[(-100, 100)]",10,1000,100,F72017,729.9690114314333,20.11281681060791
Sobol,37,"[(-100, 100)]",50,1000,100,F62017,92358.97305934624,16.78131675720215
HDS,37,"[(-100, 100)]",30,1000,100,F72017,1135.4631103944178,20.407891988754272
Sobol,37,"[(-100, 100)]",30,1000,100,F62017,2248.1766282378594,17.666247129440308
HDS,37,"[(-100, 100)]",10,1000,100,F82017,801.5767541879177,1.023843765258789
Sobol,37,"[(-100, 100)]",10,1000,100,F82017,801.9674895663265,0.8613512516021729
Sobol,37,"[(-100, 100)]",100,1000,100,F62017,1311874.1465393573,17.594807863235474
HDS,37,"[(-100, 100)]",50,1000,100,F72017,1635.6122963919706,20.79365301132202
HDS,37,"[(-100, 100)]",30,1000,100,F82017,807.772058032397,4.832367181777954
Sobol,37,"[(-100, 100)]",30,1000,100,F82017,808.6465206990864,4.2689049243927
HDS,37,"[(-100, 100)]",50,1000,100,F82017,821.1056731201188,10.780822992324827
Sobol,37,"[(-100, 100)]",10,1000,100,F72017,727.2513821643959,20.31603693962097
Sobol,37,"[(-100, 100)]",30,1000,100,F72017,1089.5534192164855,19.660093069076535
HDS,37,"[(-100, 100)]",100,1000,100,F72017,3103.78204213719,21.790202856063843
Sobol,37,"[(-100, 100)]",50,1000,100,F82017,818.38178862195,6.825021266937256
Sobol,37,"[(-100, 100)]",50,1000,100,F72017,1659.777464690044,19.84581398963928
HDS,37,"[(-100, 100)]",100,1000,100,F82017,904.258135357652,18.267562866210938
HDS,37,"[(-100, 100)]",10,1000,100,F92017,-395.0037354082633,19.81423306465149
HDS,37,"[(-100, 100)]",30,1000,100,F92017,3504.3192538731546,20.349032163619995
Sobol,37,"[(-100, 100)]",100,1000,100,F72017,3136.498126137962,20.978201866149902
HDS,37,"[(-100, 100)]",50,1000,100,F92017,7813.096541795967,21.23467993736267
Sobol,37,"[(-100, 100)]",100,1000,100,F82017,907.8301293125652,16.81544804573059
HDS,37,"[(-100, 100)]",100,1000,100,F92017,25807.93232004794,22.790815114974976
Sobol,37,"[(-100, 100)]",10,1000,100,F92017,-352.1149562337914,19.283924102783203
HDS,38,"[(-100, 100)]",10,1000,100,F102017,1108.9468328523956,17.12430191040039
Sobol,37,"[(-100, 100)]",30,1000,100,F92017,4214.600264983987,19.54662322998047
Sobol,37,"[(-100, 100)]",50,1000,100,F92017,9127.013864020675,20.059438228607178
HDS,38,"[(-100, 100)]",30,1000,100,F102017,120569.29193816685,17.360027313232422
Sobol,37,"[(-100, 100)]",100,1000,100,F92017,25175.868198298485,21.17850923538208
HDS,38,"[(-100, 100)]",50,1000,100,F102017,266099.30259462027,17.558750867843628
Sobol,38,"[(-100, 100)]",10,1000,100,F102017,1066.845584517331,16.685944080352783
HDS,38,"[(-100, 100)]",100,1000,100,F102017,2120123.301948984,18.500728130340576
Sobol,38,"[(-100, 100)]",30,1000,100,F102017,75166.44341085927,17.035748958587646
HDS,38,"[(-100, 100)]",10,1000,100,F112017,110577.5629991599,20.71692419052124
Sobol,37,"[(-100, 100)]",100,1000,100,F292017,10764017705.126991,114.85401511192322
Sobol,38,"[(-100, 100)]",50,1000,100,F102017,188976.6397348752,17.03141212463379
HDS,38,"[(-100, 100)]",30,1000,100,F112017,33261463.27315875,21.75261783599853
Sobol,38,"[(-100, 100)]",100,1000,100,F102017,962999.2266967894,17.359291791915894
HDS,38,"[(-100, 100)]",50,1000,100,F112017,99772389.60694817,21.73247694969177
HDS,38,"[(-100, 100)]",30,1000,100,F12017,41845414.84283071,13.915118932724
HDS,38,"[(-100, 100)]",10,1000,100,F12017,22862.20082923771,14.54035496711731
HDS,38,"[(-100, 100)]",100,1000,100,F112017,5948467449.502225,23.875566005706787
Sobol,38,"[(-100, 100)]",10,1000,100,F112017,256865.793654867,21.763166904449463
HDS,38,"[(-100, 100)]",50,1000,100,F12017,1217086206.0758448,15.34874391555786
Sobol,38,"[(-100, 100)]",30,1000,100,F112017,38610671.05255751,22.81315898895264
Sobol,38,"[(-100, 100)]",30,1000,100,F12017,10661076.244710129,15.80152988433838
Sobol,38,"[(-100, 100)]",10,1000,100,F12017,11952.720794063263,16.909708976745605
Sobol,38,"[(-100, 100)]",50,1000,100,F112017,436696007.7373095,24.485256910324097
HDS,38,"[(-100, 100)]",100,1000,100,F12017,31595437167.51537,17.72577691078186
Sobol,38,"[(-100, 100)]",50,1000,100,F12017,539376861.9524026,15.19117784500122
Sobol,38,"[(-100, 100)]",100,1000,100,F112017,5008534392.552235,25.41786408424377
HDS,38,"[(-100, 100)]",10,1000,100,F122017,1672.043595816228,20.04450106620789
Sobol,38,"[(-100, 100)]",100,1000,100,F12017,75801852783.782,15.102788925170898
HDS,38,"[(-100, 100)]",30,1000,100,F122017,357436.8262757173,19.61613416671753
HDS,38,"[(-100, 100)]",50,1000,100,F122017,4568426.576693188,19.698206901550293
HDS,38,"[(-100, 100)]",100,1000,100,F122017,1942047412.4584131,20.717857122421265
HDS,38,"[(-100, 100)]",10,1000,100,F132017,1406.8302353937552,19.03347897529602
HDS,38,"[(-100, 100)]",30,1000,100,F132017,227048.4068501629,19.85064482688904
Sobol,38,"[(-100, 100)]",10,1000,100,F122017,1390.10030634244,18.077413082122803
Sobol,38,"[(-100, 100)]",30,1000,100,F122017,1209667.550906785,18.20647501945496
Sobol,38,"[(-100, 100)]",50,1000,100,F122017,56036668.22192441,18.563754081726078
HDS,38,"[(-100, 100)]",50,1000,100,F132017,2042520.398174045,21.681715965271
Sobol,38,"[(-100, 100)]",100,1000,100,F122017,3692584749.690411,19.242547035217285
Sobol,38,"[(-100, 100)]",10,1000,100,F132017,1369.6956434362287,18.57372522354126
Sobol,38,"[(-100, 100)]",30,1000,100,F132017,296190.0802370382,19.781811237335205
HDS,38,"[(-100, 100)]",10,1000,100,F142017,1726.284129014144,18.825361967086792
HDS,38,"[(-100, 100)]",30,1000,100,F142017,1896643.930671363,18.94401502609253
HDS,38,"[(-100, 100)]",100,1000,100,F132017,30089423.392420694,26.477622985839844
HDS,38,"[(-100, 100)]",50,1000,100,F142017,25964450.33442617,18.69308304786682
Sobol,38,"[(-100, 100)]",50,1000,100,F132017,1195776.3147829808,20.802133083343502
HDS,38,"[(-100, 100)]",100,1000,100,F142017,514506798.25312215,20.050607919692997
HDS,38,"[(-100, 100)]",10,1000,100,F152017,1336.6909675684824,19.963506937026978
Sobol,38,"[(-100, 100)]",10,1000,100,F142017,1515.7147708602083,18.506871223449707
Sobol,38,"[(-100, 100)]",30,1000,100,F142017,2169767.5462990566,18.58707094192505
Sobol,38,"[(-100, 100)]",50,1000,100,F142017,12718092.846525222,18.99252200126648
Sobol,38,"[(-100, 100)]",100,1000,100,F142017,341876050.5650612,19.348865032196045
Sobol,38,"[(-100, 100)]",100,1000,100,F132017,35725475.732903086,25.38238000869751
Sobol,38,"[(-100, 100)]",10,1000,100,F152017,1339.8292554016691,17.314335107803345
HDS,38,"[(-100, 100)]",30,1000,100,F152017,5266.774104924358,32.241495847702026
Sobol,37,"[(-100, 100)]",100,1000,100,F282017,10048546528.706009,252.5107352733612
HDS,38,"[(-100, 100)]",50,1000,100,F152017,11507.53337662566,36.50792980194092
HDS,38,"[(-100, 100)]",10,1000,100,F172017,,19.72372603416443
HDS,38,"[(-100, 100)]",10,1000,100,F162017,1492.481785655044,42.52677297592163
Sobol,38,"[(-100, 100)]",30,1000,100,F152017,2870.460715474912,31.153889179229736
HDS,38,"[(-100, 100)]",100,1000,100,F152017,252414.918729518,49.92702603340149
Sobol,38,"[(-100, 100)]",10,1000,100,F172017,,20.46864318847656
HDS,38,"[(-100, 100)]",30,1000,100,F172017,94985.5938715482,20.61211204528809
Sobol,38,"[(-100, 100)]",50,1000,100,F152017,10845.991302549288,36.805819034576416
HDS,38,"[(-100, 100)]",50,1000,100,F172017,1635350.187673011,19.891687870025635
HDS,38,"[(-100, 100)]",30,1000,100,F162017,98106.78926792556,76.82327508926392
Sobol,38,"[(-100, 100)]",10,1000,100,F162017,1883.6200953528687,42.088547706604
Sobol,38,"[(-100, 100)]",30,1000,100,F172017,187750.4305672472,19.53502202033997
HDS,38,"[(-100, 100)]",100,1000,100,F172017,11382198.970591487,21.51595401763916
Sobol,38,"[(-100, 100)]",100,1000,100,F152017,357033.76332606305,49.85225701332092
Sobol,38,"[(-100, 100)]",50,1000,100,F172017,1763026.960908588,20.27644634246826
HDS,38,"[(-100, 100)]",10,1000,100,F182017,1809.3467014138791,21.77250289916992
Sobol,38,"[(-100, 100)]",100,1000,100,F172017,18399205.236256786,21.264508962631226
HDS,38,"[(-100, 100)]",50,1000,100,F162017,23188032.798109703,114.7653079032898
Sobol,38,"[(-100, 100)]",10,1000,100,F182017,1808.8774818555469,20.22076416015625
HDS,38,"[(-100, 100)]",30,1000,100,F182017,483228.3399541746,45.864067792892456
HDS,38,"[(-100, 100)]",10,1000,100,F192017,1833.434316043882,42.70342707633972
HDS,38,"[(-100, 100)]",50,1000,100,F182017,26401236.648238476,60.81964111328125
Sobol,38,"[(-100, 100)]",30,1000,100,F162017,93773.95866236911,78.77913403511047
Sobol,38,"[(-100, 100)]",30,1000,100,F182017,487573.33634567074,44.560856103897095
Sobol,38,"[(-100, 100)]",10,1000,100,F192017,1835.0201403323751,42.04444098472595
HDS,38,"[(-100, 100)]",100,1000,100,F182017,1967181547.716404,99.06518602371216
HDS,38,"[(-100, 100)]",10,1000,100,F202017,2131.596791138624,8.606833934783936
HDS,38,"[(-100, 100)]",30,1000,100,F192017,2038.4425088537785,79.45006704330444
HDS,38,"[(-100, 100)]",100,1000,100,F162017,456489460582.4306,203.57505178451535
Sobol,38,"[(-100, 100)]",10,1000,100,F202017,2120.5899360364656,9.313297986984251
Sobol,38,"[(-100, 100)]",50,1000,100,F182017,21495985.696567114,59.72620415687561
Sobol,38,"[(-100, 100)]",50,1000,100,F162017,650990195.9520266,113.31208276748656
HDS,38,"[(-100, 100)]",30,1000,100,F202017,2383.824100655429,23.47774314880371
HDS,38,"[(-100, 100)]",50,1000,100,F202017,4556.418590339861,24.79310894012451
HDS,38,"[(-100, 100)]",100,1000,100,F202017,28842.564642164085,26.53428101539612
Sobol,38,"[(-100, 100)]",30,1000,100,F202017,2473.937509715782,22.283770322799683
Sobol,38,"[(-100, 100)]",50,1000,100,F202017,3705.286364675425,23.062725067138672
HDS,38,"[(-100, 100)]",50,1000,100,F192017,2903.45316579697,115.31271719932556
Sobol,38,"[(-100, 100)]",100,1000,100,F202017,26188.95798033047,24.943233966827396
Sobol,38,"[(-100, 100)]",30,1000,100,F192017,2970.32546956279,78.92407321929932
HDS,38,"[(-100, 100)]",10,1000,100,F212017,1071.467269538264,26.80051898956299
HDS,38,"[(-100, 100)]",30,1000,100,F212017,2299.9201833456204,27.30934190750122
Sobol,38,"[(-100, 100)]",100,1000,100,F182017,1627828665.3706417,96.9219799041748
Sobol,38,"[(-100, 100)]",10,1000,100,F212017,2026.45601028778,17.47524118423462
HDS,38,"[(-100, 100)]",10,1000,100,F22017,201.0818521721341,14.329870223999023
HDS,38,"[(-100, 100)]",50,1000,100,F212017,2509.1833480636897,28.785377025604248
HDS,38,"[(-100, 100)]",100,1000,100,F212017,3384.377477824404,30.71849584579468
HDS,38,"[(-100, 100)]",30,1000,100,F22017,16875.2739943381,14.385170936584473
Sobol,38,"[(-100, 100)]",30,1000,100,F212017,2324.069815213379,27.71720695495605
Sobol,38,"[(-100, 100)]",10,1000,100,F22017,201.94613827781865,13.949599027633669
Sobol,38,"[(-100, 100)]",30,1000,100,F22017,21710.07821154554,14.835700988769531
HDS,38,"[(-100, 100)]",50,1000,100,F22017,71816.01284171977,15.22321629524231
HDS,38,"[(-100, 100)]",100,1000,100,F22017,268871.8023473426,16.169850826263428
Sobol,38,"[(-100, 100)]",50,1000,100,F212017,2446.861525581527,28.47807502746582
HDS,38,"[(-100, 100)]",10,1000,100,F222017,2371.9743525561985,11.35754108428955
Sobol,38,"[(-100, 100)]",100,1000,100,F212017,3054.7392659593406,30.114479064941406
Sobol,38,"[(-100, 100)]",50,1000,100,F22017,93587.91157002989,14.614870071411133
Sobol,38,"[(-100, 100)]",100,1000,100,F22017,310748.81415532733,15.34787917137146
Sobol,38,"[(-100, 100)]",10,1000,100,F222017,2369.5093559708225,10.422136068344116
HDS,38,"[(-100, 100)]",10,1000,100,F232017,2553.613464529292,9.86826205253601
HDS,38,"[(-100, 100)]",30,1000,100,F222017,3267.956174892672,30.259490966796875
Sobol,38,"[(-100, 100)]",10,1000,100,F232017,2565.4688411782417,8.880626916885376
HDS,38,"[(-100, 100)]",50,1000,100,F222017,10882.699647669931,31.074882984161377
HDS,38,"[(-100, 100)]",30,1000,100,F232017,2712.7732692190666,24.732412815093998
HDS,38,"[(-100, 100)]",100,1000,100,F222017,28498.167453911057,33.01761293411255
HDS,38,"[(-100, 100)]",100,1000,100,F192017,4984.575667691015,210.50351214408877
Sobol,38,"[(-100, 100)]",50,1000,100,F192017,2588.3946011164367,114.80809688568117
HDS,38,"[(-100, 100)]",50,1000,100,F232017,5321.538083720194,25.98044514656067
Sobol,38,"[(-100, 100)]",30,1000,100,F222017,2866.0508951771126,29.51271915435791
Sobol,38,"[(-100, 100)]",30,1000,100,F232017,3308.4923636911303,24.60934805870056
Sobol,38,"[(-100, 100)]",50,1000,100,F222017,9288.287508535095,30.39431405067444
HDS,38,"[(-100, 100)]",10,1000,100,F242017,2885.9274565879687,9.64652180671692
Sobol,38,"[(-100, 100)]",100,1000,100,F162017,27469140825.25258,201.9331111907959
Sobol,38,"[(-100, 100)]",100,1000,100,F222017,37494.62360763826,33.116300106048584
HDS,38,"[(-100, 100)]",100,1000,100,F232017,42861.65836567115,30.00480890274048
Sobol,38,"[(-100, 100)]",10,1000,100,F242017,2888.891562612628,9.59630012512207
Sobol,38,"[(-100, 100)]",50,1000,100,F232017,6161.979524198892,26.797569036483765
HDS,38,"[(-100, 100)]",30,1000,100,F242017,2855.2328329034626,24.15583729743957
HDS,38,"[(-100, 100)]",10,1000,100,F252017,2507.1535027549803,15.751872062683104
HDS,38,"[(-100, 100)]",50,1000,100,F242017,4433.180395960293,29.05638718605041
HDS,38,"[(-100, 100)]",100,1000,100,F242017,6571.630531469721,31.614773988723755
Sobol,38,"[(-100, 100)]",10,1000,100,F252017,2961.796225351929,14.398622035980225
Sobol,38,"[(-100, 100)]",100,1000,100,F232017,35172.618782368474,27.645383834838867
Sobol,38,"[(-100, 100)]",30,1000,100,F242017,2885.580737612997,23.879242181777958
Sobol,38,"[(-100, 100)]",50,1000,100,F242017,4409.302620734157,27.241562128067017
Sobol,38,"[(-100, 100)]",100,1000,100,F242017,6157.603794380739,29.479653120040894
HDS,38,"[(-100, 100)]",30,1000,100,F252017,3384.8773551050963,72.26685500144958
HDS,38,"[(-100, 100)]",10,1000,100,F262017,2548.850797096895,47.478562116622925
Sobol,38,"[(-100, 100)]",10,1000,100,F262017,2996.2673008719166,11.577433824539185
HDS,38,"[(-100, 100)]",10,1000,100,F272017,2815.0366511631564,12.845729112625122
HDS,38,"[(-100, 100)]",50,1000,100,F252017,4725.430191098936,99.45466899871826
HDS,38,"[(-100, 100)]",30,1000,100,F262017,3207.011396408064,75.53403997421265
Sobol,38,"[(-100, 100)]",10,1000,100,F272017,2840.322193694134,10.73277187347412
Sobol,38,"[(-100, 100)]",30,1000,100,F252017,3417.6182794701053,73.33989381790161
HDS,38,"[(-100, 100)]",50,1000,100,F262017,3839.305422919269,101.81229329109192
HDS,38,"[(-100, 100)]",30,1000,100,F272017,2894.875428110949,42.28786110877991
Sobol,38,"[(-100, 100)]",100,1000,100,F192017,3798.185338239548,210.8728699684143
Sobol,38,"[(-100, 100)]",30,1000,100,F262017,3205.379003692105,74.4115948677063
HDS,38,"[(-100, 100)]",100,1000,100,F252017,19708.47715993665,168.1211929321289
Sobol,38,"[(-100, 100)]",50,1000,100,F252017,4549.035439443187,99.31735801696776
Sobol,38,"[(-100, 100)]",30,1000,100,F272017,2898.804141420856,65.36888813972473
HDS,38,"[(-100, 100)]",100,1000,100,F262017,5194.88766331384,168.92477822303772
HDS,38,"[(-100, 100)]",50,1000,100,F272017,3245.835116456379,94.65691804885864
Sobol,38,"[(-100, 100)]",50,1000,100,F262017,3945.710858287938,99.10123300552368
HDS,38,"[(-100, 100)]",10,1000,100,F282017,4123.588374516129,63.9277880191803
Sobol,38,"[(-100, 100)]",10,1000,100,F282017,3923.683190170118,64.87381196022034
HDS,38,"[(-100, 100)]",30,1000,100,F282017,34171594.20694171,107.95469212532043
Sobol,38,"[(-100, 100)]",50,1000,100,F272017,3219.7209593251614,84.86244177818298
HDS,38,"[(-100, 100)]",100,1000,100,F272017,6640.005307812719,161.6398389339447
HDS,38,"[(-100, 100)]",10,1000,100,F292017,,44.61424493789673
Sobol,38,"[(-100, 100)]",100,1000,100,F252017,20912.80581085736,162.556893825531
HDS,38,"[(-100, 100)]",50,1000,100,F282017,365982580.2320969,144.47488617897034
HDS,38,"[(-100, 100)]",30,1000,100,F292017,9911781.883342892,59.508567094802856
Sobol,38,"[(-100, 100)]",100,1000,100,F262017,5415.427658284696,163.5183379650116
Sobol,38,"[(-100, 100)]",10,1000,100,F292017,,43.96870183944702
HDS,38,"[(-100, 100)]",10,1000,100,F32017,304.3026216826112,6.301253080368042
Sobol,38,"[(-100, 100)]",10,1000,100,F32017,303.38833364851223,5.316445827484131
Sobol,38,"[(-100, 100)]",30,1000,100,F282017,28548098.626424223,105.7198441028595
HDS,38,"[(-100, 100)]",30,1000,100,F32017,370.11934145867366,15.195595026016235
HDS,38,"[(-100, 100)]",50,1000,100,F292017,1610330216.1596992,75.29379606246948
HDS,38,"[(-100, 100)]",50,1000,100,F32017,844.4701784835293,16.449032068252563
Sobol,38,"[(-100, 100)]",30,1000,100,F32017,346.02509901490896,15.034624099731444
Sobol,38,"[(-100, 100)]",30,1000,100,F292017,68360375.24633324,61.407755851745605
Sobol,38,"[(-100, 100)]",50,1000,100,F32017,950.2346255567207,16.405457973480225
HDS,38,"[(-100, 100)]",100,1000,100,F32017,5559.966824638558,17.110671997070312
HDS,38,"[(-100, 100)]",10,1000,100,F42017,436.7327320000449,14.72536015510559
HDS,38,"[(-100, 100)]",30,1000,100,F42017,685.8664611465302,15.595062017440796
Sobol,38,"[(-100, 100)]",100,1000,100,F32017,10085.98065260153,15.684870719909668
Sobol,38,"[(-100, 100)]",10,1000,100,F42017,424.1872799351805,14.28886103630066
Sobol,38,"[(-100, 100)]",30,1000,100,F42017,761.1829631060747,16.35754895210266
HDS,38,"[(-100, 100)]",10,1000,100,F52017,500.0083770174722,0.3944671154022217
Sobol,38,"[(-100, 100)]",10,1000,100,F52017,500.0077563642965,0.2039129734039306
HDS,38,"[(-100, 100)]",30,1000,100,F52017,500.0584693144565,0.6620121002197266
Sobol,38,"[(-100, 100)]",30,1000,100,F52017,500.0418563306437,0.3101191520690918
HDS,38,"[(-100, 100)]",50,1000,100,F52017,500.0690849408063,0.9822230339050292
Sobol,38,"[(-100, 100)]",50,1000,100,F52017,500.0753347541474,0.4028160572052002
HDS,38,"[(-100, 100)]",100,1000,100,F52017,500.09576469003736,1.7733798027038574
Sobol,38,"[(-100, 100)]",100,1000,100,F52017,500.1401537203473,0.6867189407348633
HDS,38,"[(-100, 100)]",50,1000,100,F42017,1831.328389870884,15.599658966064451
HDS,38,"[(-100, 100)]",100,1000,100,F42017,59799.42368078448,16.70429515838623
HDS,38,"[(-100, 100)]",100,1000,100,F282017,4397975971.497033,249.84983015060425
Sobol,38,"[(-100, 100)]",100,1000,100,F272017,3961.873969629744,160.59896278381348
HDS,38,"[(-100, 100)]",100,1000,100,F292017,8408806113.503033,116.09740424156188
HDS,38,"[(-100, 100)]",10,1000,100,F62017,646.2898342172255,15.597415924072266
Sobol,38,"[(-100, 100)]",50,1000,100,F42017,2772.8707387372497,14.253568172454834
Sobol,38,"[(-100, 100)]",100,1000,100,F42017,43097.387392541896,14.919851064682009
Sobol,38,"[(-100, 100)]",50,1000,100,F282017,63035253.20752884,145.4770267009735
Sobol,38,"[(-100, 100)]",50,1000,100,F292017,784731231.4563437,76.78676676750183
HDS,38,"[(-100, 100)]",30,1000,100,F62017,4556.724401773457,16.460073232650757
Sobol,38,"[(-100, 100)]",10,1000,100,F62017,639.5411317017449,16.196967124938965
HDS,38,"[(-100, 100)]",50,1000,100,F62017,88437.49723767945,17.22735619544983
HDS,38,"[(-100, 100)]",100,1000,100,F62017,929209.6241567614,18.172011137008667
HDS,38,"[(-100, 100)]",10,1000,100,F72017,733.1151423027047,20.275612831115723
HDS,38,"[(-100, 100)]",30,1000,100,F72017,1192.9514890403173,20.06847906112671
Sobol,38,"[(-100, 100)]",30,1000,100,F62017,4459.849447279286,16.46385097503662
Sobol,38,"[(-100, 100)]",50,1000,100,F62017,35277.151868996065,15.88027024269104
HDS,38,"[(-100, 100)]",10,1000,100,F82017,801.2535882809236,1.0114707946777344
Sobol,38,"[(-100, 100)]",10,1000,100,F82017,801.9301315238654,0.7959048748016357
HDS,38,"[(-100, 100)]",50,1000,100,F72017,1642.8333131214597,21.20529580116272
Sobol,38,"[(-100, 100)]",100,1000,100,F62017,815239.1856887994,16.54147982597351
HDS,38,"[(-100, 100)]",30,1000,100,F82017,807.2303712030507,6.105348110198975
Sobol,38,"[(-100, 100)]",10,1000,100,F72017,737.7490749657178,19.33867907524109
Sobol,38,"[(-100, 100)]",30,1000,100,F72017,1079.2025366838695,19.463243007659912
Sobol,38,"[(-100, 100)]",30,1000,100,F82017,811.4264106326449,3.886638879776001
HDS,38,"[(-100, 100)]",50,1000,100,F82017,814.762448126814,8.639324188232422
HDS,38,"[(-100, 100)]",100,1000,100,F72017,2889.1784035325145,22.14665699005127
Sobol,38,"[(-100, 100)]",50,1000,100,F82017,819.3575804562506,10.111598014831545
Sobol,38,"[(-100, 100)]",50,1000,100,F72017,1608.544526810042,21.07327890396118
HDS,38,"[(-100, 100)]",100,1000,100,F82017,902.7063162388836,18.072232007980347
HDS,38,"[(-100, 100)]",10,1000,100,F92017,-994.9183599052604,19.657010793685917
HDS,38,"[(-100, 100)]",30,1000,100,F92017,3496.754508824468,19.89369893074036
Sobol,38,"[(-100, 100)]",100,1000,100,F72017,3055.4336885048438,20.664854049682617
HDS,38,"[(-100, 100)]",50,1000,100,F92017,8407.534989250416,20.402647018432617
Sobol,38,"[(-100, 100)]",100,1000,100,F82017,925.6160441568662,16.308463096618652
HDS,38,"[(-100, 100)]",100,1000,100,F92017,23103.853956554784,22.16568279266357
Sobol,38,"[(-100, 100)]",10,1000,100,F92017,-1110.3799809736638,19.534653902053837
Sobol,38,"[(-100, 100)]",30,1000,100,F92017,3971.0476533694873,20.36957216262817
HDS,39,"[(-100, 100)]",10,1000,100,F102017,1036.7803715189486,17.539883136749268
HDS,39,"[(-100, 100)]",30,1000,100,F102017,97373.2167081034,17.398727893829346
Sobol,38,"[(-100, 100)]",50,1000,100,F92017,8758.889547165973,21.113904237747192
HDS,39,"[(-100, 100)]",50,1000,100,F102017,226996.8787428844,17.862874031066895
Sobol,38,"[(-100, 100)]",100,1000,100,F92017,24361.82697234433,21.762427806854248
HDS,39,"[(-100, 100)]",100,1000,100,F102017,548784.6623940113,19.23491907119751
Sobol,39,"[(-100, 100)]",10,1000,100,F102017,1083.0821409840923,17.14520001411438
Sobol,39,"[(-100, 100)]",30,1000,100,F102017,138723.51951905846,17.312573194503784
Sobol,38,"[(-100, 100)]",100,1000,100,F292017,12393627353.211187,114.02550387382507
Sobol,39,"[(-100, 100)]",50,1000,100,F102017,213519.01676217,17.073620080947876
HDS,39,"[(-100, 100)]",10,1000,100,F112017,67944.94847904454,21.430052757263184
Sobol,39,"[(-100, 100)]",100,1000,100,F102017,1760308.6655088975,17.763307094573975
HDS,39,"[(-100, 100)]",30,1000,100,F112017,43051565.41175749,21.834843158721924
HDS,39,"[(-100, 100)]",10,1000,100,F12017,48999.04788632525,14.12936806678772
HDS,39,"[(-100, 100)]",50,1000,100,F112017,199718558.8696364,22.331053972244263
HDS,39,"[(-100, 100)]",30,1000,100,F12017,40921828.68158244,14.101670980453491
HDS,39,"[(-100, 100)]",100,1000,100,F112017,5997197149.120472,23.592180013656616
HDS,39,"[(-100, 100)]",50,1000,100,F12017,1283350293.9010525,14.386043071746826
Sobol,39,"[(-100, 100)]",10,1000,100,F112017,108525.53431833036,21.581111192703247
Sobol,39,"[(-100, 100)]",10,1000,100,F12017,2818.461052088832,13.55710792541504
Sobol,39,"[(-100, 100)]",30,1000,100,F112017,83561907.82683179,21.401381015777588
Sobol,39,"[(-100, 100)]",30,1000,100,F12017,40400527.86842482,13.40059494972229
Sobol,39,"[(-100, 100)]",50,1000,100,F112017,444378367.3524802,21.71756482124329
Sobol,39,"[(-100, 100)]",50,1000,100,F12017,1918960864.736048,13.705318927764893
HDS,39,"[(-100, 100)]",100,1000,100,F12017,23179267032.10862,15.585216999053957
Sobol,39,"[(-100, 100)]",100,1000,100,F112017,5394971652.945879,21.99020099639893
HDS,39,"[(-100, 100)]",10,1000,100,F122017,1492.766125024678,18.004688024520874
HDS,39,"[(-100, 100)]",30,1000,100,F122017,1678954.7224123357,18.808391094207764
HDS,39,"[(-100, 100)]",50,1000,100,F122017,34530665.96400191,19.20740008354187
HDS,39,"[(-100, 100)]",10,1000,100,F132017,1399.3672302716368,18.48489499092102
HDS,39,"[(-100, 100)]",100,1000,100,F122017,7588732813.083974,20.4762282371521
Sobol,39,"[(-100, 100)]",100,1000,100,F12017,33462510323.32252,14.42560076713562
Sobol,39,"[(-100, 100)]",10,1000,100,F122017,3970.3557321708986,17.89322280883789
HDS,39,"[(-100, 100)]",30,1000,100,F132017,255442.9445140274,19.396862030029297
Sobol,39,"[(-100, 100)]",30,1000,100,F122017,298632.70309364673,17.714625120162964
Sobol,39,"[(-100, 100)]",50,1000,100,F122017,27395791.590853687,18.007375240325928
Sobol,39,"[(-100, 100)]",10,1000,100,F132017,1461.6890902269995,17.82625985145569
Sobol,39,"[(-100, 100)]",100,1000,100,F122017,13802167936.52682,18.620718002319336
HDS,39,"[(-100, 100)]",50,1000,100,F132017,2502525.1341903326,20.811776161193848
Sobol,39,"[(-100, 100)]",30,1000,100,F132017,258119.41623702727,19.279317140579224
HDS,39,"[(-100, 100)]",10,1000,100,F142017,1549.2470400595616,17.91562509536743
HDS,39,"[(-100, 100)]",100,1000,100,F132017,21018746.76898254,25.04914879798889
HDS,39,"[(-100, 100)]",30,1000,100,F142017,1362781.5862808337,18.17459201812744
HDS,39,"[(-100, 100)]",50,1000,100,F142017,3070795.3970328937,18.42554521560669
HDS,39,"[(-100, 100)]",100,1000,100,F142017,2661145168.635683,20.48788094520569
Sobol,39,"[(-100, 100)]",50,1000,100,F132017,2156767.5586018413,21.319231033325195
Sobol,39,"[(-100, 100)]",10,1000,100,F142017,1705.0434703623691,18.70381212234497
HDS,39,"[(-100, 100)]",10,1000,100,F152017,1336.6610124894576,24.148123025894165
Sobol,39,"[(-100, 100)]",30,1000,100,F142017,5170588.636776146,18.9231550693512
Sobol,39,"[(-100, 100)]",50,1000,100,F142017,18261192.675423604,19.02873182296753
Sobol,39,"[(-100, 100)]",100,1000,100,F132017,49341593.94843661,24.63414192199707
Sobol,39,"[(-100, 100)]",100,1000,100,F142017,270080892.6709666,20.448246955871586
Sobol,39,"[(-100, 100)]",10,1000,100,F152017,1503.5543281615876,12.149533987045288
Sobol,38,"[(-100, 100)]",100,1000,100,F282017,50762489199.94614,246.8596720695496
HDS,39,"[(-100, 100)]",30,1000,100,F152017,2360.380295244668,31.138883113861084
HDS,39,"[(-100, 100)]",50,1000,100,F152017,12159.104543060284,36.809027910232544
HDS,39,"[(-100, 100)]",10,1000,100,F172017,,19.894099950790405
HDS,39,"[(-100, 100)]",10,1000,100,F162017,1477.7232000930544,42.22385907173157
HDS,39,"[(-100, 100)]",100,1000,100,F152017,30446.49823683188,50.46619701385498
Sobol,39,"[(-100, 100)]",30,1000,100,F152017,1707.499375933426,30.59711503982544
Sobol,39,"[(-100, 100)]",10,1000,100,F172017,,19.972862005233765
Sobol,39,"[(-100, 100)]",50,1000,100,F152017,11075.49749615038,36.900352001190186
HDS,39,"[(-100, 100)]",30,1000,100,F172017,115299.16657324664,20.204224109649655
HDS,39,"[(-100, 100)]",50,1000,100,F172017,884280.2464629029,20.543917894363403
HDS,39,"[(-100, 100)]",30,1000,100,F162017,70232.31264707366,77.71958303451538
Sobol,39,"[(-100, 100)]",10,1000,100,F162017,1649.2654843746122,42.738969802856445
Sobol,39,"[(-100, 100)]",30,1000,100,F172017,161277.01010558702,19.86280083656311
HDS,39,"[(-100, 100)]",100,1000,100,F172017,5973264.505507012,23.08452796936035
Sobol,39,"[(-100, 100)]",50,1000,100,F172017,1186725.821560271,20.03486680984497
Sobol,39,"[(-100, 100)]",100,1000,100,F152017,290977.6710016137,49.24120688438416
HDS,39,"[(-100, 100)]",10,1000,100,F182017,1809.2249889173172,19.457186222076416
Sobol,39,"[(-100, 100)]",100,1000,100,F172017,23605204.14580956,21.92197680473328
HDS,39,"[(-100, 100)]",50,1000,100,F162017,34335581.70362972,116.07304286956789
Sobol,39,"[(-100, 100)]",10,1000,100,F182017,1808.087125663276,18.399104118347168
HDS,39,"[(-100, 100)]",30,1000,100,F182017,434581.15289811126,45.20713686943054
HDS,39,"[(-100, 100)]",50,1000,100,F182017,8729688.308598073,59.87384104728699
HDS,39,"[(-100, 100)]",10,1000,100,F192017,1827.4448683209007,43.136162996292114
Sobol,39,"[(-100, 100)]",30,1000,100,F162017,48315.17891288381,78.31362509727478
Sobol,39,"[(-100, 100)]",30,1000,100,F182017,732805.3126360697,43.44038200378418
HDS,39,"[(-100, 100)]",100,1000,100,F182017,188528737.28365177,98.11658120155334
Sobol,39,"[(-100, 100)]",10,1000,100,F192017,1850.4275148827253,43.26415801048279
HDS,39,"[(-100, 100)]",30,1000,100,F192017,1970.9507320351945,79.40736675262451
HDS,39,"[(-100, 100)]",100,1000,100,F162017,11059998592.881945,199.445347070694
HDS,39,"[(-100, 100)]",10,1000,100,F202017,2145.5786817057,8.224633693695068
Sobol,39,"[(-100, 100)]",50,1000,100,F182017,10948162.730837928,59.10531687736511
Sobol,39,"[(-100, 100)]",10,1000,100,F202017,2140.177788434941,8.312846183776855
HDS,39,"[(-100, 100)]",30,1000,100,F202017,2444.846024635518,22.55865883827209
Sobol,39,"[(-100, 100)]",50,1000,100,F162017,4608149.189673089,114.24925184249878
HDS,39,"[(-100, 100)]",50,1000,100,F202017,4417.890224356577,23.605498790740967
Sobol,39,"[(-100, 100)]",30,1000,100,F202017,2365.701553537197,22.637535095214844
HDS,39,"[(-100, 100)]",10,1000,100,F212017,2214.321363803401,3.063098907470703
HDS,39,"[(-100, 100)]",100,1000,100,F202017,50832.117864112966,25.65222239494324
Sobol,39,"[(-100, 100)]",50,1000,100,F202017,3935.731969951056,23.32719087600708
Sobol,39,"[(-100, 100)]",10,1000,100,F212017,2216.669749960027,3.0693259239196777
HDS,39,"[(-100, 100)]",50,1000,100,F192017,2431.01159651735,115.78293085098268
Sobol,39,"[(-100, 100)]",30,1000,100,F192017,2498.7393471657147,79.04703307151794
Sobol,39,"[(-100, 100)]",100,1000,100,F202017,27122.6081641042,24.98537802696228
Sobol,39,"[(-100, 100)]",100,1000,100,F182017,1577541099.5743468,96.431795835495
HDS,39,"[(-100, 100)]",30,1000,100,F212017,2314.701046763386,28.38170289993286
HDS,39,"[(-100, 100)]",50,1000,100,F212017,2532.286459475666,28.61486387252808
HDS,39,"[(-100, 100)]",10,1000,100,F22017,200.36582997872813,14.381317138671877
HDS,39,"[(-100, 100)]",30,1000,100,F22017,14516.20684469812,14.385951042175291
Sobol,39,"[(-100, 100)]",30,1000,100,F212017,2294.39460826132,18.4433491230011
HDS,39,"[(-100, 100)]",100,1000,100,F212017,3227.605659741656,31.02466106414795
Sobol,39,"[(-100, 100)]",10,1000,100,F22017,200.76321381533376,12.751425981521606
Sobol,39,"[(-100, 100)]",30,1000,100,F22017,28706.91907286346,14.380263805389404
Sobol,39,"[(-100, 100)]",50,1000,100,F212017,2489.262164051905,27.95167112350464
HDS,39,"[(-100, 100)]",50,1000,100,F22017,63912.06846067613,15.060283899307253
HDS,39,"[(-100, 100)]",100,1000,100,F22017,248771.82275495928,16.51509690284729
HDS,39,"[(-100, 100)]",10,1000,100,F222017,2373.8574185784128,12.618202209472656
Sobol,39,"[(-100, 100)]",50,1000,100,F22017,79028.22774378263,13.651614904403688
Sobol,39,"[(-100, 100)]",10,1000,100,F222017,2361.140851638096,8.29552412033081
Sobol,39,"[(-100, 100)]",100,1000,100,F212017,3388.725707006862,29.40398597717285
Sobol,39,"[(-100, 100)]",100,1000,100,F22017,239760.8777044073,14.760568141937256
HDS,39,"[(-100, 100)]",10,1000,100,F232017,2451.3037821054645,8.913325071334839
HDS,39,"[(-100, 100)]",30,1000,100,F222017,3186.8463990761397,30.26376175880432
Sobol,39,"[(-100, 100)]",10,1000,100,F232017,2453.4965226920444,9.340005874633787
HDS,39,"[(-100, 100)]",50,1000,100,F222017,8093.286139754034,32.0367169380188
HDS,39,"[(-100, 100)]",30,1000,100,F232017,2762.992191018958,25.89381718635559
HDS,39,"[(-100, 100)]",100,1000,100,F222017,28858.824016952534,33.98713493347168
Sobol,39,"[(-100, 100)]",30,1000,100,F222017,2891.0106419597832,29.903174877166748
HDS,39,"[(-100, 100)]",50,1000,100,F232017,6250.118608887195,25.430031061172485
HDS,39,"[(-100, 100)]",100,1000,100,F192017,4530.786250233157,208.2253658771515
Sobol,39,"[(-100, 100)]",50,1000,100,F192017,2656.1535144284903,117.08343195915222
Sobol,39,"[(-100, 100)]",30,1000,100,F232017,2780.243330115768,25.79226326942444
HDS,39,"[(-100, 100)]",10,1000,100,F242017,2888.846517430768,9.546726942062378
Sobol,39,"[(-100, 100)]",50,1000,100,F222017,10151.21921296318,31.47704029083252
Sobol,39,"[(-100, 100)]",100,1000,100,F222017,28709.431464856385,33.18471598625183
Sobol,39,"[(-100, 100)]",10,1000,100,F242017,2885.7341072168656,7.953924179077148
Sobol,39,"[(-100, 100)]",100,1000,100,F162017,1661404175850.768,201.11384105682373
HDS,39,"[(-100, 100)]",100,1000,100,F232017,56793.02852578997,30.77516198158264
Sobol,39,"[(-100, 100)]",50,1000,100,F232017,8718.136812777197,26.37922525405884
HDS,39,"[(-100, 100)]",30,1000,100,F242017,2887.972810889027,24.754789113998413
HDS,39,"[(-100, 100)]",10,1000,100,F252017,2974.517350810317,14.708663940429688
HDS,39,"[(-100, 100)]",50,1000,100,F242017,4053.2129791557054,28.545939922332764
Sobol,39,"[(-100, 100)]",10,1000,100,F252017,2968.5028291500057,14.288969993591309
HDS,39,"[(-100, 100)]",100,1000,100,F242017,7232.035756933,30.673057079315186
Sobol,39,"[(-100, 100)]",100,1000,100,F232017,37636.85056587236,28.23072600364685
Sobol,39,"[(-100, 100)]",30,1000,100,F242017,2889.091026320594,27.37507390975952
HDS,39,"[(-100, 100)]",10,1000,100,F262017,2984.860102446164,11.037105798721312
Sobol,39,"[(-100, 100)]",50,1000,100,F242017,4471.008387340158,28.13728189468384
Sobol,39,"[(-100, 100)]",100,1000,100,F242017,8095.780814007517,30.35802125930786
Sobol,39,"[(-100, 100)]",10,1000,100,F262017,2968.276387474996,21.220497131347656
HDS,39,"[(-100, 100)]",30,1000,100,F252017,3386.618779760051,67.47097110748291
HDS,39,"[(-100, 100)]",10,1000,100,F272017,2829.734038394316,7.876467943191528
Sobol,39,"[(-100, 100)]",10,1000,100,F272017,2797.794952815851,12.045469045639038
HDS,39,"[(-100, 100)]",50,1000,100,F252017,4864.263640719855,101.23844885826112
HDS,39,"[(-100, 100)]",30,1000,100,F262017,3238.281978719627,76.20321679115295
HDS,39,"[(-100, 100)]",30,1000,100,F272017,2886.817257294889,43.95403599739075
Sobol,39,"[(-100, 100)]",30,1000,100,F252017,3395.234584130917,72.08023381233215
HDS,39,"[(-100, 100)]",50,1000,100,F262017,3614.781118411896,101.05069994926453
Sobol,39,"[(-100, 100)]",100,1000,100,F192017,5707.5470497064125,207.69249987602237
Sobol,39,"[(-100, 100)]",30,1000,100,F262017,3261.5761228333263,74.6375048160553
Sobol,39,"[(-100, 100)]",30,1000,100,F272017,2910.326104686804,69.19698119163513
HDS,39,"[(-100, 100)]",100,1000,100,F252017,21766.81689152237,167.769464969635
Sobol,39,"[(-100, 100)]",50,1000,100,F252017,4842.927015112847,99.00773096084596
HDS,39,"[(-100, 100)]",100,1000,100,F262017,5230.869772619251,167.94746279716492
HDS,39,"[(-100, 100)]",50,1000,100,F272017,2979.489827752672,94.64062786102296
Sobol,39,"[(-100, 100)]",50,1000,100,F262017,3856.873622908091,101.27677416801453
HDS,39,"[(-100, 100)]",10,1000,100,F282017,4107.696849936387,65.31286907196045
HDS,39,"[(-100, 100)]",30,1000,100,F282017,12716714.664144538,108.70224094390868
Sobol,39,"[(-100, 100)]",10,1000,100,F282017,4019.841471014484,65.95890212059021
Sobol,39,"[(-100, 100)]",50,1000,100,F272017,3315.9265492495024,96.00232005119324
HDS,39,"[(-100, 100)]",100,1000,100,F272017,5315.823526818018,163.9306881427765
HDS,39,"[(-100, 100)]",50,1000,100,F282017,366673296.4621764,148.77600598335266
Sobol,39,"[(-100, 100)]",100,1000,100,F252017,17251.21075451467,166.29608988761902
HDS,39,"[(-100, 100)]",10,1000,100,F292017,,45.56800198554993
HDS,39,"[(-100, 100)]",30,1000,100,F292017,33581701.0804574,61.25364685058594
Sobol,39,"[(-100, 100)]",100,1000,100,F262017,5426.0801971838055,168.01358485221863
Sobol,39,"[(-100, 100)]",30,1000,100,F282017,37218384.7521816,103.77026510238647
Sobol,39,"[(-100, 100)]",10,1000,100,F292017,,46.60611915588379
HDS,39,"[(-100, 100)]",10,1000,100,F32017,307.1220991879006,6.881377935409546
Sobol,39,"[(-100, 100)]",10,1000,100,F32017,303.5544610631088,6.896198034286499
HDS,39,"[(-100, 100)]",30,1000,100,F32017,346.11684981536706,15.35413694381714
HDS,39,"[(-100, 100)]",50,1000,100,F32017,1164.5349054723215,15.49832820892334
HDS,39,"[(-100, 100)]",50,1000,100,F292017,1151797741.3673406,76.06952428817749
Sobol,39,"[(-100, 100)]",30,1000,100,F32017,348.9904975327797,14.874995946884155
Sobol,39,"[(-100, 100)]",30,1000,100,F292017,11234356.439683434,59.580235958099365
Sobol,39,"[(-100, 100)]",50,1000,100,F32017,1021.1656841549366,14.94646668434143
HDS,39,"[(-100, 100)]",100,1000,100,F32017,8268.449880126173,16.587968111038208
HDS,39,"[(-100, 100)]",10,1000,100,F42017,432.1466316486397,14.141820907592772
HDS,39,"[(-100, 100)]",30,1000,100,F42017,691.4622157402189,14.266070127487184
Sobol,39,"[(-100, 100)]",100,1000,100,F32017,9047.48087334424,15.830351114273071
Sobol,39,"[(-100, 100)]",10,1000,100,F42017,440.8387432555974,14.123952150344849
Sobol,39,"[(-100, 100)]",30,1000,100,F42017,713.2334639161542,14.508294820785522
HDS,39,"[(-100, 100)]",10,1000,100,F52017,500.0042303821947,0.3829829692840576
Sobol,39,"[(-100, 100)]",10,1000,100,F52017,500.0018311640071,0.2117283344268798
HDS,39,"[(-100, 100)]",30,1000,100,F52017,500.06622968386176,0.6424710750579834
Sobol,39,"[(-100, 100)]",30,1000,100,F52017,500.03778866794505,0.2938351631164551
HDS,39,"[(-100, 100)]",50,1000,100,F52017,500.0709322398537,0.8592278957366943
Sobol,39,"[(-100, 100)]",50,1000,100,F52017,500.101704477604,0.3917520046234131
HDS,39,"[(-100, 100)]",100,1000,100,F52017,500.09286647233387,1.9073169231414795
Sobol,39,"[(-100, 100)]",100,1000,100,F52017,500.1152440658867,0.6834561824798584
HDS,39,"[(-100, 100)]",50,1000,100,F42017,4627.443515441497,14.840519905090332
HDS,39,"[(-100, 100)]",100,1000,100,F42017,24365.680587010454,16.550861835479736
Sobol,39,"[(-100, 100)]",50,1000,100,F282017,283436358.8853464,146.2054500579834
HDS,39,"[(-100, 100)]",100,1000,100,F282017,7726614271.937878,249.8230860233307
HDS,39,"[(-100, 100)]",10,1000,100,F62017,637.8730560648374,16.96638798713684
Sobol,39,"[(-100, 100)]",50,1000,100,F42017,4115.172065381927,14.361573934555054
Sobol,39,"[(-100, 100)]",100,1000,100,F272017,4633.691793707071,159.48852682113647
HDS,39,"[(-100, 100)]",100,1000,100,F292017,9357586162.535118,114.6939959526062
Sobol,39,"[(-100, 100)]",100,1000,100,F42017,36549.12284529455,15.936253786087036
Sobol,39,"[(-100, 100)]",50,1000,100,F292017,1740934303.1225288,74.73814392089844
HDS,39,"[(-100, 100)]",30,1000,100,F62017,1846.13948783643,16.863189935684204
Sobol,39,"[(-100, 100)]",10,1000,100,F62017,640.106711298922,16.81681203842163
HDS,39,"[(-100, 100)]",50,1000,100,F62017,49087.52959985945,16.69066596031189
HDS,39,"[(-100, 100)]",100,1000,100,F62017,1929573.3689426936,17.61853814125061
Sobol,39,"[(-100, 100)]",30,1000,100,F62017,5013.948010906511,15.910632848739624
HDS,39,"[(-100, 100)]",10,1000,100,F72017,721.5806785825989,19.94075322151184
HDS,39,"[(-100, 100)]",30,1000,100,F72017,1067.8882683217014,20.21680593490601
Sobol,39,"[(-100, 100)]",50,1000,100,F62017,61552.14675927197,17.06276512145996
HDS,39,"[(-100, 100)]",10,1000,100,F82017,801.6131085581692,0.8773188591003418
Sobol,39,"[(-100, 100)]",10,1000,100,F82017,801.8959332936437,0.7283589839935303
HDS,39,"[(-100, 100)]",50,1000,100,F72017,1539.029788638835,22.21290779113769
Sobol,39,"[(-100, 100)]",100,1000,100,F62017,1422746.5263059556,17.641360759735107
HDS,39,"[(-100, 100)]",30,1000,100,F82017,809.3881457887463,4.472568035125732
Sobol,39,"[(-100, 100)]",30,1000,100,F82017,808.3210323413584,4.459410190582275
Sobol,39,"[(-100, 100)]",10,1000,100,F72017,724.3352922133291,20.58434295654297
HDS,39,"[(-100, 100)]",100,1000,100,F72017,3085.357532360756,22.421031951904297
Sobol,39,"[(-100, 100)]",30,1000,100,F72017,1157.8497124449905,20.192429780960083
HDS,39,"[(-100, 100)]",50,1000,100,F82017,828.6472247633839,17.13748002052307
Sobol,39,"[(-100, 100)]",50,1000,100,F72017,1744.4417873730486,20.581228017807007
HDS,39,"[(-100, 100)]",100,1000,100,F82017,942.734726228643,18.23708724975586
HDS,39,"[(-100, 100)]",10,1000,100,F92017,-797.3272212721668,20.301655054092407
Sobol,39,"[(-100, 100)]",50,1000,100,F82017,813.6683470553014,12.605971813201904
HDS,39,"[(-100, 100)]",30,1000,100,F92017,3663.944954363378,20.570528030395508
Sobol,39,"[(-100, 100)]",100,1000,100,F72017,3160.2380830353413,21.09534811973572
HDS,39,"[(-100, 100)]",50,1000,100,F92017,9020.85030025478,20.613427877426147
Sobol,39,"[(-100, 100)]",100,1000,100,F82017,925.8732905860496,16.72846817970276
HDS,40,"[(-100, 100)]",10,1000,100,F102017,1024.9051724439046,17.277976036071777
Sobol,39,"[(-100, 100)]",10,1000,100,F92017,-1028.8994223075697,19.47136402130127
Sobol,39,"[(-100, 100)]",30,1000,100,F92017,2606.1740572784947,19.7024667263031
HDS,39,"[(-100, 100)]",100,1000,100,F92017,22236.28933825726,23.5511167049408
HDS,40,"[(-100, 100)]",30,1000,100,F102017,67596.95984523477,18.33986473083496
Sobol,39,"[(-100, 100)]",50,1000,100,F92017,9060.577183307429,20.971269130706787
Sobol,40,"[(-100, 100)]",10,1000,100,F102017,1041.0375027371456,17.393813133239746
HDS,40,"[(-100, 100)]",50,1000,100,F102017,153462.75516991405,18.26498889923096
HDS,40,"[(-100, 100)]",100,1000,100,F102017,1209651.3370264007,20.179492950439453
Sobol,39,"[(-100, 100)]",100,1000,100,F92017,25590.43129242414,22.337236881256104
Sobol,40,"[(-100, 100)]",30,1000,100,F102017,120956.49065520849,17.25629496574402
Sobol,39,"[(-100, 100)]",100,1000,100,F292017,16439577115.09323,114.3390600681305
HDS,40,"[(-100, 100)]",10,1000,100,F112017,145491.3555420442,21.308342933654785
Sobol,40,"[(-100, 100)]",50,1000,100,F102017,251755.0907226231,17.315460920333862
HDS,40,"[(-100, 100)]",30,1000,100,F112017,53789524.468197465,21.511921882629395
Sobol,40,"[(-100, 100)]",100,1000,100,F102017,1696875.522841795,18.28379797935486
HDS,40,"[(-100, 100)]",10,1000,100,F12017,8214.804128313353,13.375288009643556
HDS,40,"[(-100, 100)]",30,1000,100,F12017,82761852.39753805,13.547373056411743
HDS,40,"[(-100, 100)]",50,1000,100,F112017,407356762.4858309,22.50989270210266
HDS,40,"[(-100, 100)]",100,1000,100,F112017,5159765751.639917,23.026474952697757
HDS,40,"[(-100, 100)]",50,1000,100,F12017,1611970510.0402026,14.802042007446287
Sobol,40,"[(-100, 100)]",10,1000,100,F112017,67642.58661626236,21.332930088043213
Sobol,40,"[(-100, 100)]",10,1000,100,F12017,44530.39958390052,13.82943630218506
Sobol,40,"[(-100, 100)]",30,1000,100,F112017,60309021.63339077,21.46814799308777
Sobol,40,"[(-100, 100)]",30,1000,100,F12017,29868901.546452302,13.836318969726562
Sobol,40,"[(-100, 100)]",50,1000,100,F12017,3133188207.850333,14.679017066955566
HDS,40,"[(-100, 100)]",100,1000,100,F12017,24002775341.33348,15.82560896873474
Sobol,40,"[(-100, 100)]",50,1000,100,F112017,193853961.54661995,23.067487001419067
Sobol,40,"[(-100, 100)]",100,1000,100,F112017,4446956353.994377,22.48886203765869
HDS,40,"[(-100, 100)]",10,1000,100,F122017,1476.607550636916,18.20996189117432
HDS,40,"[(-100, 100)]",30,1000,100,F122017,1724424.630702711,18.586884021759037
HDS,40,"[(-100, 100)]",50,1000,100,F122017,109264866.68795832,18.820583820343018
Sobol,40,"[(-100, 100)]",100,1000,100,F12017,24297169281.52276,14.05191206932068
HDS,40,"[(-100, 100)]",100,1000,100,F122017,8205401549.453192,19.47944593429565
HDS,40,"[(-100, 100)]",10,1000,100,F132017,1399.8944469085618,19.03731203079224
HDS,40,"[(-100, 100)]",30,1000,100,F132017,185374.876110938,19.51354074478149
Sobol,40,"[(-100, 100)]",10,1000,100,F122017,2735.350003894941,17.580402135849
Sobol,40,"[(-100, 100)]",30,1000,100,F122017,153619.34586799616,17.71672296524048
Sobol,40,"[(-100, 100)]",50,1000,100,F122017,127248800.00739524,17.99520993232727
HDS,40,"[(-100, 100)]",50,1000,100,F132017,2154307.2219923544,20.706481218338013
Sobol,40,"[(-100, 100)]",100,1000,100,F122017,3456439223.5009565,18.461190223693848
Sobol,40,"[(-100, 100)]",10,1000,100,F132017,1360.3895305675596,18.58239984512329
Sobol,40,"[(-100, 100)]",30,1000,100,F132017,479237.69280928327,19.11412501335144
HDS,40,"[(-100, 100)]",10,1000,100,F142017,2300.19378449107,17.658005952835083
HDS,40,"[(-100, 100)]",30,1000,100,F142017,1505263.1677374952,17.91176676750183
HDS,40,"[(-100, 100)]",100,1000,100,F132017,28062592.346628707,24.56508207321167
HDS,40,"[(-100, 100)]",50,1000,100,F142017,5719063.65477667,18.31116819381714
Sobol,40,"[(-100, 100)]",50,1000,100,F132017,1889122.5979758103,20.706780910491943
HDS,40,"[(-100, 100)]",100,1000,100,F142017,915361632.338035,19.292943000793457
HDS,40,"[(-100, 100)]",10,1000,100,F152017,1338.061892055552,18.89819574356079
Sobol,40,"[(-100, 100)]",10,1000,100,F142017,1593.7164685494809,17.68424081802368
Sobol,40,"[(-100, 100)]",30,1000,100,F142017,541804.7936665637,17.628437042236328
Sobol,40,"[(-100, 100)]",100,1000,100,F132017,29929707.869532503,23.14856195449829
Sobol,40,"[(-100, 100)]",50,1000,100,F142017,4472268.597760477,17.883237838745117
Sobol,40,"[(-100, 100)]",10,1000,100,F152017,1337.7055321832088,16.17163920402527
Sobol,40,"[(-100, 100)]",100,1000,100,F142017,856814980.5026565,18.269980907440186
Sobol,39,"[(-100, 100)]",100,1000,100,F282017,6900595164.034852,246.58336806297305
HDS,40,"[(-100, 100)]",30,1000,100,F152017,2624.355005266269,30.517327308654785
HDS,40,"[(-100, 100)]",50,1000,100,F152017,19529.492838030623,36.147963762283325
HDS,40,"[(-100, 100)]",10,1000,100,F172017,,20.28267216682434
HDS,40,"[(-100, 100)]",100,1000,100,F152017,155221.89554099643,50.595362186431885
HDS,40,"[(-100, 100)]",10,1000,100,F162017,1482.7447585386649,42.82634377479553
Sobol,40,"[(-100, 100)]",30,1000,100,F152017,2046.975548382237,31.790464162826535
Sobol,40,"[(-100, 100)]",10,1000,100,F172017,,19.9921510219574
Sobol,40,"[(-100, 100)]",50,1000,100,F152017,24134.65973704444,36.86008405685425
HDS,40,"[(-100, 100)]",30,1000,100,F172017,163125.14277502356,19.97879219055176
HDS,40,"[(-100, 100)]",50,1000,100,F172017,1226897.5435736112,19.80032706260681
HDS,40,"[(-100, 100)]",30,1000,100,F162017,99365.596401024,78.52377605438232
HDS,40,"[(-100, 100)]",100,1000,100,F172017,16677185.01225544,21.836695194244385
Sobol,40,"[(-100, 100)]",10,1000,100,F162017,1501.299887384598,42.585362911224365
Sobol,40,"[(-100, 100)]",30,1000,100,F172017,75898.4604819396,19.786297082901
Sobol,40,"[(-100, 100)]",100,1000,100,F152017,108998.7750714813,49.22966504096985
Sobol,40,"[(-100, 100)]",50,1000,100,F172017,706846.5765731252,20.066871166229248
Sobol,40,"[(-100, 100)]",100,1000,100,F172017,14380912.116103131,20.52179789543152
HDS,40,"[(-100, 100)]",10,1000,100,F182017,1809.1836492226444,20.299680948257446
HDS,40,"[(-100, 100)]",50,1000,100,F162017,1401180.7599797577,114.6119031906128
Sobol,40,"[(-100, 100)]",10,1000,100,F182017,1808.222797371299,18.268649101257324
HDS,40,"[(-100, 100)]",30,1000,100,F182017,1383394.9195490526,44.48033595085144
HDS,40,"[(-100, 100)]",10,1000,100,F192017,1834.6441242533892,42.25577187538147
HDS,40,"[(-100, 100)]",50,1000,100,F182017,6237879.3202787535,59.41683506965637
Sobol,40,"[(-100, 100)]",30,1000,100,F162017,159785.45635883624,77.05045318603516
Sobol,40,"[(-100, 100)]",30,1000,100,F182017,131862.2026976454,42.9788019657135
Sobol,40,"[(-100, 100)]",10,1000,100,F192017,1841.2342650742223,41.281500816345215
HDS,40,"[(-100, 100)]",100,1000,100,F182017,1120326640.1603718,95.52109789848328
HDS,40,"[(-100, 100)]",10,1000,100,F202017,2119.7097229744213,8.180536985397339
HDS,40,"[(-100, 100)]",30,1000,100,F192017,2406.801547894224,77.28154683113098
Sobol,40,"[(-100, 100)]",10,1000,100,F202017,2130.3293341590784,8.18876600265503
HDS,40,"[(-100, 100)]",100,1000,100,F162017,434660848727.172,202.43946194648743
Sobol,40,"[(-100, 100)]",50,1000,100,F182017,4160571.688768258,58.78590202331543
HDS,40,"[(-100, 100)]",30,1000,100,F202017,2472.6094952390645,23.21597123146057
Sobol,40,"[(-100, 100)]",50,1000,100,F162017,224638275.37717676,112.61007571220398
HDS,40,"[(-100, 100)]",50,1000,100,F202017,3551.3233514319154,23.46978998184204
Sobol,40,"[(-100, 100)]",30,1000,100,F202017,2228.8251895131752,19.909695863723755
Sobol,40,"[(-100, 100)]",50,1000,100,F202017,3551.7267997289628,22.28528308868408
HDS,40,"[(-100, 100)]",100,1000,100,F202017,26399.483697148156,24.880205869674683
HDS,40,"[(-100, 100)]",50,1000,100,F192017,2402.951163882165,113.9348349571228
HDS,40,"[(-100, 100)]",10,1000,100,F212017,824.0393185670455,26.21141791343689
Sobol,40,"[(-100, 100)]",10,1000,100,F212017,2213.446849287888,2.699997901916504
Sobol,40,"[(-100, 100)]",30,1000,100,F192017,2830.434578049652,78.01702308654785
Sobol,40,"[(-100, 100)]",100,1000,100,F202017,29097.56090497208,23.72278094291687
HDS,40,"[(-100, 100)]",30,1000,100,F212017,2309.7297960653705,26.74515986442566
Sobol,40,"[(-100, 100)]",100,1000,100,F182017,1359161456.733677,96.00107336044312
HDS,40,"[(-100, 100)]",10,1000,100,F22017,200.7316121195772,13.962255239486694
HDS,40,"[(-100, 100)]",30,1000,100,F22017,17991.74403413107,13.923430919647217
HDS,40,"[(-100, 100)]",50,1000,100,F212017,2504.3159855911763,27.400786876678467
Sobol,40,"[(-100, 100)]",30,1000,100,F212017,2292.580731228637,23.57462501525879
Sobol,40,"[(-100, 100)]",10,1000,100,F22017,200.99698522095537,13.658684968948364
HDS,40,"[(-100, 100)]",100,1000,100,F212017,2954.008199961619,30.5700101852417
Sobol,40,"[(-100, 100)]",30,1000,100,F22017,21398.293228474176,13.906394004821776
HDS,40,"[(-100, 100)]",50,1000,100,F22017,86115.14412322384,14.395287036895752
HDS,40,"[(-100, 100)]",100,1000,100,F22017,259571.6528768768,15.666980266571043
HDS,40,"[(-100, 100)]",10,1000,100,F222017,2343.0819650188278,11.166332244873049
Sobol,40,"[(-100, 100)]",50,1000,100,F212017,2463.5849328739805,26.8802170753479
Sobol,40,"[(-100, 100)]",10,1000,100,F222017,2354.203937095289,9.790891885757446
Sobol,40,"[(-100, 100)]",50,1000,100,F22017,85280.08723853693,14.259105920791626
Sobol,40,"[(-100, 100)]",100,1000,100,F22017,323762.2688606214,14.906049251556396
Sobol,40,"[(-100, 100)]",100,1000,100,F212017,3532.0763330082955,29.8995258808136
HDS,40,"[(-100, 100)]",10,1000,100,F232017,2450.996181564913,10.00877809524536
Sobol,40,"[(-100, 100)]",10,1000,100,F232017,2541.998335886948,8.530952215194702
HDS,40,"[(-100, 100)]",30,1000,100,F222017,3133.700676271409,29.72555613517761
HDS,40,"[(-100, 100)]",50,1000,100,F222017,13773.063457637112,30.92660617828369
HDS,40,"[(-100, 100)]",30,1000,100,F232017,2783.469745938505,24.77229404449463
HDS,40,"[(-100, 100)]",100,1000,100,F222017,27608.19770880712,34.162095069885254
HDS,40,"[(-100, 100)]",100,1000,100,F192017,4215.326935973131,207.98998188972476
HDS,40,"[(-100, 100)]",50,1000,100,F232017,8192.506235675604,27.18451976776123
Sobol,40,"[(-100, 100)]",50,1000,100,F192017,2594.3982881115585,115.10306692123412
Sobol,40,"[(-100, 100)]",30,1000,100,F232017,3407.6568502682444,25.879597902297974
Sobol,40,"[(-100, 100)]",30,1000,100,F222017,3311.146180708949,30.684791088104248
Sobol,40,"[(-100, 100)]",50,1000,100,F222017,10906.96239670464,32.13061022758484
HDS,40,"[(-100, 100)]",10,1000,100,F242017,2892.836821791219,9.399840593338013
Sobol,40,"[(-100, 100)]",100,1000,100,F222017,33898.218723761514,34.00337195396423
Sobol,40,"[(-100, 100)]",100,1000,100,F162017,171390783558.89853,200.641352891922
Sobol,40,"[(-100, 100)]",10,1000,100,F242017,2892.546594090852,10.624979734420776
Sobol,40,"[(-100, 100)]",50,1000,100,F232017,8960.807002027987,26.23407292366028
HDS,40,"[(-100, 100)]",100,1000,100,F232017,36221.316480050446,29.64562487602234
HDS,40,"[(-100, 100)]",30,1000,100,F242017,2868.6354570416643,26.121360063552856
HDS,40,"[(-100, 100)]",10,1000,100,F252017,2506.692422587037,13.25475287437439
HDS,40,"[(-100, 100)]",50,1000,100,F242017,4299.023665043168,29.01775002479553
HDS,40,"[(-100, 100)]",100,1000,100,F242017,6901.6558539698935,32.12649393081665
Sobol,40,"[(-100, 100)]",10,1000,100,F252017,2970.42569600466,14.06992793083191
Sobol,40,"[(-100, 100)]",100,1000,100,F232017,40064.61537847563,27.50837182998657
Sobol,40,"[(-100, 100)]",30,1000,100,F242017,2881.943452374902,27.35123610496521
Sobol,40,"[(-100, 100)]",50,1000,100,F242017,4310.864583325317,28.164349794387817
HDS,40,"[(-100, 100)]",10,1000,100,F262017,2982.2000848382168,19.798173904418945
Sobol,40,"[(-100, 100)]",100,1000,100,F242017,8507.699245116211,30.129180908203125
HDS,40,"[(-100, 100)]",30,1000,100,F252017,3406.885509727424,69.9605860710144
Sobol,40,"[(-100, 100)]",10,1000,100,F262017,2682.787612708445,47.43772006034851
HDS,40,"[(-100, 100)]",50,1000,100,F252017,4913.687779034808,100.5811619758606
HDS,40,"[(-100, 100)]",30,1000,100,F262017,3229.6063887155283,74.72375202178955
HDS,40,"[(-100, 100)]",10,1000,100,F272017,2834.002021200352,9.260232210159302
Sobol,40,"[(-100, 100)]",10,1000,100,F272017,2811.939302088362,8.911864995956421
Sobol,40,"[(-100, 100)]",30,1000,100,F252017,3385.395356349305,72.96381282806396
HDS,40,"[(-100, 100)]",50,1000,100,F262017,3786.642601079022,101.0303521156311
HDS,40,"[(-100, 100)]",30,1000,100,F272017,3190.18067146075,59.44950771331787
Sobol,40,"[(-100, 100)]",100,1000,100,F192017,4515.614725308017,210.39556503295896
Sobol,40,"[(-100, 100)]",30,1000,100,F262017,3205.5111889948075,74.42729187011719
HDS,40,"[(-100, 100)]",100,1000,100,F252017,25170.81844055847,166.7302210330963
Sobol,40,"[(-100, 100)]",50,1000,100,F252017,4795.021634525688,98.56832385063171
HDS,40,"[(-100, 100)]",100,1000,100,F262017,5145.146456233964,168.81518697738647
HDS,40,"[(-100, 100)]",50,1000,100,F272017,3234.3928556803435,96.00791001319884
Sobol,40,"[(-100, 100)]",50,1000,100,F262017,3933.805762759524,100.06703186035156
Sobol,40,"[(-100, 100)]",30,1000,100,F272017,2924.983780748704,69.7105758190155
HDS,40,"[(-100, 100)]",10,1000,100,F282017,4287.356797234666,64.61138892173767
HDS,40,"[(-100, 100)]",30,1000,100,F282017,4561464.932249826,109.0406939983368
Sobol,40,"[(-100, 100)]",10,1000,100,F282017,4045.344879475016,64.14268708229065
Sobol,40,"[(-100, 100)]",50,1000,100,F272017,3201.0648851526967,94.8888931274414
HDS,40,"[(-100, 100)]",100,1000,100,F272017,4928.450427762205,162.01205801963806
Sobol,40,"[(-100, 100)]",100,1000,100,F252017,20507.93778244041,164.9725308418274
HDS,40,"[(-100, 100)]",10,1000,100,F292017,,46.09512901306152
HDS,40,"[(-100, 100)]",50,1000,100,F282017,201814362.2151528,147.64228916168213
Sobol,40,"[(-100, 100)]",100,1000,100,F262017,5326.181004051532,169.5781331062317
HDS,40,"[(-100, 100)]",30,1000,100,F292017,66507176.36518586,61.955446004867554
Sobol,40,"[(-100, 100)]",10,1000,100,F292017,,45.84293103218079
HDS,40,"[(-100, 100)]",10,1000,100,F32017,308.73702367044,5.054260969161987
Sobol,40,"[(-100, 100)]",10,1000,100,F32017,308.0258307003823,6.471359014511108
Sobol,40,"[(-100, 100)]",30,1000,100,F282017,12951272.831259716,108.41567897796632
HDS,40,"[(-100, 100)]",30,1000,100,F32017,377.34694880435023,15.752177000045776
HDS,40,"[(-100, 100)]",50,1000,100,F32017,1086.732453636666,16.81853222846985
HDS,40,"[(-100, 100)]",50,1000,100,F292017,1772171960.4726098,78.44476890563965
Sobol,40,"[(-100, 100)]",30,1000,100,F32017,362.4573221222687,15.434810876846312
Sobol,40,"[(-100, 100)]",50,1000,100,F32017,936.4317684432684,16.43312096595764
Sobol,40,"[(-100, 100)]",30,1000,100,F292017,25364601.66462864,60.77613592147827
HDS,40,"[(-100, 100)]",100,1000,100,F32017,11213.991528644652,16.98649787902832
HDS,40,"[(-100, 100)]",10,1000,100,F42017,435.78585246920807,15.292541027069092
HDS,40,"[(-100, 100)]",30,1000,100,F42017,733.4150005657574,14.768419742584229
Sobol,40,"[(-100, 100)]",100,1000,100,F32017,3178.271900272666,15.50954294204712
Sobol,40,"[(-100, 100)]",10,1000,100,F42017,433.8402519655152,15.151637077331545
Sobol,40,"[(-100, 100)]",30,1000,100,F42017,792.0834956884705,14.52295207977295
HDS,40,"[(-100, 100)]",10,1000,100,F52017,500.00542836848473,0.358605146408081
Sobol,40,"[(-100, 100)]",10,1000,100,F52017,500.0066763003807,0.1929268836975097
HDS,40,"[(-100, 100)]",30,1000,100,F52017,500.0696907144952,0.6146612167358398
Sobol,40,"[(-100, 100)]",30,1000,100,F52017,500.0855248223997,0.2880558967590332
HDS,40,"[(-100, 100)]",50,1000,100,F52017,500.0790729241488,0.8219032287597656
Sobol,40,"[(-100, 100)]",50,1000,100,F52017,500.0830947105016,0.4199588298797607
HDS,40,"[(-100, 100)]",100,1000,100,F52017,500.1023696868688,1.8184728622436523
Sobol,40,"[(-100, 100)]",100,1000,100,F52017,500.13321785213066,0.6659958362579346
HDS,40,"[(-100, 100)]",50,1000,100,F42017,1647.2619992548211,14.971257209777832
HDS,40,"[(-100, 100)]",100,1000,100,F42017,36222.042840189606,16.544028997421265
HDS,40,"[(-100, 100)]",100,1000,100,F282017,24759946746.094463,252.03635668754575
Sobol,40,"[(-100, 100)]",100,1000,100,F272017,4964.833546395776,161.2772409915924
HDS,40,"[(-100, 100)]",10,1000,100,F62017,639.5505487173945,15.879069805145264
Sobol,40,"[(-100, 100)]",50,1000,100,F42017,4654.444810051178,14.543707132339478
HDS,40,"[(-100, 100)]",100,1000,100,F292017,3397694629.369277,116.23303198814392
Sobol,40,"[(-100, 100)]",100,1000,100,F42017,29292.996642793216,14.979125022888184
Sobol,40,"[(-100, 100)]",50,1000,100,F292017,647426133.6614985,77.44800996780396
HDS,40,"[(-100, 100)]",30,1000,100,F62017,1443.3040794521844,16.455034017562866
Sobol,40,"[(-100, 100)]",10,1000,100,F62017,647.0170279355309,15.774063110351562
HDS,40,"[(-100, 100)]",50,1000,100,F62017,62819.0802148684,16.62402606010437
HDS,40,"[(-100, 100)]",100,1000,100,F62017,615745.6776034967,18.127920866012573
HDS,40,"[(-100, 100)]",10,1000,100,F72017,735.0878353129137,20.56870126724243
Sobol,40,"[(-100, 100)]",30,1000,100,F62017,2371.9521672596065,16.164430856704712
Sobol,40,"[(-100, 100)]",50,1000,100,F282017,208128267.74703085,148.59723091125488
Sobol,40,"[(-100, 100)]",50,1000,100,F62017,51122.66816841351,16.316873788833618
HDS,40,"[(-100, 100)]",10,1000,100,F82017,800.8762740637615,0.7784180641174316
Sobol,40,"[(-100, 100)]",10,1000,100,F82017,801.7470436108141,0.6769170761108398
HDS,40,"[(-100, 100)]",30,1000,100,F72017,1150.744331581236,19.829490900039676
Sobol,40,"[(-100, 100)]",100,1000,100,F62017,1157420.4154150316,17.044795989990234
HDS,40,"[(-100, 100)]",30,1000,100,F82017,808.7957361611167,5.744307041168213
Sobol,40,"[(-100, 100)]",30,1000,100,F82017,808.4201766391584,3.539958000183105
Sobol,40,"[(-100, 100)]",10,1000,100,F72017,724.9943294388654,20.604952096939087
HDS,40,"[(-100, 100)]",50,1000,100,F72017,1667.6646466477089,20.360535144805908
HDS,40,"[(-100, 100)]",50,1000,100,F82017,815.9104029274899,11.164309978485107
Sobol,40,"[(-100, 100)]",30,1000,100,F72017,1181.8735537514276,19.951049089431763
HDS,40,"[(-100, 100)]",100,1000,100,F72017,3357.593283123544,23.04145312309265
Sobol,40,"[(-100, 100)]",50,1000,100,F82017,814.9527627271765,11.450551986694336
HDS,40,"[(-100, 100)]",100,1000,100,F82017,891.8159650441343,18.489264011383057
HDS,40,"[(-100, 100)]",10,1000,100,F92017,-1269.7636218621,20.425015687942505
Sobol,40,"[(-100, 100)]",50,1000,100,F72017,1724.3743271742965,20.52112197875977
HDS,40,"[(-100, 100)]",30,1000,100,F92017,3276.1051929036494,20.04300808906555
Sobol,40,"[(-100, 100)]",100,1000,100,F72017,3273.7513214285327,21.34674477577209
Sobol,40,"[(-100, 100)]",100,1000,100,F82017,925.9142900687616,17.04189109802246
HDS,40,"[(-100, 100)]",50,1000,100,F92017,8339.64036173546,21.028165817260746
Sobol,40,"[(-100, 100)]",10,1000,100,F92017,-1057.910278635636,20.093756914138797
HDS,40,"[(-100, 100)]",100,1000,100,F92017,22962.08753790311,22.76412606239319
Sobol,40,"[(-100, 100)]",30,1000,100,F92017,2691.452045269132,19.977803945541385
HDS,41,"[(-100, 100)]",10,1000,100,F102017,1026.102727347307,18.110263109207157
HDS,41,"[(-100, 100)]",30,1000,100,F102017,99694.1244925577,18.51958918571472
Sobol,40,"[(-100, 100)]",50,1000,100,F92017,8837.808039854996,21.58803629875183
HDS,41,"[(-100, 100)]",50,1000,100,F102017,236473.1148371939,19.4364070892334
Sobol,41,"[(-100, 100)]",10,1000,100,F102017,1031.264027399934,17.829856157302856
HDS,41,"[(-100, 100)]",100,1000,100,F102017,804831.0416893027,19.454797744750977
Sobol,40,"[(-100, 100)]",100,1000,100,F292017,22223516645.89876,113.51472306251526
Sobol,40,"[(-100, 100)]",100,1000,100,F92017,24150.415993310555,22.29899883270264
Sobol,41,"[(-100, 100)]",30,1000,100,F102017,96266.48239862622,17.319456100463867
Sobol,41,"[(-100, 100)]",50,1000,100,F102017,301695.5638777193,18.369861125946045
HDS,41,"[(-100, 100)]",10,1000,100,F112017,252348.3999959202,21.66399884223938
HDS,41,"[(-100, 100)]",10,1000,100,F12017,23875.76545314785,14.10512113571167
Sobol,41,"[(-100, 100)]",100,1000,100,F102017,1343898.3151951868,18.22320890426636
HDS,41,"[(-100, 100)]",30,1000,100,F112017,52751750.45467496,22.659230947494507
HDS,41,"[(-100, 100)]",50,1000,100,F112017,110786576.6465654,22.884461879730225
HDS,41,"[(-100, 100)]",100,1000,100,F112017,6124879512.281037,24.58252596855164
HDS,41,"[(-100, 100)]",30,1000,100,F12017,6180701.378718315,15.702415227890016
Sobol,41,"[(-100, 100)]",10,1000,100,F12017,6617.6189870678445,15.096817255020142
HDS,41,"[(-100, 100)]",50,1000,100,F12017,1999762077.24196,15.17554211616516
Sobol,41,"[(-100, 100)]",10,1000,100,F112017,200516.79956775103,23.22338104248047
Sobol,41,"[(-100, 100)]",30,1000,100,F12017,74696906.37108797,15.030215978622437
Sobol,41,"[(-100, 100)]",30,1000,100,F112017,46668381.875042,22.956212043762207
HDS,41,"[(-100, 100)]",100,1000,100,F12017,35300961130.51732,15.824075937271118
Sobol,41,"[(-100, 100)]",50,1000,100,F112017,205668926.2806731,22.51675009727478
Sobol,41,"[(-100, 100)]",50,1000,100,F12017,4358626468.640196,14.043029069900513
Sobol,41,"[(-100, 100)]",100,1000,100,F112017,6534998847.515679,23.08839607238769
HDS,41,"[(-100, 100)]",10,1000,100,F122017,1300.6708579066428,18.536423206329346
Sobol,41,"[(-100, 100)]",100,1000,100,F12017,15900817264.934734,14.131089925765991
HDS,41,"[(-100, 100)]",30,1000,100,F122017,774587.9753041752,19.242752075195312
HDS,41,"[(-100, 100)]",50,1000,100,F122017,82178321.71944824,18.82024383544922
HDS,41,"[(-100, 100)]",10,1000,100,F132017,1393.0041576271224,18.53649091720581
HDS,41,"[(-100, 100)]",100,1000,100,F122017,2810250972.592272,20.372584104537964
HDS,41,"[(-100, 100)]",30,1000,100,F132017,321986.22773554747,20.182152271270752
Sobol,41,"[(-100, 100)]",10,1000,100,F122017,1635.79489950712,18.44863796234131
Sobol,41,"[(-100, 100)]",30,1000,100,F122017,217197.10667160613,18.89743399620056
HDS,41,"[(-100, 100)]",50,1000,100,F132017,3254222.7362125088,21.76056718826294
Sobol,41,"[(-100, 100)]",50,1000,100,F122017,106323301.84192549,18.87894415855408
Sobol,41,"[(-100, 100)]",10,1000,100,F132017,1415.4024501724195,18.08642816543579
Sobol,41,"[(-100, 100)]",100,1000,100,F122017,5534836722.798458,18.454036951065063
Sobol,41,"[(-100, 100)]",30,1000,100,F132017,240628.2775495298,19.057834148406982
HDS,41,"[(-100, 100)]",100,1000,100,F132017,25849303.793151632,25.019166946411133
HDS,41,"[(-100, 100)]",10,1000,100,F142017,1846.3668622822051,19.134085178375244
HDS,41,"[(-100, 100)]",30,1000,100,F142017,1033348.904454502,19.085612058639526
HDS,41,"[(-100, 100)]",50,1000,100,F142017,12260933.450008571,19.034682035446167
Sobol,41,"[(-100, 100)]",50,1000,100,F132017,4060227.540935564,21.09937596321106
HDS,41,"[(-100, 100)]",100,1000,100,F142017,545031955.2664245,20.48972797393799
HDS,41,"[(-100, 100)]",10,1000,100,F152017,1337.7206970148604,24.98021101951599
Sobol,41,"[(-100, 100)]",10,1000,100,F142017,2738.02974701335,19.35447597503662
Sobol,41,"[(-100, 100)]",30,1000,100,F142017,1196837.2951673702,18.885947942733765
Sobol,41,"[(-100, 100)]",50,1000,100,F142017,30300041.4376594,18.72422766685486
Sobol,41,"[(-100, 100)]",100,1000,100,F132017,35490332.819642775,24.888406991958615
Sobol,41,"[(-100, 100)]",100,1000,100,F142017,136750583.88833517,18.784667015075684
Sobol,40,"[(-100, 100)]",100,1000,100,F282017,2348584443.5534315,251.8015739917755
Sobol,41,"[(-100, 100)]",10,1000,100,F152017,1340.3014209845269,16.788391828536987
HDS,41,"[(-100, 100)]",30,1000,100,F152017,1546.435357124416,31.407951831817627
HDS,41,"[(-100, 100)]",10,1000,100,F172017,,20.06824016571045
HDS,41,"[(-100, 100)]",50,1000,100,F152017,10699.932179718318,36.97323107719421
HDS,41,"[(-100, 100)]",10,1000,100,F162017,1518.177810952933,42.08074498176575
Sobol,41,"[(-100, 100)]",30,1000,100,F152017,2417.7395645625047,30.780864000320435
Sobol,41,"[(-100, 100)]",10,1000,100,F172017,,19.498218059539795
HDS,41,"[(-100, 100)]",100,1000,100,F152017,826371.3380662985,50.93408274650574
HDS,41,"[(-100, 100)]",30,1000,100,F172017,117757.21571025676,19.70266175270081
HDS,41,"[(-100, 100)]",50,1000,100,F172017,809024.4830298319,20.073196172714237
Sobol,41,"[(-100, 100)]",50,1000,100,F152017,15866.719425249652,36.50468373298645
HDS,41,"[(-100, 100)]",30,1000,100,F162017,159877.65184428953,79.16044592857361
Sobol,41,"[(-100, 100)]",30,1000,100,F172017,144304.4081783355,19.44987201690674
Sobol,41,"[(-100, 100)]",10,1000,100,F162017,1497.1853617671568,41.997480392456055
Sobol,41,"[(-100, 100)]",50,1000,100,F172017,1493502.3804788892,20.01797389984131
HDS,41,"[(-100, 100)]",100,1000,100,F172017,14714511.069466287,22.164451122283936
Sobol,41,"[(-100, 100)]",100,1000,100,F152017,120466.43425782424,49.40756320953369
HDS,41,"[(-100, 100)]",10,1000,100,F182017,1807.8144653398008,20.422242164611816
Sobol,41,"[(-100, 100)]",100,1000,100,F172017,14374857.218226409,20.874799013137817
HDS,41,"[(-100, 100)]",50,1000,100,F162017,28357955.30062568,111.25608897209167
Sobol,41,"[(-100, 100)]",10,1000,100,F182017,1808.3639476177675,20.937386751174927
HDS,41,"[(-100, 100)]",30,1000,100,F182017,217288.5701763048,43.78630971908569
HDS,41,"[(-100, 100)]",50,1000,100,F182017,2418652.8063865006,60.10177206993103
HDS,41,"[(-100, 100)]",10,1000,100,F192017,1839.6998614213232,43.78668403625488
Sobol,41,"[(-100, 100)]",30,1000,100,F162017,37965.69094463296,79.21230101585388
Sobol,41,"[(-100, 100)]",30,1000,100,F182017,172246.94346373808,44.51600289344788
HDS,41,"[(-100, 100)]",100,1000,100,F182017,1756623652.410794,98.53998804092409
Sobol,41,"[(-100, 100)]",10,1000,100,F192017,1850.0018968370027,42.68976521492005
HDS,41,"[(-100, 100)]",30,1000,100,F192017,3665.528077324764,80.24033904075623
Sobol,41,"[(-100, 100)]",50,1000,100,F182017,7991507.02860563,59.05155324935913
HDS,41,"[(-100, 100)]",10,1000,100,F202017,2130.244425008023,7.833534002304077
HDS,41,"[(-100, 100)]",100,1000,100,F162017,41384919681.73794,203.03793907165527
Sobol,41,"[(-100, 100)]",10,1000,100,F202017,2132.366867649069,9.21952509880066
Sobol,41,"[(-100, 100)]",50,1000,100,F162017,8709747.549410082,113.1010239124298
HDS,41,"[(-100, 100)]",30,1000,100,F202017,2326.3897054844265,23.672471046447757
HDS,41,"[(-100, 100)]",50,1000,100,F202017,4006.620638269088,23.662535905838013
HDS,41,"[(-100, 100)]",100,1000,100,F202017,18912.190682530945,25.38176798820496
Sobol,41,"[(-100, 100)]",30,1000,100,F202017,2643.1630421007294,22.24872088432312
HDS,41,"[(-100, 100)]",10,1000,100,F212017,2216.1849018454777,2.509230852127075
Sobol,41,"[(-100, 100)]",50,1000,100,F202017,4394.799172114928,23.21633291244507
HDS,41,"[(-100, 100)]",50,1000,100,F192017,2141.7010332390087,118.14848804473876
Sobol,41,"[(-100, 100)]",100,1000,100,F202017,31586.4187471878,24.58692312240601
Sobol,41,"[(-100, 100)]",10,1000,100,F212017,1040.965167603704,27.07061004638672
Sobol,41,"[(-100, 100)]",30,1000,100,F192017,3013.4717242209385,80.15012383460999
HDS,41,"[(-100, 100)]",30,1000,100,F212017,2309.621300640016,27.877828121185303
Sobol,41,"[(-100, 100)]",100,1000,100,F182017,490323782.43609,99.19783091545104
HDS,41,"[(-100, 100)]",10,1000,100,F22017,203.20083839244452,15.216576099395752
HDS,41,"[(-100, 100)]",50,1000,100,F212017,2455.311495146711,28.797572135925293
HDS,41,"[(-100, 100)]",30,1000,100,F22017,22140.476370081004,14.735334157943726
Sobol,41,"[(-100, 100)]",10,1000,100,F22017,200.16284517538045,12.83895206451416
HDS,41,"[(-100, 100)]",100,1000,100,F212017,2831.6667037428338,31.769431829452515
Sobol,41,"[(-100, 100)]",30,1000,100,F212017,2486.266954877416,27.90412402153015
Sobol,41,"[(-100, 100)]",30,1000,100,F22017,26641.17903748029,14.532184839248655
HDS,41,"[(-100, 100)]",50,1000,100,F22017,66382.83318481759,14.875298976898192
Sobol,41,"[(-100, 100)]",50,1000,100,F212017,2538.0941816032278,27.67391586303711
HDS,41,"[(-100, 100)]",100,1000,100,F22017,277038.69580075,16.022924184799194
HDS,41,"[(-100, 100)]",10,1000,100,F222017,2365.3138878098966,9.998357057571411
Sobol,41,"[(-100, 100)]",50,1000,100,F22017,71584.28927010325,14.090331077575684
Sobol,41,"[(-100, 100)]",100,1000,100,F212017,3042.891888155076,29.276082277297974
Sobol,41,"[(-100, 100)]",10,1000,100,F222017,2363.0767443109658,10.183652877807615
Sobol,41,"[(-100, 100)]",100,1000,100,F22017,277500.423662628,14.729650974273682
HDS,41,"[(-100, 100)]",10,1000,100,F232017,2543.3732173898047,9.266642808914185
HDS,41,"[(-100, 100)]",30,1000,100,F222017,3124.553770182252,29.836369276046756
Sobol,41,"[(-100, 100)]",10,1000,100,F232017,2532.6197034702063,9.600234031677246
HDS,41,"[(-100, 100)]",50,1000,100,F222017,12860.11172891148,30.88244128227234
HDS,41,"[(-100, 100)]",30,1000,100,F232017,3106.110855719842,25.154853105545044
HDS,41,"[(-100, 100)]",100,1000,100,F222017,34800.02953701872,34.40155792236328
HDS,41,"[(-100, 100)]",100,1000,100,F192017,4848.188080868276,208.29235100746155
HDS,41,"[(-100, 100)]",50,1000,100,F232017,4558.195157258329,26.56146001815796
Sobol,41,"[(-100, 100)]",30,1000,100,F222017,3099.381871854358,29.791726112365723
Sobol,41,"[(-100, 100)]",50,1000,100,F192017,2665.464764106898,117.88155007362366
Sobol,41,"[(-100, 100)]",30,1000,100,F232017,2752.8416227701755,25.4922308921814
HDS,41,"[(-100, 100)]",10,1000,100,F242017,2913.925171001353,8.243626832962036
Sobol,41,"[(-100, 100)]",50,1000,100,F222017,8237.13012354288,30.66679096221924
Sobol,41,"[(-100, 100)]",10,1000,100,F242017,2892.799929029805,6.674145698547363
Sobol,41,"[(-100, 100)]",100,1000,100,F222017,23147.312489607477,33.8688907623291
Sobol,41,"[(-100, 100)]",100,1000,100,F162017,798477205940.9502,204.9978759288788
Sobol,41,"[(-100, 100)]",50,1000,100,F232017,8176.950553827776,26.491919994354248
HDS,41,"[(-100, 100)]",100,1000,100,F232017,49287.23349405171,29.13257503509521
HDS,41,"[(-100, 100)]",30,1000,100,F242017,2868.0110682708773,26.096925020217896
HDS,41,"[(-100, 100)]",10,1000,100,F252017,2982.8850629592503,15.018455982208252
HDS,41,"[(-100, 100)]",50,1000,100,F242017,4132.552172361624,28.342793941497803
Sobol,41,"[(-100, 100)]",10,1000,100,F252017,2986.8775903700803,13.80768585205078
HDS,41,"[(-100, 100)]",100,1000,100,F242017,6725.239727148908,30.77283787727356
Sobol,41,"[(-100, 100)]",100,1000,100,F232017,58971.25033239198,29.487331867218018
Sobol,41,"[(-100, 100)]",30,1000,100,F242017,2879.3499358578138,28.35821008682251
Sobol,41,"[(-100, 100)]",50,1000,100,F242017,4547.174463576263,28.18021821975708
Sobol,41,"[(-100, 100)]",100,1000,100,F242017,7199.500310171275,30.71118187904358
HDS,41,"[(-100, 100)]",30,1000,100,F252017,3367.737663905883,72.27089095115662
HDS,41,"[(-100, 100)]",10,1000,100,F262017,2297.2794436295444,48.661787271499634
Sobol,41,"[(-100, 100)]",10,1000,100,F262017,3000.7864862997744,13.570388078689575
HDS,41,"[(-100, 100)]",50,1000,100,F252017,5408.252237737588,100.93822312355042
HDS,41,"[(-100, 100)]",10,1000,100,F272017,2803.0251774673347,8.752693891525269
HDS,41,"[(-100, 100)]",30,1000,100,F262017,3216.6053088268736,75.53024888038635
Sobol,41,"[(-100, 100)]",10,1000,100,F272017,2843.367395507816,7.927167892456055
Sobol,41,"[(-100, 100)]",30,1000,100,F252017,3407.274348270166,73.36904311180115
HDS,41,"[(-100, 100)]",50,1000,100,F262017,4000.545019689585,101.7381181716919
HDS,41,"[(-100, 100)]",30,1000,100,F272017,2899.243050087296,49.26774716377258
Sobol,41,"[(-100, 100)]",100,1000,100,F192017,5799.771869693406,208.54249334335327
Sobol,41,"[(-100, 100)]",30,1000,100,F262017,3209.2539523090018,74.34699296951294
HDS,41,"[(-100, 100)]",100,1000,100,F252017,20328.96013609553,168.29386806488037
Sobol,41,"[(-100, 100)]",50,1000,100,F252017,5225.654228964157,99.0134620666504
Sobol,41,"[(-100, 100)]",30,1000,100,F272017,2891.5800255412755,55.28142309188843
HDS,41,"[(-100, 100)]",100,1000,100,F262017,5359.48298489668,169.58596301078796
HDS,41,"[(-100, 100)]",50,1000,100,F272017,3221.3028298886684,93.28318619728088
Sobol,41,"[(-100, 100)]",50,1000,100,F262017,3696.436559659525,99.88475489616394
HDS,41,"[(-100, 100)]",10,1000,100,F282017,4192.413500374765,64.73424816131592
HDS,41,"[(-100, 100)]",30,1000,100,F282017,14291796.51305718,108.12302374839784
Sobol,41,"[(-100, 100)]",10,1000,100,F282017,4234.21490564681,65.06959700584412
Sobol,41,"[(-100, 100)]",50,1000,100,F272017,3252.142417663953,95.78988790512084
HDS,41,"[(-100, 100)]",100,1000,100,F272017,4225.889184435385,163.55930590629578
Sobol,41,"[(-100, 100)]",100,1000,100,F252017,19557.75716536601,166.34628796577454
HDS,41,"[(-100, 100)]",10,1000,100,F292017,,46.1906099319458
HDS,41,"[(-100, 100)]",50,1000,100,F282017,186314102.348086,148.54811191558838
Sobol,41,"[(-100, 100)]",100,1000,100,F262017,5256.354145634808,168.8222577571869
HDS,41,"[(-100, 100)]",30,1000,100,F292017,5868676.624084471,61.678242206573486
Sobol,41,"[(-100, 100)]",10,1000,100,F292017,,45.72282290458679
HDS,41,"[(-100, 100)]",10,1000,100,F32017,302.3903856859273,6.081651926040649
Sobol,41,"[(-100, 100)]",30,1000,100,F282017,27192222.133869942,108.40631318092346
Sobol,41,"[(-100, 100)]",10,1000,100,F32017,303.6264456870694,6.6791932582855225
HDS,41,"[(-100, 100)]",30,1000,100,F32017,373.8624457097051,16.751620769500732
HDS,41,"[(-100, 100)]",50,1000,100,F292017,439896698.0815673,76.64432001113892
HDS,41,"[(-100, 100)]",50,1000,100,F32017,840.9541392225989,15.908236980438232
Sobol,41,"[(-100, 100)]",30,1000,100,F32017,354.0214521523544,16.214301824569702
Sobol,41,"[(-100, 100)]",50,1000,100,F32017,1165.701475891603,15.589521884918211
Sobol,41,"[(-100, 100)]",30,1000,100,F292017,59283127.9945995,61.14559507369995
HDS,41,"[(-100, 100)]",100,1000,100,F32017,4331.435306845685,17.645870685577393
HDS,41,"[(-100, 100)]",10,1000,100,F42017,438.8562472569829,14.6926748752594
HDS,41,"[(-100, 100)]",30,1000,100,F42017,767.8724334788385,14.993549108505247
Sobol,41,"[(-100, 100)]",10,1000,100,F42017,428.74361687778594,14.13772702217102
Sobol,41,"[(-100, 100)]",30,1000,100,F42017,702.3644227956263,14.286899089813232
Sobol,41,"[(-100, 100)]",100,1000,100,F32017,8390.854263820336,16.45440912246704
HDS,41,"[(-100, 100)]",10,1000,100,F52017,500.0033593681757,0.4063389301300049
Sobol,41,"[(-100, 100)]",10,1000,100,F52017,500.005933216123,0.1732139587402343
HDS,41,"[(-100, 100)]",30,1000,100,F52017,500.0376513158871,0.650209903717041
Sobol,41,"[(-100, 100)]",30,1000,100,F52017,500.0522241175839,0.2776639461517334
HDS,41,"[(-100, 100)]",50,1000,100,F52017,500.0440859931683,0.8123378753662109
Sobol,41,"[(-100, 100)]",50,1000,100,F52017,500.083647638887,0.4414489269256592
HDS,41,"[(-100, 100)]",100,1000,100,F52017,500.0869792385917,1.9234650135040283
Sobol,41,"[(-100, 100)]",100,1000,100,F52017,500.1270892340883,0.6697769165039062
Sobol,41,"[(-100, 100)]",100,1000,100,F272017,4584.741754804581,161.72857999801636
HDS,41,"[(-100, 100)]",50,1000,100,F42017,1382.5762253175312,15.290208101272585
HDS,41,"[(-100, 100)]",100,1000,100,F282017,24736250196.597076,254.12221717834475
HDS,41,"[(-100, 100)]",100,1000,100,F42017,36558.44837409533,16.26983904838562
HDS,41,"[(-100, 100)]",10,1000,100,F62017,640.7611446206713,16.028955221176147
HDS,41,"[(-100, 100)]",100,1000,100,F292017,8807414654.453684,116.98501920700072
Sobol,41,"[(-100, 100)]",50,1000,100,F292017,1069243402.1273172,76.41557216644287
Sobol,41,"[(-100, 100)]",50,1000,100,F42017,3013.4140204478167,14.647838830947876
Sobol,41,"[(-100, 100)]",50,1000,100,F282017,371712549.403962,147.01306319236755
HDS,41,"[(-100, 100)]",30,1000,100,F62017,5830.863901169549,16.507821083068848
Sobol,41,"[(-100, 100)]",100,1000,100,F42017,24179.24743796229,15.202993154525757
Sobol,41,"[(-100, 100)]",10,1000,100,F62017,646.6952277239706,16.02457594871521
HDS,41,"[(-100, 100)]",50,1000,100,F62017,184565.72002612063,17.12672472000122
Sobol,41,"[(-100, 100)]",30,1000,100,F62017,1522.6888375054016,16.204567909240723
HDS,41,"[(-100, 100)]",100,1000,100,F62017,1595520.4401716955,18.000887155532837
HDS,41,"[(-100, 100)]",10,1000,100,F72017,734.6631582501843,19.79764294624329
HDS,41,"[(-100, 100)]",30,1000,100,F72017,1142.4909065726483,20.286794900894165
HDS,41,"[(-100, 100)]",50,1000,100,F72017,1555.338313261504,21.583135843276978
Sobol,41,"[(-100, 100)]",50,1000,100,F62017,30978.191141902545,16.213454008102417
HDS,41,"[(-100, 100)]",10,1000,100,F82017,802.0497361176646,0.7430169582366943
Sobol,41,"[(-100, 100)]",10,1000,100,F82017,800.9170764868285,0.8216068744659424
Sobol,41,"[(-100, 100)]",100,1000,100,F62017,679993.482034691,16.72078013420105
HDS,41,"[(-100, 100)]",30,1000,100,F82017,811.4059461759654,5.632657051086426
HDS,41,"[(-100, 100)]",100,1000,100,F72017,3300.757190450486,22.04638385772705
Sobol,41,"[(-100, 100)]",10,1000,100,F72017,731.4145299434413,19.85008835792541
Sobol,41,"[(-100, 100)]",30,1000,100,F72017,1165.7818477454075,19.807101011276245
Sobol,41,"[(-100, 100)]",30,1000,100,F82017,807.4928129303145,4.229388952255249
HDS,41,"[(-100, 100)]",50,1000,100,F82017,814.7366704194488,9.843687295913696
Sobol,41,"[(-100, 100)]",50,1000,100,F72017,1697.7524095232936,21.31982731819153
Sobol,41,"[(-100, 100)]",50,1000,100,F82017,818.442693781876,7.934706926345825
HDS,41,"[(-100, 100)]",100,1000,100,F82017,897.2379478564441,18.40731191635132
Sobol,41,"[(-100, 100)]",100,1000,100,F72017,3162.3793549148977,21.294241189956665
HDS,41,"[(-100, 100)]",10,1000,100,F92017,-897.3964880251178,20.224741220474243
HDS,41,"[(-100, 100)]",30,1000,100,F92017,2655.9902931839897,20.58368158340454
HDS,41,"[(-100, 100)]",50,1000,100,F92017,9623.11970772218,21.219066858291622
HDS,41,"[(-100, 100)]",100,1000,100,F92017,25999.942435761503,22.98224401473999
Sobol,41,"[(-100, 100)]",100,1000,100,F82017,868.9339029259336,17.228307962417603
HDS,42,"[(-100, 100)]",10,1000,100,F102017,1079.094481822984,17.388108015060425
Sobol,41,"[(-100, 100)]",10,1000,100,F92017,-479.4409122256839,19.778053998947144
Sobol,41,"[(-100, 100)]",30,1000,100,F92017,2805.864137810888,20.252739191055294
Sobol,41,"[(-100, 100)]",50,1000,100,F92017,9412.294533156895,20.52293825149536
HDS,42,"[(-100, 100)]",30,1000,100,F102017,77746.75927918943,17.951360940933228
Sobol,42,"[(-100, 100)]",10,1000,100,F102017,1093.3127885637375,17.71301031112671
Sobol,41,"[(-100, 100)]",100,1000,100,F92017,23897.142845814124,22.330883026123047
HDS,42,"[(-100, 100)]",50,1000,100,F102017,178604.89199205174,18.23527193069458
HDS,42,"[(-100, 100)]",100,1000,100,F102017,1984039.7500107312,19.786139011383057
Sobol,42,"[(-100, 100)]",30,1000,100,F102017,78399.96662828089,17.46051001548767
Sobol,41,"[(-100, 100)]",100,1000,100,F292017,5652345056.139868,116.28290915489195
HDS,42,"[(-100, 100)]",10,1000,100,F112017,222073.91713429123,22.07676124572754
HDS,42,"[(-100, 100)]",30,1000,100,F112017,24056513.40300419,21.43020391464233
Sobol,42,"[(-100, 100)]",50,1000,100,F102017,213433.3525234789,17.33719277381897
HDS,42,"[(-100, 100)]",50,1000,100,F112017,204431836.1578164,22.316198110580444
Sobol,42,"[(-100, 100)]",100,1000,100,F102017,2323942.9971893905,18.12303733825684
HDS,42,"[(-100, 100)]",10,1000,100,F12017,35844.38739988474,13.895397901535034
HDS,42,"[(-100, 100)]",30,1000,100,F12017,38803657.420838445,13.913294792175291
HDS,42,"[(-100, 100)]",100,1000,100,F112017,5132904578.544022,23.166100025177
HDS,42,"[(-100, 100)]",50,1000,100,F12017,3963647346.2197824,14.453341007232666
Sobol,42,"[(-100, 100)]",10,1000,100,F112017,80007.46479701452,20.99864172935486
Sobol,42,"[(-100, 100)]",30,1000,100,F112017,44110559.2321715,21.602107286453247
Sobol,42,"[(-100, 100)]",10,1000,100,F12017,49943.50423366994,13.572362184524536
Sobol,42,"[(-100, 100)]",50,1000,100,F112017,117929150.2143549,21.59661293029785
Sobol,42,"[(-100, 100)]",30,1000,100,F12017,14222639.588040726,13.848968267440796
Sobol,42,"[(-100, 100)]",50,1000,100,F12017,1548734014.583907,13.71854329109192
HDS,42,"[(-100, 100)]",100,1000,100,F12017,23582953627.18497,15.172169923782349
Sobol,42,"[(-100, 100)]",100,1000,100,F112017,4366851947.41789,22.18113803863525
HDS,42,"[(-100, 100)]",10,1000,100,F122017,1911.3167246323665,18.599966049194336
HDS,42,"[(-100, 100)]",30,1000,100,F122017,278964.9625310321,18.88346600532532
HDS,42,"[(-100, 100)]",50,1000,100,F122017,32819649.200032435,19.300806999206543
Sobol,42,"[(-100, 100)]",100,1000,100,F12017,24336721868.39324,14.499014139175417
HDS,42,"[(-100, 100)]",100,1000,100,F122017,3591473485.3980923,20.70859789848328
HDS,42,"[(-100, 100)]",10,1000,100,F132017,1349.9537106642813,18.4980788230896
Sobol,42,"[(-100, 100)]",10,1000,100,F122017,1366.6798096934867,17.769203186035156
HDS,42,"[(-100, 100)]",30,1000,100,F132017,256075.55894568333,19.384570837020878
Sobol,42,"[(-100, 100)]",30,1000,100,F122017,1951727.1214295884,18.10553526878357
Sobol,42,"[(-100, 100)]",50,1000,100,F122017,85400888.79630417,18.17912983894348
Sobol,42,"[(-100, 100)]",100,1000,100,F122017,4778760548.657664,18.73436117172241
Sobol,42,"[(-100, 100)]",10,1000,100,F132017,1377.5903251802174,17.89387583732605
HDS,42,"[(-100, 100)]",50,1000,100,F132017,1473216.38104803,20.991297006607056
HDS,42,"[(-100, 100)]",10,1000,100,F142017,2279.090836076174,18.489203214645386
Sobol,42,"[(-100, 100)]",30,1000,100,F132017,416839.2684330125,19.68357491493225
HDS,42,"[(-100, 100)]",30,1000,100,F142017,9115703.114273217,18.894047021865845
HDS,42,"[(-100, 100)]",100,1000,100,F132017,24034508.94592884,25.14979314804077
HDS,42,"[(-100, 100)]",50,1000,100,F142017,12236388.722827902,19.0842080116272
HDS,42,"[(-100, 100)]",100,1000,100,F142017,431703167.8384848,20.27248907089233
Sobol,42,"[(-100, 100)]",50,1000,100,F132017,2296937.5400694977,20.746570110321045
HDS,42,"[(-100, 100)]",10,1000,100,F152017,1338.5714004293154,13.918901920318604
Sobol,42,"[(-100, 100)]",10,1000,100,F142017,1730.9596155186002,17.82044792175293
Sobol,42,"[(-100, 100)]",30,1000,100,F142017,618556.912498691,18.244691848754883
Sobol,42,"[(-100, 100)]",50,1000,100,F142017,9744582.661301378,18.09608507156372
Sobol,42,"[(-100, 100)]",100,1000,100,F132017,57321542.76741049,23.81452703475952
Sobol,42,"[(-100, 100)]",100,1000,100,F142017,268594943.13156825,20.97661399841309
Sobol,42,"[(-100, 100)]",10,1000,100,F152017,1349.1177606705162,23.4367151260376
Sobol,41,"[(-100, 100)]",100,1000,100,F282017,15670576160.414265,250.37580180168152
HDS,42,"[(-100, 100)]",30,1000,100,F152017,2438.509033521065,31.528966188430783
HDS,42,"[(-100, 100)]",50,1000,100,F152017,19537.33475279319,37.40110516548157
HDS,42,"[(-100, 100)]",10,1000,100,F172017,,20.24013900756836
HDS,42,"[(-100, 100)]",10,1000,100,F162017,1664.0237941594005,42.99334120750427
HDS,42,"[(-100, 100)]",100,1000,100,F152017,67508.63170502623,51.16925621032715
Sobol,42,"[(-100, 100)]",30,1000,100,F152017,4367.373099223816,30.82039594650269
Sobol,42,"[(-100, 100)]",10,1000,100,F172017,,19.85519909858704
Sobol,42,"[(-100, 100)]",50,1000,100,F152017,25429.441983358756,35.861672163009644
HDS,42,"[(-100, 100)]",30,1000,100,F172017,157775.47921004318,19.672237873077396
HDS,42,"[(-100, 100)]",50,1000,100,F172017,1153099.423157229,20.12453413009644
HDS,42,"[(-100, 100)]",30,1000,100,F162017,175101.24047566002,78.28006887435913
Sobol,42,"[(-100, 100)]",10,1000,100,F162017,1513.2297110866884,42.25094771385193
HDS,42,"[(-100, 100)]",100,1000,100,F172017,10738581.568011597,21.45692491531372
Sobol,42,"[(-100, 100)]",30,1000,100,F172017,106566.91544226636,19.396069288253784
Sobol,42,"[(-100, 100)]",50,1000,100,F172017,1495833.5059118196,19.810165643692017
Sobol,42,"[(-100, 100)]",100,1000,100,F152017,119729.56886523216,49.534919023513794
HDS,42,"[(-100, 100)]",10,1000,100,F182017,1806.4186774926443,17.61930823326111
Sobol,42,"[(-100, 100)]",100,1000,100,F172017,10426862.581119426,20.182095050811768
HDS,42,"[(-100, 100)]",50,1000,100,F162017,19513205.55685934,113.70423102378844
Sobol,42,"[(-100, 100)]",10,1000,100,F182017,1807.7455231796584,19.16304922103882
HDS,42,"[(-100, 100)]",30,1000,100,F182017,430735.6019956261,43.94610404968262
HDS,42,"[(-100, 100)]",10,1000,100,F192017,1812.4075135984524,43.44782280921936
HDS,42,"[(-100, 100)]",50,1000,100,F182017,1054100.031607265,60.370428800582886
Sobol,42,"[(-100, 100)]",30,1000,100,F162017,92788.05513572466,77.22318387031555
Sobol,42,"[(-100, 100)]",30,1000,100,F182017,227112.33476207836,44.89543914794922
Sobol,42,"[(-100, 100)]",10,1000,100,F192017,1835.1980524523324,41.9253511428833
HDS,42,"[(-100, 100)]",100,1000,100,F182017,2630125460.1514454,98.06394600868224
HDS,42,"[(-100, 100)]",10,1000,100,F202017,2120.663509727934,8.784746170043945
HDS,42,"[(-100, 100)]",30,1000,100,F192017,3080.310675391728,79.64605402946472
Sobol,42,"[(-100, 100)]",10,1000,100,F202017,2133.3851258555314,8.482903718948364
HDS,42,"[(-100, 100)]",100,1000,100,F162017,19821380168.67009,201.72665119171145
Sobol,42,"[(-100, 100)]",50,1000,100,F182017,1506429.198224601,59.61323761940002
HDS,42,"[(-100, 100)]",30,1000,100,F202017,2215.7434565682447,23.43910121917725
Sobol,42,"[(-100, 100)]",50,1000,100,F162017,52491542.48376526,113.84273386001588
HDS,42,"[(-100, 100)]",50,1000,100,F202017,5911.0234090703925,23.07217788696289
Sobol,42,"[(-100, 100)]",30,1000,100,F202017,2503.3453085073,23.460869312286377
HDS,42,"[(-100, 100)]",100,1000,100,F202017,27254.95379284244,25.26797103881836
HDS,42,"[(-100, 100)]",10,1000,100,F212017,2215.410048011542,3.385688066482544
Sobol,42,"[(-100, 100)]",50,1000,100,F202017,3966.9086562780585,23.286705017089844
HDS,42,"[(-100, 100)]",50,1000,100,F192017,2626.723443828465,115.27847504615784
Sobol,42,"[(-100, 100)]",30,1000,100,F192017,2846.626604518716,79.03364396095276
Sobol,42,"[(-100, 100)]",100,1000,100,F202017,64356.98803137435,24.55373501777649
Sobol,42,"[(-100, 100)]",10,1000,100,F212017,1658.0039496748027,27.87737774848938
HDS,42,"[(-100, 100)]",30,1000,100,F212017,2320.7468054058813,27.75272798538208
Sobol,42,"[(-100, 100)]",100,1000,100,F182017,453846472.076199,97.41306591033936
HDS,42,"[(-100, 100)]",10,1000,100,F22017,203.90479105909043,15.489677906036375
HDS,42,"[(-100, 100)]",30,1000,100,F22017,18202.110182975743,14.596746921539308
HDS,42,"[(-100, 100)]",50,1000,100,F212017,2523.942424099633,28.35177779197693
HDS,42,"[(-100, 100)]",100,1000,100,F212017,3230.47257566312,30.891683101654053
Sobol,42,"[(-100, 100)]",30,1000,100,F212017,2304.9449806286257,27.409017086029053
Sobol,42,"[(-100, 100)]",10,1000,100,F22017,200.61011305145587,15.642022848129272
Sobol,42,"[(-100, 100)]",30,1000,100,F22017,20506.23897868891,14.611476182937622
HDS,42,"[(-100, 100)]",10,1000,100,F222017,2352.8407573314075,10.747663021087646
HDS,42,"[(-100, 100)]",50,1000,100,F22017,82772.4911728218,14.621145009994509
HDS,42,"[(-100, 100)]",100,1000,100,F22017,286439.2835231477,15.757538080215454
Sobol,42,"[(-100, 100)]",50,1000,100,F212017,2461.7336673424893,27.83195996284485
Sobol,42,"[(-100, 100)]",10,1000,100,F222017,2377.9890669321608,12.914973974227903
Sobol,42,"[(-100, 100)]",100,1000,100,F212017,3132.9184751266685,29.33562183380127
Sobol,42,"[(-100, 100)]",50,1000,100,F22017,86278.31255386373,14.236878871917725
Sobol,42,"[(-100, 100)]",100,1000,100,F22017,308216.5103293669,15.167356014251707
HDS,42,"[(-100, 100)]",10,1000,100,F232017,2666.724192383748,10.179196834564207
Sobol,42,"[(-100, 100)]",10,1000,100,F232017,2543.609230084831,10.979286193847656
HDS,42,"[(-100, 100)]",30,1000,100,F222017,2798.20737843435,29.81798100471497
HDS,42,"[(-100, 100)]",50,1000,100,F222017,7814.529469855764,30.296018362045288
HDS,42,"[(-100, 100)]",30,1000,100,F232017,3051.4939565808536,26.02437400817871
HDS,42,"[(-100, 100)]",100,1000,100,F222017,24890.46617618488,34.03288292884827
HDS,42,"[(-100, 100)]",100,1000,100,F192017,5228.283733950122,207.5068609714508
Sobol,42,"[(-100, 100)]",50,1000,100,F192017,2840.708754572368,114.47216796875
HDS,42,"[(-100, 100)]",50,1000,100,F232017,8145.865305488075,25.70527482032776
Sobol,42,"[(-100, 100)]",30,1000,100,F222017,2753.18046461053,29.640470027923584
Sobol,42,"[(-100, 100)]",30,1000,100,F232017,2934.451980113578,25.63134217262268
Sobol,42,"[(-100, 100)]",50,1000,100,F222017,8088.400402889711,29.98491477966309
HDS,42,"[(-100, 100)]",10,1000,100,F242017,2916.2609459799705,8.073385953903198
Sobol,42,"[(-100, 100)]",100,1000,100,F222017,27347.46161092624,32.96142888069153
Sobol,42,"[(-100, 100)]",100,1000,100,F162017,361625326656.304,199.155797958374
HDS,42,"[(-100, 100)]",100,1000,100,F232017,39568.64218509417,28.03371000289917
Sobol,42,"[(-100, 100)]",10,1000,100,F242017,2888.155933679022,10.286878824234009
Sobol,42,"[(-100, 100)]",50,1000,100,F232017,7458.746991149833,25.047191858291622
HDS,42,"[(-100, 100)]",10,1000,100,F252017,2975.6336545140225,13.9098539352417
HDS,42,"[(-100, 100)]",30,1000,100,F242017,2903.820886675647,26.88647699356079
HDS,42,"[(-100, 100)]",50,1000,100,F242017,4542.725044393463,28.154223918914795
Sobol,42,"[(-100, 100)]",10,1000,100,F252017,2974.943580371984,12.83668613433838
HDS,42,"[(-100, 100)]",100,1000,100,F242017,8299.468049815752,31.341402053833008
Sobol,42,"[(-100, 100)]",100,1000,100,F232017,33816.99207290396,28.12504911422729
HDS,42,"[(-100, 100)]",10,1000,100,F262017,3006.614863170569,9.364019870758057
Sobol,42,"[(-100, 100)]",30,1000,100,F242017,2874.1090949655604,28.602306127548218
Sobol,42,"[(-100, 100)]",50,1000,100,F242017,4555.517239480974,28.052822828292847
Sobol,42,"[(-100, 100)]",10,1000,100,F262017,2998.745124555204,10.85890507698059
Sobol,42,"[(-100, 100)]",100,1000,100,F242017,6940.232875682736,29.497007846832275
HDS,42,"[(-100, 100)]",10,1000,100,F272017,2818.525397099608,8.848605871200562
HDS,42,"[(-100, 100)]",30,1000,100,F252017,3397.9351040050287,64.42416787147522
Sobol,42,"[(-100, 100)]",10,1000,100,F272017,2829.4283913208683,9.747359037399292
HDS,42,"[(-100, 100)]",50,1000,100,F252017,5191.195948529296,100.6864161491394
HDS,42,"[(-100, 100)]",30,1000,100,F262017,3192.805913912345,76.40691590309143
HDS,42,"[(-100, 100)]",30,1000,100,F272017,2900.844091263363,48.68796014785767
Sobol,42,"[(-100, 100)]",30,1000,100,F252017,3396.2153579013225,69.06981611251831
HDS,42,"[(-100, 100)]",50,1000,100,F262017,3632.1423040678255,102.92073607444765
Sobol,42,"[(-100, 100)]",100,1000,100,F192017,3692.226687183844,208.952253818512
Sobol,42,"[(-100, 100)]",30,1000,100,F272017,2884.871241894203,68.50290203094482
HDS,42,"[(-100, 100)]",100,1000,100,F252017,18992.70920272291,169.19864201545715
Sobol,42,"[(-100, 100)]",30,1000,100,F262017,3229.649033723096,75.37232899665833
Sobol,42,"[(-100, 100)]",50,1000,100,F252017,4897.103765142121,100.6171100139618
HDS,42,"[(-100, 100)]",100,1000,100,F262017,5036.043398676833,170.3638641834259
HDS,42,"[(-100, 100)]",50,1000,100,F272017,3247.784184736281,96.19195699691772
Sobol,42,"[(-100, 100)]",50,1000,100,F262017,3707.619166357914,100.44922494888306
HDS,42,"[(-100, 100)]",10,1000,100,F282017,4105.934377302959,64.06721591949463
HDS,42,"[(-100, 100)]",30,1000,100,F282017,8834262.87846171,106.53101110458374
Sobol,42,"[(-100, 100)]",50,1000,100,F272017,3251.4459262282207,89.24464297294617
Sobol,42,"[(-100, 100)]",10,1000,100,F282017,4154.558484380492,64.06532788276672
HDS,42,"[(-100, 100)]",100,1000,100,F272017,4895.700382080225,162.4021611213684
HDS,42,"[(-100, 100)]",50,1000,100,F282017,324096354.1455229,149.0498321056366
Sobol,42,"[(-100, 100)]",100,1000,100,F252017,25016.15598702884,166.10684180259705
HDS,42,"[(-100, 100)]",10,1000,100,F292017,,46.35802602767944
HDS,42,"[(-100, 100)]",30,1000,100,F292017,25602741.64912353,61.45450687408447
Sobol,42,"[(-100, 100)]",100,1000,100,F262017,5378.001940344176,167.87570977211
Sobol,42,"[(-100, 100)]",30,1000,100,F282017,116366232.08812772,107.80787563323976
Sobol,42,"[(-100, 100)]",10,1000,100,F292017,,45.97011208534241
HDS,42,"[(-100, 100)]",10,1000,100,F32017,307.58159133682705,6.830538988113403
Sobol,42,"[(-100, 100)]",10,1000,100,F32017,303.3862754650652,6.993645668029785
HDS,42,"[(-100, 100)]",30,1000,100,F32017,383.64265036521454,15.909874200820925
HDS,42,"[(-100, 100)]",50,1000,100,F292017,1127764445.4164257,78.1805260181427
HDS,42,"[(-100, 100)]",50,1000,100,F32017,932.1919712184304,15.876031875610352
Sobol,42,"[(-100, 100)]",30,1000,100,F292017,35044620.95967974,60.95732617378235
Sobol,42,"[(-100, 100)]",30,1000,100,F32017,446.38876528462697,14.95515203475952
Sobol,42,"[(-100, 100)]",50,1000,100,F32017,961.3891570990332,15.838054180145264
HDS,42,"[(-100, 100)]",10,1000,100,F42017,440.9995187403848,15.371759176254272
HDS,42,"[(-100, 100)]",100,1000,100,F32017,8306.698973808234,17.557590007781982
HDS,42,"[(-100, 100)]",30,1000,100,F42017,681.5266314617759,14.88970398902893
Sobol,42,"[(-100, 100)]",10,1000,100,F42017,431.23908278080125,14.081784009933472
Sobol,42,"[(-100, 100)]",100,1000,100,F32017,5537.058321115541,15.523868799209597
Sobol,42,"[(-100, 100)]",30,1000,100,F42017,700.0366619247677,14.283444881439207
HDS,42,"[(-100, 100)]",10,1000,100,F52017,500.0030248701015,0.3866939544677734
Sobol,42,"[(-100, 100)]",10,1000,100,F52017,500.0072431823663,0.1987709999084472
HDS,42,"[(-100, 100)]",30,1000,100,F52017,500.061813307458,0.6007571220397949
Sobol,42,"[(-100, 100)]",30,1000,100,F52017,500.08023790504177,0.3340299129486084
HDS,42,"[(-100, 100)]",50,1000,100,F52017,500.0700906145676,0.8701190948486328
Sobol,42,"[(-100, 100)]",50,1000,100,F52017,500.0855010039256,0.4266250133514404
HDS,42,"[(-100, 100)]",100,1000,100,F52017,500.08224790418194,2.091859817504883
HDS,42,"[(-100, 100)]",50,1000,100,F42017,1579.8101902460728,15.525409936904907
Sobol,42,"[(-100, 100)]",100,1000,100,F52017,500.1452565024583,0.6947839260101318
HDS,42,"[(-100, 100)]",100,1000,100,F42017,48082.98389565019,16.70146608352661
Sobol,42,"[(-100, 100)]",50,1000,100,F282017,158175000.23862407,150.0113878250122
HDS,42,"[(-100, 100)]",100,1000,100,F282017,8683235269.582058,254.32255482673645
Sobol,42,"[(-100, 100)]",100,1000,100,F272017,4922.311527715665,162.06051898002625
Sobol,42,"[(-100, 100)]",50,1000,100,F42017,1704.0749674827807,14.832114219665527
HDS,42,"[(-100, 100)]",100,1000,100,F292017,11995228566.517994,117.07351803779602
HDS,42,"[(-100, 100)]",10,1000,100,F62017,645.2287055995561,16.33713698387146
Sobol,42,"[(-100, 100)]",100,1000,100,F42017,31664.477594688437,14.988305807113647
Sobol,42,"[(-100, 100)]",50,1000,100,F292017,2006788797.3819475,77.65416073799133
HDS,42,"[(-100, 100)]",30,1000,100,F62017,3187.836658764306,16.451071977615356
HDS,42,"[(-100, 100)]",50,1000,100,F62017,60620.986772625445,17.94932794570923
HDS,42,"[(-100, 100)]",100,1000,100,F62017,845521.987706974,18.33373737335205
Sobol,42,"[(-100, 100)]",10,1000,100,F62017,651.0242381234234,16.552086114883423
HDS,42,"[(-100, 100)]",10,1000,100,F72017,730.3399967668395,20.914949893951416
Sobol,42,"[(-100, 100)]",30,1000,100,F62017,5434.38590908267,17.272928953170776
HDS,42,"[(-100, 100)]",30,1000,100,F72017,1077.3233594388353,21.968825101852417
Sobol,42,"[(-100, 100)]",50,1000,100,F62017,28068.49774045813,18.13232684135437
Sobol,42,"[(-100, 100)]",100,1000,100,F62017,641250.7816125518,17.99662494659424
HDS,42,"[(-100, 100)]",10,1000,100,F82017,802.4928320589918,0.9008681774139404
Sobol,42,"[(-100, 100)]",10,1000,100,F82017,802.1166839295622,0.7125749588012695
HDS,42,"[(-100, 100)]",30,1000,100,F82017,808.7809466567218,3.096417188644409
HDS,42,"[(-100, 100)]",50,1000,100,F72017,1622.5100430391694,21.330509185791016
Sobol,42,"[(-100, 100)]",30,1000,100,F82017,807.8546966487244,4.3989739418029785
Sobol,42,"[(-100, 100)]",10,1000,100,F72017,730.1427091359305,19.907938241958615
HDS,42,"[(-100, 100)]",50,1000,100,F82017,817.4164829847285,11.665250062942505
HDS,42,"[(-100, 100)]",100,1000,100,F72017,3094.9146616084718,22.342164039611816
Sobol,42,"[(-100, 100)]",30,1000,100,F72017,1102.859914800909,20.688642978668213
Sobol,42,"[(-100, 100)]",50,1000,100,F72017,1756.025243027937,20.39069104194641
HDS,42,"[(-100, 100)]",100,1000,100,F82017,909.625965630893,17.958662033081055
Sobol,42,"[(-100, 100)]",50,1000,100,F82017,818.7379450310063,16.12096881866455
HDS,42,"[(-100, 100)]",10,1000,100,F92017,-1092.3202451953312,19.68522596359253
HDS,42,"[(-100, 100)]",30,1000,100,F92017,3792.439754628516,20.395956993103027
Sobol,42,"[(-100, 100)]",100,1000,100,F72017,3372.6814711044244,20.928157806396484
Sobol,42,"[(-100, 100)]",100,1000,100,F82017,862.0884851474339,16.934372901916504
HDS,42,"[(-100, 100)]",50,1000,100,F92017,9711.753915060362,21.057929039001465
Sobol,42,"[(-100, 100)]",10,1000,100,F92017,-1188.8505259566657,19.20329022407532
HDS,42,"[(-100, 100)]",100,1000,100,F92017,24218.267784801905,23.568599939346317
HDS,43,"[(-100, 100)]",10,1000,100,F102017,1042.0406075945034,17.332808017730713
Sobol,42,"[(-100, 100)]",30,1000,100,F92017,2688.921455331538,20.31868314743042
HDS,43,"[(-100, 100)]",30,1000,100,F102017,85491.52266398593,17.514591932296753
Sobol,42,"[(-100, 100)]",50,1000,100,F92017,9880.411917696352,20.594191074371334
HDS,43,"[(-100, 100)]",50,1000,100,F102017,257062.1475061332,17.571759939193726
Sobol,43,"[(-100, 100)]",10,1000,100,F102017,1047.1051376240923,17.388664960861206
Sobol,42,"[(-100, 100)]",100,1000,100,F92017,24351.79033403508,22.565825939178467
Sobol,43,"[(-100, 100)]",30,1000,100,F102017,99852.7947613322,17.610652923583984
HDS,43,"[(-100, 100)]",100,1000,100,F102017,970471.3291804516,20.19916605949402
Sobol,42,"[(-100, 100)]",100,1000,100,F292017,9039409585.165424,116.44299077987672
Sobol,43,"[(-100, 100)]",50,1000,100,F102017,391607.4892972061,18.33335518836975
HDS,43,"[(-100, 100)]",10,1000,100,F112017,267650.07883495075,22.53237509727478
HDS,43,"[(-100, 100)]",10,1000,100,F12017,9362.78052861654,14.221288204193115
HDS,43,"[(-100, 100)]",30,1000,100,F112017,82539715.40457702,22.407489776611328
HDS,43,"[(-100, 100)]",50,1000,100,F112017,232079218.6912961,22.977035999298096
HDS,43,"[(-100, 100)]",30,1000,100,F12017,41161472.8601001,14.096266984939575
Sobol,43,"[(-100, 100)]",100,1000,100,F102017,3651505.1358618857,19.166093111038208
HDS,43,"[(-100, 100)]",100,1000,100,F112017,4371244465.340074,24.002944946289062
Sobol,43,"[(-100, 100)]",10,1000,100,F112017,385314.1580722376,21.22478175163269
Sobol,43,"[(-100, 100)]",10,1000,100,F12017,26753.80657514761,13.44500494003296
Sobol,43,"[(-100, 100)]",30,1000,100,F12017,103715003.80082996,13.7719407081604
HDS,43,"[(-100, 100)]",50,1000,100,F12017,1594701031.577497,14.186110973358154
Sobol,43,"[(-100, 100)]",30,1000,100,F112017,94937747.04198764,21.990288019180294
Sobol,43,"[(-100, 100)]",50,1000,100,F112017,404045538.8571478,21.85231304168701
Sobol,43,"[(-100, 100)]",100,1000,100,F112017,3928375034.3853216,23.061232805252075
HDS,43,"[(-100, 100)]",100,1000,100,F12017,26852043625.134224,15.990996837615969
Sobol,43,"[(-100, 100)]",50,1000,100,F12017,466163593.11196107,14.230291843414308
HDS,43,"[(-100, 100)]",10,1000,100,F122017,1340.5319302446576,19.078582048416138
HDS,43,"[(-100, 100)]",30,1000,100,F122017,226339.0657921815,18.74175477027893
HDS,43,"[(-100, 100)]",50,1000,100,F122017,18487494.46283512,18.914855241775516
Sobol,43,"[(-100, 100)]",100,1000,100,F12017,87031212344.05692,14.28066110610962
HDS,43,"[(-100, 100)]",100,1000,100,F122017,2645175551.5716004,20.125837087631226
HDS,43,"[(-100, 100)]",10,1000,100,F132017,1384.835275189634,18.79421377182007
Sobol,43,"[(-100, 100)]",10,1000,100,F122017,2114.701738188527,18.49233913421631
HDS,43,"[(-100, 100)]",30,1000,100,F132017,519054.4475662087,19.86397075653076
Sobol,43,"[(-100, 100)]",30,1000,100,F122017,1587516.6548915056,18.94699788093567
Sobol,43,"[(-100, 100)]",50,1000,100,F122017,17432836.452882476,18.99968099594116
Sobol,43,"[(-100, 100)]",100,1000,100,F122017,12615324524.277002,19.59701895713806
Sobol,43,"[(-100, 100)]",10,1000,100,F132017,1372.6823353252355,18.13435292243957
HDS,43,"[(-100, 100)]",50,1000,100,F132017,2126182.195482768,22.37355780601501
Sobol,43,"[(-100, 100)]",30,1000,100,F132017,251354.79782894952,19.506128311157227
HDS,43,"[(-100, 100)]",10,1000,100,F142017,1522.391375885246,18.32642197608948
HDS,43,"[(-100, 100)]",100,1000,100,F132017,23031289.727327928,25.18070197105408
HDS,43,"[(-100, 100)]",30,1000,100,F142017,540490.0847180312,18.41623091697693
HDS,43,"[(-100, 100)]",50,1000,100,F142017,3347866.608057436,18.818734645843502
HDS,43,"[(-100, 100)]",100,1000,100,F142017,473610595.7562468,20.078208923339844
Sobol,43,"[(-100, 100)]",50,1000,100,F132017,1822785.415824771,20.81015682220459
HDS,43,"[(-100, 100)]",10,1000,100,F152017,1337.3695907460558,16.403059005737305
Sobol,43,"[(-100, 100)]",10,1000,100,F142017,2295.173623075856,17.929471015930176
Sobol,43,"[(-100, 100)]",30,1000,100,F142017,1355094.2098873998,18.364331007003784
Sobol,43,"[(-100, 100)]",100,1000,100,F132017,30701456.17931576,23.89469003677368
Sobol,43,"[(-100, 100)]",50,1000,100,F142017,4717618.5406732,18.03252220153809
Sobol,43,"[(-100, 100)]",10,1000,100,F152017,1338.601885506654,14.318838119506836
Sobol,43,"[(-100, 100)]",100,1000,100,F142017,294053201.15764296,18.62023019790649
HDS,43,"[(-100, 100)]",30,1000,100,F152017,1701.6653542310626,31.252033948898315
Sobol,42,"[(-100, 100)]",100,1000,100,F282017,24129287992.3141,251.90411806106567
HDS,43,"[(-100, 100)]",50,1000,100,F152017,8985.408421442853,37.25978899002075
HDS,43,"[(-100, 100)]",10,1000,100,F172017,,19.771499156951904
HDS,43,"[(-100, 100)]",10,1000,100,F162017,1471.7109715222682,42.73823499679565
HDS,43,"[(-100, 100)]",100,1000,100,F152017,254223.36236488356,50.43441915512085
Sobol,43,"[(-100, 100)]",30,1000,100,F152017,1279.6717789960403,31.063292026519772
Sobol,43,"[(-100, 100)]",10,1000,100,F172017,,20.48585605621338
Sobol,43,"[(-100, 100)]",50,1000,100,F152017,6766.390366160596,36.16889905929565
HDS,43,"[(-100, 100)]",30,1000,100,F172017,68043.79008002917,21.21804189682007
HDS,43,"[(-100, 100)]",30,1000,100,F162017,44639.283245482,78.81908679008484
HDS,43,"[(-100, 100)]",50,1000,100,F172017,1183196.5740478362,21.070538997650143
HDS,43,"[(-100, 100)]",100,1000,100,F172017,13081528.092830269,21.980000972747803
Sobol,43,"[(-100, 100)]",10,1000,100,F162017,1860.7268737659208,42.86907172203064
Sobol,43,"[(-100, 100)]",30,1000,100,F172017,130103.30843963858,19.785973072052
Sobol,43,"[(-100, 100)]",100,1000,100,F152017,476031.0210181139,50.13733100891113
Sobol,43,"[(-100, 100)]",50,1000,100,F172017,1139703.713969917,19.870555877685547
HDS,43,"[(-100, 100)]",10,1000,100,F182017,1806.742069286746,18.441859006881717
Sobol,43,"[(-100, 100)]",100,1000,100,F172017,19198639.14175155,20.232115030288696
HDS,43,"[(-100, 100)]",50,1000,100,F162017,450933963.3949841,112.7941620349884
Sobol,43,"[(-100, 100)]",10,1000,100,F182017,1808.7113659038112,20.56500506401062
HDS,43,"[(-100, 100)]",30,1000,100,F182017,188857.44654059823,44.19112586975098
HDS,43,"[(-100, 100)]",10,1000,100,F192017,1850.2861223451523,41.71834182739258
Sobol,43,"[(-100, 100)]",30,1000,100,F162017,58001.76658223952,77.2913830280304
HDS,43,"[(-100, 100)]",50,1000,100,F182017,6118689.394519226,59.20304012298584
Sobol,43,"[(-100, 100)]",30,1000,100,F182017,1239005.845310212,44.15742301940918
Sobol,43,"[(-100, 100)]",10,1000,100,F192017,1837.7884758957205,42.92902302742005
HDS,43,"[(-100, 100)]",10,1000,100,F202017,2127.451159659575,7.250765800476074
HDS,43,"[(-100, 100)]",100,1000,100,F182017,1440337348.5213487,97.8975841999054
HDS,43,"[(-100, 100)]",30,1000,100,F192017,1973.26349987234,78.28943824768066
Sobol,43,"[(-100, 100)]",10,1000,100,F202017,2135.4647275607704,9.075316905975342
HDS,43,"[(-100, 100)]",100,1000,100,F162017,1549862612846.5383,205.33823800086972
Sobol,43,"[(-100, 100)]",50,1000,100,F182017,9125622.206940152,59.97902202606201
Sobol,43,"[(-100, 100)]",50,1000,100,F162017,495740204.6397058,112.24741005897522
HDS,43,"[(-100, 100)]",30,1000,100,F202017,2370.179449077681,23.34091591835022
HDS,43,"[(-100, 100)]",50,1000,100,F202017,4084.224399486945,23.876288890838623
HDS,43,"[(-100, 100)]",100,1000,100,F202017,40222.05364632588,25.627634048461918
Sobol,43,"[(-100, 100)]",30,1000,100,F202017,2514.3955588366853,22.761629104614254
Sobol,43,"[(-100, 100)]",50,1000,100,F202017,4196.434909401021,23.230881929397583
HDS,43,"[(-100, 100)]",50,1000,100,F192017,2771.196320499819,117.24811506271362
Sobol,43,"[(-100, 100)]",100,1000,100,F202017,41332.22621198848,23.932969093322757
HDS,43,"[(-100, 100)]",10,1000,100,F212017,1313.339802532933,26.66315221786499
Sobol,43,"[(-100, 100)]",10,1000,100,F212017,2214.490804502707,2.566927671432495
HDS,43,"[(-100, 100)]",30,1000,100,F212017,2297.221822305285,18.041654109954838
Sobol,43,"[(-100, 100)]",30,1000,100,F192017,2499.351751941749,79.450190782547
Sobol,43,"[(-100, 100)]",100,1000,100,F182017,1754872339.746719,97.3743019104004
HDS,43,"[(-100, 100)]",10,1000,100,F22017,200.77531025149045,13.583757877349854
Sobol,43,"[(-100, 100)]",30,1000,100,F212017,2292.0309141622706,21.925957202911377
HDS,43,"[(-100, 100)]",50,1000,100,F212017,2458.877192226955,28.429033994674683
Sobol,43,"[(-100, 100)]",10,1000,100,F22017,200.63343017782057,11.797524213790894
HDS,43,"[(-100, 100)]",30,1000,100,F22017,10504.549940462945,14.68989086151123
HDS,43,"[(-100, 100)]",100,1000,100,F212017,2869.699296093596,30.190514087677
HDS,43,"[(-100, 100)]",50,1000,100,F22017,60090.50738906036,15.238350868225098
HDS,43,"[(-100, 100)]",100,1000,100,F22017,266468.45467491134,16.01950216293335
Sobol,43,"[(-100, 100)]",30,1000,100,F22017,16605.41895419612,14.33915090560913
Sobol,43,"[(-100, 100)]",50,1000,100,F212017,2538.7960995517547,27.961681127548218
Sobol,43,"[(-100, 100)]",50,1000,100,F22017,73501.8807048815,14.07680082321167
HDS,43,"[(-100, 100)]",10,1000,100,F222017,2353.003107181248,11.19079089164734
Sobol,43,"[(-100, 100)]",100,1000,100,F22017,268179.87543088704,14.663161993026732
Sobol,43,"[(-100, 100)]",100,1000,100,F212017,3462.6015644698364,29.411221027374268
Sobol,43,"[(-100, 100)]",10,1000,100,F222017,2362.126854578602,8.969477891921997
HDS,43,"[(-100, 100)]",10,1000,100,F232017,2660.934114877995,10.211765050888062
HDS,43,"[(-100, 100)]",30,1000,100,F222017,2978.254552579453,30.05579805374145
Sobol,43,"[(-100, 100)]",10,1000,100,F232017,2544.036929532381,11.077425956726074
HDS,43,"[(-100, 100)]",50,1000,100,F222017,19364.75581043096,31.109894037246704
HDS,43,"[(-100, 100)]",30,1000,100,F232017,2879.1320420109805,26.119879961013797
HDS,43,"[(-100, 100)]",100,1000,100,F222017,36237.75806468335,34.79529786109924
HDS,43,"[(-100, 100)]",100,1000,100,F192017,4458.859760374993,209.28998494148252
HDS,43,"[(-100, 100)]",50,1000,100,F232017,7643.225697146556,26.34599804878235
Sobol,43,"[(-100, 100)]",50,1000,100,F192017,2669.3299806595724,116.60703992843628
Sobol,43,"[(-100, 100)]",30,1000,100,F222017,3126.55431961186,29.640231132507324
Sobol,43,"[(-100, 100)]",50,1000,100,F222017,9330.177233666667,30.635793924331665
Sobol,43,"[(-100, 100)]",30,1000,100,F232017,2844.600469045969,24.84464812278748
HDS,43,"[(-100, 100)]",10,1000,100,F242017,2913.910579753041,8.694149255752563
Sobol,43,"[(-100, 100)]",100,1000,100,F222017,34119.13237655723,32.94607782363892
Sobol,43,"[(-100, 100)]",10,1000,100,F242017,2887.100705633913,10.28279995918274
Sobol,43,"[(-100, 100)]",100,1000,100,F162017,19082121251.8985,202.8524069786072
Sobol,43,"[(-100, 100)]",50,1000,100,F232017,6493.001562606806,25.483747005462646
HDS,43,"[(-100, 100)]",100,1000,100,F232017,71327.87248422924,28.601327180862427
HDS,43,"[(-100, 100)]",30,1000,100,F242017,2866.8000429261383,25.1466760635376
HDS,43,"[(-100, 100)]",50,1000,100,F242017,4631.668522116934,27.425551891326904
HDS,43,"[(-100, 100)]",100,1000,100,F242017,6525.662905045227,30.658382177352905
Sobol,43,"[(-100, 100)]",100,1000,100,F232017,49452.21439410034,27.69497895240784
Sobol,43,"[(-100, 100)]",30,1000,100,F242017,2870.177825167713,27.29639220237732
Sobol,43,"[(-100, 100)]",50,1000,100,F242017,4051.211073705344,27.63164496421814
HDS,43,"[(-100, 100)]",10,1000,100,F252017,2500.245229379492,43.06356883049011
HDS,43,"[(-100, 100)]",10,1000,100,F262017,2984.9175543327365,13.879983186721802
Sobol,43,"[(-100, 100)]",100,1000,100,F242017,7324.940571498477,29.9069607257843
Sobol,43,"[(-100, 100)]",10,1000,100,F252017,2981.361946674592,18.537128925323486
Sobol,43,"[(-100, 100)]",10,1000,100,F262017,2989.5775176495517,14.070624828338625
HDS,43,"[(-100, 100)]",30,1000,100,F252017,3391.1020614813847,72.70214509963989
HDS,43,"[(-100, 100)]",10,1000,100,F272017,2850.72234736282,9.818363904953005
Sobol,43,"[(-100, 100)]",10,1000,100,F272017,2832.5265653927563,11.297905921936035
HDS,43,"[(-100, 100)]",50,1000,100,F252017,5058.972942753026,98.69323706626892
HDS,43,"[(-100, 100)]",30,1000,100,F262017,3234.3478095236137,75.06767535209656
HDS,43,"[(-100, 100)]",30,1000,100,F272017,2880.355696876568,56.01404070854187
Sobol,43,"[(-100, 100)]",30,1000,100,F252017,3376.4098304484937,69.10383200645447
HDS,43,"[(-100, 100)]",50,1000,100,F262017,3844.8911650395967,101.68290781974792
Sobol,43,"[(-100, 100)]",100,1000,100,F192017,6532.301086580315,206.76311802864075
Sobol,43,"[(-100, 100)]",30,1000,100,F262017,3203.5429233685204,73.81548428535461
Sobol,43,"[(-100, 100)]",30,1000,100,F272017,2856.778907813239,59.17449712753296
Sobol,43,"[(-100, 100)]",50,1000,100,F252017,5009.558589819144,99.63077402114868
HDS,43,"[(-100, 100)]",100,1000,100,F252017,19189.650546224188,167.65413284301758
HDS,43,"[(-100, 100)]",100,1000,100,F262017,5017.899938579316,169.26827120780945
HDS,43,"[(-100, 100)]",50,1000,100,F272017,3256.9417062297757,95.53023886680604
HDS,43,"[(-100, 100)]",10,1000,100,F282017,4158.429438748956,64.41314387321472
Sobol,43,"[(-100, 100)]",50,1000,100,F262017,3671.1283479701233,101.6124632358551
HDS,43,"[(-100, 100)]",30,1000,100,F282017,33174028.41030369,108.11547112464903
Sobol,43,"[(-100, 100)]",10,1000,100,F282017,4118.650540439803,65.2622709274292
Sobol,43,"[(-100, 100)]",50,1000,100,F272017,3284.1178215557134,96.65187883377077
HDS,43,"[(-100, 100)]",100,1000,100,F272017,5320.719423854704,164.62978506088257
HDS,43,"[(-100, 100)]",50,1000,100,F282017,532286740.8597247,147.61673021316528
HDS,43,"[(-100, 100)]",10,1000,100,F292017,,45.09543013572693
Sobol,43,"[(-100, 100)]",100,1000,100,F252017,17886.920743232287,166.30034804344177
HDS,43,"[(-100, 100)]",30,1000,100,F292017,51689371.3438348,60.969048738479614
Sobol,43,"[(-100, 100)]",100,1000,100,F262017,5549.335002634609,169.0716428756714
Sobol,43,"[(-100, 100)]",10,1000,100,F292017,,45.67329525947571
Sobol,43,"[(-100, 100)]",30,1000,100,F282017,100020268.67115004,106.08608293533324
HDS,43,"[(-100, 100)]",10,1000,100,F32017,309.73028017467726,6.445285320281982
Sobol,43,"[(-100, 100)]",10,1000,100,F32017,309.75337702867165,5.924254894256592
HDS,43,"[(-100, 100)]",30,1000,100,F32017,370.22938969019737,15.36195421218872
HDS,43,"[(-100, 100)]",50,1000,100,F32017,1101.3826348939426,15.80605697631836
Sobol,43,"[(-100, 100)]",30,1000,100,F32017,350.6576126538277,15.3107590675354
HDS,43,"[(-100, 100)]",50,1000,100,F292017,614469234.4832883,76.94811701774597
Sobol,43,"[(-100, 100)]",50,1000,100,F32017,1503.516878345002,15.410202980041504
Sobol,43,"[(-100, 100)]",30,1000,100,F292017,37173656.9219442,61.14980292320252
HDS,43,"[(-100, 100)]",100,1000,100,F32017,5879.285735999742,16.722252130508423
HDS,43,"[(-100, 100)]",10,1000,100,F42017,433.8461092835362,14.316189050674438
HDS,43,"[(-100, 100)]",30,1000,100,F42017,729.9421475575596,14.580116987228394
Sobol,43,"[(-100, 100)]",100,1000,100,F32017,12886.302507486453,15.612486839294434
Sobol,43,"[(-100, 100)]",10,1000,100,F42017,438.48021843513885,14.198657989501951
Sobol,43,"[(-100, 100)]",30,1000,100,F42017,726.1926169582923,14.752706050872805
HDS,43,"[(-100, 100)]",10,1000,100,F52017,500.0011557187146,0.3987629413604736
Sobol,43,"[(-100, 100)]",10,1000,100,F52017,500.0027721316468,0.2043268680572509
HDS,43,"[(-100, 100)]",30,1000,100,F52017,500.0443206040379,0.6693809032440186
Sobol,43,"[(-100, 100)]",30,1000,100,F52017,500.0690785030199,0.2993648052215576
HDS,43,"[(-100, 100)]",50,1000,100,F52017,500.05853187786863,0.9159650802612304
Sobol,43,"[(-100, 100)]",50,1000,100,F52017,500.08143193319927,0.3805229663848877
HDS,43,"[(-100, 100)]",100,1000,100,F52017,500.1036666475505,1.876065015792847
Sobol,43,"[(-100, 100)]",100,1000,100,F52017,500.138669021666,0.6587049961090088
HDS,43,"[(-100, 100)]",50,1000,100,F42017,3820.1492575298994,15.590955018997192
HDS,43,"[(-100, 100)]",100,1000,100,F42017,42761.55099737792,16.62162494659424
Sobol,43,"[(-100, 100)]",50,1000,100,F282017,1147264390.792514,148.9330792427063
Sobol,43,"[(-100, 100)]",50,1000,100,F42017,2029.7716047143545,14.65560793876648
HDS,43,"[(-100, 100)]",10,1000,100,F62017,640.423572027338,16.43479895591736
HDS,43,"[(-100, 100)]",100,1000,100,F282017,2547070732.827375,250.2319140434265
Sobol,43,"[(-100, 100)]",100,1000,100,F272017,5102.932020031982,163.32940697669983
Sobol,43,"[(-100, 100)]",100,1000,100,F42017,23165.41852170393,15.21920895576477
HDS,43,"[(-100, 100)]",30,1000,100,F62017,2478.2787276816707,16.697301864624023
HDS,43,"[(-100, 100)]",100,1000,100,F292017,2170018869.802204,116.11827397346497
Sobol,43,"[(-100, 100)]",50,1000,100,F292017,555737458.2307705,76.41770195960999
Sobol,43,"[(-100, 100)]",10,1000,100,F62017,630.2871212937014,16.574100971221924
HDS,43,"[(-100, 100)]",50,1000,100,F62017,121819.47909587547,17.399856090545654
HDS,43,"[(-100, 100)]",100,1000,100,F62017,1594231.8785333035,18.598386764526367
Sobol,43,"[(-100, 100)]",30,1000,100,F62017,3079.4019767179475,16.44749426841736
HDS,43,"[(-100, 100)]",10,1000,100,F72017,736.0017157605013,20.56204080581665
Sobol,43,"[(-100, 100)]",50,1000,100,F62017,61614.66674531039,16.27948498725891
HDS,43,"[(-100, 100)]",10,1000,100,F82017,801.7832179730793,0.9797260761260986
HDS,43,"[(-100, 100)]",30,1000,100,F72017,1120.7847554314048,20.228500843048096
Sobol,43,"[(-100, 100)]",10,1000,100,F82017,801.4416213253601,0.6557090282440186
HDS,43,"[(-100, 100)]",50,1000,100,F72017,1654.5525127211663,20.744142055511475
Sobol,43,"[(-100, 100)]",100,1000,100,F62017,1208225.0572524972,16.956369876861572
HDS,43,"[(-100, 100)]",30,1000,100,F82017,809.6437485645657,7.450418949127197
Sobol,43,"[(-100, 100)]",10,1000,100,F72017,731.1928774256336,20.748813152313232
HDS,43,"[(-100, 100)]",100,1000,100,F72017,3216.8276216615577,23.04375004768372
Sobol,43,"[(-100, 100)]",30,1000,100,F82017,806.8177257448825,6.177659034729004
HDS,43,"[(-100, 100)]",50,1000,100,F82017,813.4957960877817,13.01067066192627
Sobol,43,"[(-100, 100)]",30,1000,100,F72017,1142.4800542166506,21.10713076591492
Sobol,43,"[(-100, 100)]",50,1000,100,F72017,1560.979690948904,21.185306787490845
HDS,43,"[(-100, 100)]",100,1000,100,F82017,854.3636648169444,18.446236848831177
Sobol,43,"[(-100, 100)]",100,1000,100,F72017,3081.83296631469,21.27853488922119
Sobol,43,"[(-100, 100)]",50,1000,100,F82017,819.6986296223356,16.072870016098022
HDS,43,"[(-100, 100)]",10,1000,100,F92017,-1011.7651053541732,19.65989875793457
HDS,43,"[(-100, 100)]",30,1000,100,F92017,3109.891145137788,20.49353504180908
HDS,43,"[(-100, 100)]",50,1000,100,F92017,10339.351489717412,21.08674383163452
Sobol,43,"[(-100, 100)]",100,1000,100,F82017,866.1311231320308,17.513672828674316
HDS,44,"[(-100, 100)]",10,1000,100,F102017,1028.531760281457,17.798536777496338
Sobol,43,"[(-100, 100)]",10,1000,100,F92017,-851.6233242131775,19.508053302764893
HDS,43,"[(-100, 100)]",100,1000,100,F92017,24260.56170828538,22.905800819396973
Sobol,43,"[(-100, 100)]",30,1000,100,F92017,3293.014434511484,19.772018909454346
HDS,44,"[(-100, 100)]",30,1000,100,F102017,80471.88213303586,17.550765991210938
Sobol,43,"[(-100, 100)]",50,1000,100,F92017,9045.380963001022,20.331233024597168
Sobol,44,"[(-100, 100)]",10,1000,100,F102017,1088.0814013989068,17.02766489982605
HDS,44,"[(-100, 100)]",50,1000,100,F102017,266827.83384161774,17.963639974594116
Sobol,43,"[(-100, 100)]",100,1000,100,F92017,22864.298890918264,21.28870987892151
HDS,44,"[(-100, 100)]",100,1000,100,F102017,1027890.3091060432,19.251584768295288
Sobol,44,"[(-100, 100)]",30,1000,100,F102017,104197.5841095455,16.998060941696167
HDS,44,"[(-100, 100)]",10,1000,100,F112017,57559.63353105492,21.22328281402588
Sobol,43,"[(-100, 100)]",100,1000,100,F292017,3711829809.249813,115.06085300445557
Sobol,44,"[(-100, 100)]",50,1000,100,F102017,323476.09242968506,17.06764531135559
HDS,44,"[(-100, 100)]",30,1000,100,F112017,12693610.03685897,21.80478310585022
Sobol,44,"[(-100, 100)]",100,1000,100,F102017,1074551.523912248,17.733434200286865
HDS,44,"[(-100, 100)]",50,1000,100,F112017,191698303.42469677,22.14841389656067
HDS,44,"[(-100, 100)]",10,1000,100,F12017,9262.89036310702,13.779375076293944
HDS,44,"[(-100, 100)]",30,1000,100,F12017,27670358.689610444,13.991440057754517
HDS,44,"[(-100, 100)]",100,1000,100,F112017,4816464539.672061,23.47771406173706
Sobol,44,"[(-100, 100)]",10,1000,100,F112017,98772.93341455376,21.051549911499023
Sobol,44,"[(-100, 100)]",30,1000,100,F112017,24951962.01053205,20.96119785308838
HDS,44,"[(-100, 100)]",50,1000,100,F12017,2508893140.252275,15.03093409538269
Sobol,44,"[(-100, 100)]",10,1000,100,F12017,56163.97953277953,13.513517141342165
Sobol,44,"[(-100, 100)]",30,1000,100,F12017,80536834.64759128,13.897942066192629
Sobol,44,"[(-100, 100)]",50,1000,100,F112017,292523031.98609805,21.87055015563965
HDS,44,"[(-100, 100)]",100,1000,100,F12017,13914786632.373756,15.45096516609192
Sobol,44,"[(-100, 100)]",100,1000,100,F112017,5485202365.679565,22.46168303489685
Sobol,44,"[(-100, 100)]",50,1000,100,F12017,1124588129.963494,15.086208820343018
HDS,44,"[(-100, 100)]",10,1000,100,F122017,3318.0494393158024,18.63759183883667
HDS,44,"[(-100, 100)]",30,1000,100,F122017,181675.16232557007,18.88894009590149
HDS,44,"[(-100, 100)]",50,1000,100,F122017,61432584.462773,19.16426920890808
Sobol,44,"[(-100, 100)]",100,1000,100,F12017,33382450883.304867,14.419352054595947
HDS,44,"[(-100, 100)]",100,1000,100,F122017,5254655326.558479,20.7043559551239
HDS,44,"[(-100, 100)]",10,1000,100,F132017,1377.9657237269334,19.028723001480103
Sobol,44,"[(-100, 100)]",10,1000,100,F122017,2334.7775574653515,18.906270027160645
HDS,44,"[(-100, 100)]",30,1000,100,F132017,209060.9547812885,21.1845121383667
Sobol,44,"[(-100, 100)]",30,1000,100,F122017,331259.0360976134,18.831062078475952
Sobol,44,"[(-100, 100)]",50,1000,100,F122017,57581431.37706612,19.174679040908813
HDS,44,"[(-100, 100)]",50,1000,100,F132017,2053458.1015593857,21.9865038394928
Sobol,44,"[(-100, 100)]",100,1000,100,F122017,2214262686.1163445,19.18504786491394
Sobol,44,"[(-100, 100)]",10,1000,100,F132017,1381.204301045465,18.39683699607849
Sobol,44,"[(-100, 100)]",30,1000,100,F132017,411665.3580521849,20.50446081161499
HDS,44,"[(-100, 100)]",10,1000,100,F142017,2688.2479230916924,18.256558179855347
HDS,44,"[(-100, 100)]",30,1000,100,F142017,1041209.3667771736,18.539618968963623
HDS,44,"[(-100, 100)]",100,1000,100,F132017,22727210.214907777,25.297014951705933
HDS,44,"[(-100, 100)]",50,1000,100,F142017,6558227.772322628,19.539183139801025
Sobol,44,"[(-100, 100)]",50,1000,100,F132017,3237377.0165739874,21.08599877357483
HDS,44,"[(-100, 100)]",100,1000,100,F142017,2094913163.502221,19.78783798217773
Sobol,44,"[(-100, 100)]",10,1000,100,F142017,1988.3560204533544,17.88036799430847
Sobol,44,"[(-100, 100)]",30,1000,100,F142017,1248050.470117811,18.13018012046814
HDS,44,"[(-100, 100)]",10,1000,100,F152017,1354.9823863401464,27.537940979003903
Sobol,44,"[(-100, 100)]",100,1000,100,F132017,38125745.05743739,24.802860021591187
Sobol,44,"[(-100, 100)]",50,1000,100,F142017,3849443.928296638,18.63052010536194
Sobol,44,"[(-100, 100)]",100,1000,100,F142017,1020905718.7071975,19.3944571018219
HDS,44,"[(-100, 100)]",30,1000,100,F152017,1428.800359996385,32.22978186607361
Sobol,44,"[(-100, 100)]",10,1000,100,F152017,1337.6920213337637,18.19101071357727
Sobol,43,"[(-100, 100)]",100,1000,100,F282017,8171910441.711825,252.40207624435425
HDS,44,"[(-100, 100)]",50,1000,100,F152017,12341.845957562697,38.058167934417725
HDS,44,"[(-100, 100)]",10,1000,100,F172017,,20.10256814956665
HDS,44,"[(-100, 100)]",10,1000,100,F162017,1873.5892084805964,43.720232009887695
HDS,44,"[(-100, 100)]",100,1000,100,F152017,219774.4576599237,52.505873918533325
Sobol,44,"[(-100, 100)]",30,1000,100,F152017,4475.842049770255,31.73241806030273
Sobol,44,"[(-100, 100)]",10,1000,100,F172017,,20.942609310150143
Sobol,44,"[(-100, 100)]",50,1000,100,F152017,5359.939737823073,37.529016971588135
HDS,44,"[(-100, 100)]",30,1000,100,F172017,112174.92232723926,21.380203008651733
HDS,44,"[(-100, 100)]",30,1000,100,F162017,134661.90086308104,81.08187794685364
HDS,44,"[(-100, 100)]",50,1000,100,F172017,990984.5158920405,21.084930896759037
Sobol,44,"[(-100, 100)]",30,1000,100,F172017,92540.53227571666,84.67799091339111
Sobol,44,"[(-100, 100)]",10,1000,100,F162017,1536.145210491099,109.11408376693726
HDS,44,"[(-100, 100)]",100,1000,100,F172017,15347797.027372284,87.15546011924744
Sobol,44,"[(-100, 100)]",100,1000,100,F152017,228089.81482778635,115.32335686683656
Sobol,44,"[(-100, 100)]",50,1000,100,F172017,982494.3169820332,83.20798993110657
HDS,44,"[(-100, 100)]",10,1000,100,F182017,1807.1657017748744,18.51302194595337
Sobol,44,"[(-100, 100)]",100,1000,100,F172017,15475263.193763357,17.902930974960327
HDS,44,"[(-100, 100)]",50,1000,100,F162017,4889333.268229567,176.9276351928711
Sobol,44,"[(-100, 100)]",10,1000,100,F182017,1808.4916843895328,19.56853675842285
HDS,44,"[(-100, 100)]",30,1000,100,F182017,1192965.7411911946,40.10661506652832
HDS,44,"[(-100, 100)]",10,1000,100,F192017,1835.650126563995,38.726826906204224
HDS,44,"[(-100, 100)]",50,1000,100,F182017,497812.6336162154,53.69994902610779
Sobol,44,"[(-100, 100)]",30,1000,100,F162017,109342.1567781659,136.91321110725403
Sobol,44,"[(-100, 100)]",30,1000,100,F182017,210973.71423262503,42.66687202453613
Sobol,44,"[(-100, 100)]",10,1000,100,F192017,1854.780910576106,45.907968044281006
HDS,44,"[(-100, 100)]",100,1000,100,F182017,671278462.944456,98.97393608093262
HDS,44,"[(-100, 100)]",10,1000,100,F202017,2137.793517247831,10.75021195411682
Sobol,44,"[(-100, 100)]",10,1000,100,F202017,2143.5473346670647,7.739593982696533
HDS,44,"[(-100, 100)]",30,1000,100,F192017,2033.1456743983952,85.14742588996887
Sobol,44,"[(-100, 100)]",50,1000,100,F182017,13977031.286027098,67.32617592811584
HDS,44,"[(-100, 100)]",100,1000,100,F162017,65500698295.43684,270.0869801044464
HDS,44,"[(-100, 100)]",30,1000,100,F202017,2534.784080422689,23.79032802581787
Sobol,44,"[(-100, 100)]",50,1000,100,F162017,265714605.8316203,118.91375589370728
HDS,44,"[(-100, 100)]",50,1000,100,F202017,3342.756500184216,25.93642807006836
Sobol,44,"[(-100, 100)]",30,1000,100,F202017,2501.3701611927954,26.189539909362797
HDS,44,"[(-100, 100)]",10,1000,100,F212017,2215.0063920627613,2.855233907699585
Sobol,44,"[(-100, 100)]",10,1000,100,F212017,2216.559521641171,2.638307809829712
HDS,44,"[(-100, 100)]",100,1000,100,F202017,24178.37386783504,29.239126920700077
Sobol,44,"[(-100, 100)]",50,1000,100,F202017,5359.550082228148,25.09029507637024
HDS,44,"[(-100, 100)]",50,1000,100,F192017,2506.4423740695584,126.65860104560852
Sobol,44,"[(-100, 100)]",100,1000,100,F202017,31860.60561985944,24.99791383743286
HDS,44,"[(-100, 100)]",30,1000,100,F212017,2292.311106906041,27.064089059829712
Sobol,44,"[(-100, 100)]",30,1000,100,F192017,1845.120788895656,83.51742935180664
HDS,44,"[(-100, 100)]",50,1000,100,F212017,2488.413941555665,28.30997395515442
Sobol,44,"[(-100, 100)]",100,1000,100,F182017,1569286209.0016265,102.4754569530487
HDS,44,"[(-100, 100)]",10,1000,100,F22017,200.394468063224,12.112018823623655
HDS,44,"[(-100, 100)]",30,1000,100,F22017,13664.50569857846,14.74187397956848
Sobol,44,"[(-100, 100)]",30,1000,100,F212017,2304.5496853966465,27.827610969543457
Sobol,44,"[(-100, 100)]",10,1000,100,F22017,200.41124197447257,13.962238073349
HDS,44,"[(-100, 100)]",100,1000,100,F212017,3122.538325638095,31.47556614875793
Sobol,44,"[(-100, 100)]",50,1000,100,F212017,2492.564827378023,28.55339217185974
Sobol,44,"[(-100, 100)]",30,1000,100,F22017,15556.544191363297,14.710090160369871
HDS,44,"[(-100, 100)]",50,1000,100,F22017,66790.86588423264,15.601428985595703
HDS,44,"[(-100, 100)]",100,1000,100,F22017,282598.7692641758,16.411170721054077
HDS,44,"[(-100, 100)]",10,1000,100,F222017,2356.0185410855265,12.227967023849487
Sobol,44,"[(-100, 100)]",10,1000,100,F222017,2371.552050197556,13.05318021774292
Sobol,44,"[(-100, 100)]",50,1000,100,F22017,63854.32410637639,14.60613203048706
Sobol,44,"[(-100, 100)]",100,1000,100,F22017,271312.4649696521,15.648833990097046
Sobol,44,"[(-100, 100)]",100,1000,100,F212017,3617.903415570986,30.716129064559937
HDS,44,"[(-100, 100)]",30,1000,100,F222017,3317.9187833269016,31.61932182312012
HDS,44,"[(-100, 100)]",10,1000,100,F232017,2532.2611130641617,11.333832740783691
Sobol,44,"[(-100, 100)]",10,1000,100,F232017,2528.201362317198,10.61725902557373
HDS,44,"[(-100, 100)]",30,1000,100,F232017,2830.735152407223,26.427238941192627
HDS,44,"[(-100, 100)]",50,1000,100,F222017,11219.81232923838,32.257965087890625
HDS,44,"[(-100, 100)]",100,1000,100,F222017,28333.266363557537,35.883060932159424
Sobol,44,"[(-100, 100)]",30,1000,100,F222017,2969.116904258478,30.48989486694336
HDS,44,"[(-100, 100)]",100,1000,100,F192017,3941.956046957576,226.00590896606445
Sobol,44,"[(-100, 100)]",50,1000,100,F192017,2234.641810375981,117.84976196289062
HDS,44,"[(-100, 100)]",50,1000,100,F232017,4729.495704973924,27.06099796295166
Sobol,44,"[(-100, 100)]",30,1000,100,F232017,2852.179240652546,25.21037483215332
HDS,44,"[(-100, 100)]",10,1000,100,F242017,2883.629945291836,9.421441078186035
Sobol,44,"[(-100, 100)]",50,1000,100,F222017,9372.847340216824,31.40029621124268
Sobol,44,"[(-100, 100)]",10,1000,100,F242017,2914.052793447103,8.476675987243652
Sobol,44,"[(-100, 100)]",100,1000,100,F222017,27017.21063653802,34.11247897148132
HDS,44,"[(-100, 100)]",100,1000,100,F232017,48425.96315737194,31.318597078323364
HDS,44,"[(-100, 100)]",30,1000,100,F242017,2851.904203218976,21.74336791038513
Sobol,44,"[(-100, 100)]",50,1000,100,F232017,6355.317555801075,27.108843088150024
Sobol,44,"[(-100, 100)]",100,1000,100,F162017,178225175011.3566,210.4202558994293
HDS,44,"[(-100, 100)]",10,1000,100,F252017,2983.021648245919,14.99374270439148
HDS,44,"[(-100, 100)]",50,1000,100,F242017,4446.883482372575,30.25974202156067
HDS,44,"[(-100, 100)]",100,1000,100,F242017,7386.300744812548,32.95136618614197
Sobol,44,"[(-100, 100)]",10,1000,100,F252017,2977.324814465696,14.06194305419922
Sobol,44,"[(-100, 100)]",100,1000,100,F232017,47628.60078223552,29.657992839813232
Sobol,44,"[(-100, 100)]",30,1000,100,F242017,2883.528141128215,28.291643857955933
Sobol,44,"[(-100, 100)]",50,1000,100,F242017,4421.002935250429,28.317440032958984
Sobol,44,"[(-100, 100)]",100,1000,100,F242017,7128.842828797515,30.61434292793274
HDS,44,"[(-100, 100)]",10,1000,100,F262017,2767.369687400319,35.54885792732239
Sobol,44,"[(-100, 100)]",10,1000,100,F262017,3000.3088092220173,11.40084981918335
HDS,44,"[(-100, 100)]",30,1000,100,F252017,3437.7735672779627,74.76693105697632
HDS,44,"[(-100, 100)]",10,1000,100,F272017,2841.9850256455243,9.568646907806396
Sobol,44,"[(-100, 100)]",10,1000,100,F272017,2828.5444571778253,11.243431329727173
HDS,44,"[(-100, 100)]",30,1000,100,F262017,3206.2846779047186,67.60507607460022
HDS,44,"[(-100, 100)]",50,1000,100,F252017,4860.311335702505,101.79700112342834
Sobol,44,"[(-100, 100)]",30,1000,100,F252017,3391.674590439109,70.52218866348267
HDS,44,"[(-100, 100)]",50,1000,100,F262017,3905.728899239248,103.82516694068909
HDS,44,"[(-100, 100)]",30,1000,100,F272017,3076.829432566108,72.52576112747192
Sobol,44,"[(-100, 100)]",30,1000,100,F262017,3189.475805540469,77.05430197715759
Sobol,44,"[(-100, 100)]",100,1000,100,F192017,7490.142350692543,214.7493839263916
HDS,44,"[(-100, 100)]",100,1000,100,F252017,21305.740670449337,171.9738109111786
Sobol,44,"[(-100, 100)]",50,1000,100,F252017,4732.572687449168,101.9623589515686
HDS,44,"[(-100, 100)]",100,1000,100,F262017,5529.051108896139,172.85667204856873
Sobol,44,"[(-100, 100)]",30,1000,100,F272017,2893.3431404271587,66.28624629974365
HDS,44,"[(-100, 100)]",50,1000,100,F272017,3265.390044770268,100.5830419063568
HDS,44,"[(-100, 100)]",10,1000,100,F282017,4069.72901180197,68.17882919311523
Sobol,44,"[(-100, 100)]",50,1000,100,F262017,3550.8782913708974,105.15172624588013
Sobol,44,"[(-100, 100)]",10,1000,100,F282017,3930.175269470475,65.8385763168335
HDS,44,"[(-100, 100)]",30,1000,100,F282017,7492245.125397857,110.10699009895325
HDS,44,"[(-100, 100)]",100,1000,100,F272017,4081.158648215908,166.7747781276703
Sobol,44,"[(-100, 100)]",50,1000,100,F272017,3174.6800143871224,96.67283606529236
Sobol,44,"[(-100, 100)]",100,1000,100,F252017,16014.464241433809,168.79157304763794
HDS,44,"[(-100, 100)]",10,1000,100,F292017,,45.96270680427551
HDS,44,"[(-100, 100)]",50,1000,100,F282017,621602312.2714868,150.99366807937622
Sobol,44,"[(-100, 100)]",100,1000,100,F262017,5042.205668498891,168.9311068058014
HDS,44,"[(-100, 100)]",30,1000,100,F292017,7853329.6836005375,61.46762013435364
Sobol,44,"[(-100, 100)]",10,1000,100,F292017,,45.47806787490845
HDS,44,"[(-100, 100)]",10,1000,100,F32017,309.3770350075523,4.901634931564331
Sobol,44,"[(-100, 100)]",10,1000,100,F32017,301.8095114128524,8.486885070800781
Sobol,44,"[(-100, 100)]",30,1000,100,F282017,45675976.42591417,106.36689615249634
HDS,44,"[(-100, 100)]",30,1000,100,F32017,363.96108226860406,15.868788003921509
HDS,44,"[(-100, 100)]",50,1000,100,F292017,2580482884.6308813,77.09872698783875
HDS,44,"[(-100, 100)]",50,1000,100,F32017,1506.7030053184012,17.07617473602295
Sobol,44,"[(-100, 100)]",30,1000,100,F32017,371.8737023025855,15.739760875701904
Sobol,44,"[(-100, 100)]",50,1000,100,F32017,1142.3443894332236,16.946842193603516
Sobol,44,"[(-100, 100)]",30,1000,100,F292017,8775632.087628255,62.83167386054993
HDS,44,"[(-100, 100)]",100,1000,100,F32017,7985.366408610093,17.882519006729126
HDS,44,"[(-100, 100)]",10,1000,100,F42017,422.81877234348144,16.114943981170654
HDS,44,"[(-100, 100)]",30,1000,100,F42017,769.9709148664207,15.2467520236969
Sobol,44,"[(-100, 100)]",100,1000,100,F32017,10612.860131697553,15.988502025604248
Sobol,44,"[(-100, 100)]",10,1000,100,F42017,432.9371730918817,15.358670234680176
Sobol,44,"[(-100, 100)]",30,1000,100,F42017,805.2267559458708,14.651529788970947
HDS,44,"[(-100, 100)]",10,1000,100,F52017,500.0027868334172,0.4057481288909912
Sobol,44,"[(-100, 100)]",10,1000,100,F52017,500.0108835218681,0.1971182823181152
HDS,44,"[(-100, 100)]",30,1000,100,F52017,500.04110250926834,0.6700799465179443
Sobol,44,"[(-100, 100)]",30,1000,100,F52017,500.06961357524864,0.3175818920135498
HDS,44,"[(-100, 100)]",50,1000,100,F52017,500.062380965765,0.9401919841766356
Sobol,44,"[(-100, 100)]",50,1000,100,F52017,500.0823115288813,0.4381790161132812
HDS,44,"[(-100, 100)]",100,1000,100,F52017,500.098449751196,1.9108858108520508
Sobol,44,"[(-100, 100)]",100,1000,100,F272017,5853.723260510216,164.04186916351318
Sobol,44,"[(-100, 100)]",100,1000,100,F52017,500.1425093451936,0.740576982498169
HDS,44,"[(-100, 100)]",50,1000,100,F42017,2948.216498625493,15.654595851898192
HDS,44,"[(-100, 100)]",100,1000,100,F42017,19426.762808556086,17.618648052215576
HDS,44,"[(-100, 100)]",100,1000,100,F282017,11006058625.684528,256.6578800678253
HDS,44,"[(-100, 100)]",100,1000,100,F292017,3073495117.883667,118.95206785202026
Sobol,44,"[(-100, 100)]",50,1000,100,F292017,1317115027.3468125,78.63316488265991
Sobol,44,"[(-100, 100)]",50,1000,100,F42017,2109.395912175174,15.050968885421751
HDS,44,"[(-100, 100)]",10,1000,100,F62017,647.6817539096462,16.711626052856445
HDS,44,"[(-100, 100)]",30,1000,100,F62017,2224.2432961346017,16.97188901901245
Sobol,44,"[(-100, 100)]",100,1000,100,F42017,35323.677451640615,16.169389009475708
HDS,44,"[(-100, 100)]",50,1000,100,F62017,42377.38341126766,17.153897047042847
Sobol,44,"[(-100, 100)]",50,1000,100,F282017,776174356.875003,151.09972405433655
Sobol,44,"[(-100, 100)]",10,1000,100,F62017,636.9103646711364,16.46412682533264
HDS,44,"[(-100, 100)]",100,1000,100,F62017,1932725.027124781,18.458819150924683
Sobol,44,"[(-100, 100)]",30,1000,100,F62017,3542.3906404371587,16.80673313140869
HDS,44,"[(-100, 100)]",10,1000,100,F72017,744.0,22.186118125915527
Sobol,44,"[(-100, 100)]",50,1000,100,F62017,107544.9247593606,17.55697202682495
HDS,44,"[(-100, 100)]",10,1000,100,F82017,802.3987791721246,1.1483871936798096
Sobol,44,"[(-100, 100)]",10,1000,100,F82017,801.771926301596,0.9028279781341552
Sobol,44,"[(-100, 100)]",100,1000,100,F62017,979660.6190012116,18.28856897354126
HDS,44,"[(-100, 100)]",30,1000,100,F72017,1073.3025186559792,22.11161971092224
HDS,44,"[(-100, 100)]",50,1000,100,F72017,1608.2945335796148,22.726480722427368
HDS,44,"[(-100, 100)]",30,1000,100,F82017,809.163612582962,4.928397178649902
HDS,44,"[(-100, 100)]",100,1000,100,F72017,3371.692474387684,24.46701192855835
Sobol,44,"[(-100, 100)]",30,1000,100,F82017,809.4289450056168,3.261040210723877
HDS,44,"[(-100, 100)]",50,1000,100,F82017,817.5881186789693,9.96634006500244
Sobol,44,"[(-100, 100)]",10,1000,100,F72017,726.7033001806459,22.10853910446167
Sobol,44,"[(-100, 100)]",50,1000,100,F82017,816.3466079876699,12.000044107437134
Sobol,44,"[(-100, 100)]",30,1000,100,F72017,1120.301735402431,21.051981687545776
Sobol,44,"[(-100, 100)]",50,1000,100,F72017,1698.2920033851738,21.227097988128666
HDS,44,"[(-100, 100)]",100,1000,100,F82017,911.3295701107052,18.702558994293213
Sobol,44,"[(-100, 100)]",100,1000,100,F72017,3136.8980294784824,21.84306216239929
HDS,44,"[(-100, 100)]",10,1000,100,F92017,-647.24757280208,21.191676139831543
HDS,44,"[(-100, 100)]",30,1000,100,F92017,2879.66792297246,20.71632122993469
Sobol,44,"[(-100, 100)]",100,1000,100,F82017,888.8286559435235,17.028316736221313
HDS,44,"[(-100, 100)]",50,1000,100,F92017,8315.159364135678,21.29905414581299
HDS,45,"[(-100, 100)]",10,1000,100,F102017,1102.976322696429,17.573901891708374
HDS,44,"[(-100, 100)]",100,1000,100,F92017,25554.527686151752,22.941494941711422
Sobol,44,"[(-100, 100)]",10,1000,100,F92017,-1083.8293340581604,20.768558979034424
HDS,45,"[(-100, 100)]",30,1000,100,F102017,105120.88164895326,17.561916828155518
Sobol,44,"[(-100, 100)]",30,1000,100,F92017,3543.939674064486,20.312870264053345
Sobol,45,"[(-100, 100)]",10,1000,100,F102017,1042.943274140703,17.63394808769226
Sobol,44,"[(-100, 100)]",50,1000,100,F92017,9867.544400902369,20.87912511825561
Sobol,44,"[(-100, 100)]",100,1000,100,F92017,25579.72136900724,22.091697216033936
HDS,45,"[(-100, 100)]",50,1000,100,F102017,149402.50976571726,17.99410605430603
Sobol,44,"[(-100, 100)]",100,1000,100,F292017,5094024842.989289,118.49536514282228
Sobol,45,"[(-100, 100)]",30,1000,100,F102017,129423.64931262383,17.535645961761475
HDS,45,"[(-100, 100)]",100,1000,100,F102017,2321014.3065842222,19.594761848449707
HDS,45,"[(-100, 100)]",10,1000,100,F112017,133790.67096699553,22.02928996086121
HDS,45,"[(-100, 100)]",30,1000,100,F112017,31431992.99462276,22.493316888809204
Sobol,45,"[(-100, 100)]",50,1000,100,F102017,254735.40815261137,17.835396766662598
HDS,45,"[(-100, 100)]",50,1000,100,F112017,225271084.17847115,22.835601091384888
HDS,45,"[(-100, 100)]",10,1000,100,F12017,17286.499866924285,14.33288311958313
HDS,45,"[(-100, 100)]",100,1000,100,F112017,4140772630.657635,24.2546648979187
Sobol,45,"[(-100, 100)]",100,1000,100,F102017,644230.0510178376,18.59449601173401
HDS,45,"[(-100, 100)]",30,1000,100,F12017,93261744.42994428,14.294112920761108
Sobol,45,"[(-100, 100)]",10,1000,100,F112017,73957.89824608612,21.603960275650024
Sobol,45,"[(-100, 100)]",10,1000,100,F12017,6567.54686361956,13.982769250869753
Sobol,45,"[(-100, 100)]",30,1000,100,F112017,80451141.93217807,22.20732688903809
Sobol,45,"[(-100, 100)]",50,1000,100,F112017,174978276.01283318,22.375529050827023
HDS,45,"[(-100, 100)]",50,1000,100,F12017,893624814.3139644,14.852625846862791
Sobol,45,"[(-100, 100)]",30,1000,100,F12017,101665227.86403924,14.016913175582886
HDS,45,"[(-100, 100)]",100,1000,100,F12017,41068567150.10256,15.609349012374878
Sobol,45,"[(-100, 100)]",100,1000,100,F112017,3062562862.499201,23.01708197593689
HDS,45,"[(-100, 100)]",10,1000,100,F122017,1468.0408709083365,18.535027980804443
HDS,45,"[(-100, 100)]",30,1000,100,F122017,1670143.357471824,19.40596985816956
Sobol,45,"[(-100, 100)]",50,1000,100,F12017,1928748975.4567356,15.215255975723268
HDS,45,"[(-100, 100)]",50,1000,100,F122017,3291907.728487949,20.144159078598022
Sobol,45,"[(-100, 100)]",100,1000,100,F12017,33358249156.980453,15.347223997116089
HDS,45,"[(-100, 100)]",100,1000,100,F122017,3796646982.11775,20.727139949798584
HDS,45,"[(-100, 100)]",10,1000,100,F132017,1372.548766048042,19.56889915466309
Sobol,45,"[(-100, 100)]",10,1000,100,F122017,1804.463240364835,19.02411699295044
Sobol,45,"[(-100, 100)]",30,1000,100,F122017,73991.31007253668,19.0326509475708
HDS,45,"[(-100, 100)]",30,1000,100,F132017,173345.60638080307,20.432578086853027
Sobol,45,"[(-100, 100)]",50,1000,100,F122017,33160726.326542072,18.858165979385376
HDS,45,"[(-100, 100)]",50,1000,100,F132017,2471821.272713179,21.62522912025452
Sobol,45,"[(-100, 100)]",100,1000,100,F122017,4060611768.674971,19.46021509170532
Sobol,45,"[(-100, 100)]",10,1000,100,F132017,1361.8498241094458,19.022849082946777
HDS,45,"[(-100, 100)]",10,1000,100,F142017,1707.7628508959365,18.80750203132629
HDS,45,"[(-100, 100)]",100,1000,100,F132017,27051672.743560072,26.527292251586918
Sobol,45,"[(-100, 100)]",30,1000,100,F132017,180861.62444518987,20.0885169506073
HDS,45,"[(-100, 100)]",30,1000,100,F142017,1425674.741611478,19.609181880950928
HDS,45,"[(-100, 100)]",50,1000,100,F142017,25444995.06567348,20.948303937911987
Sobol,45,"[(-100, 100)]",50,1000,100,F132017,1384470.406601174,21.80247402191162
HDS,45,"[(-100, 100)]",100,1000,100,F142017,278531428.8219343,21.197519063949585
Sobol,45,"[(-100, 100)]",10,1000,100,F142017,1746.528331040242,18.86630892753601
HDS,45,"[(-100, 100)]",10,1000,100,F152017,1337.5692677900229,18.033587217330933
Sobol,45,"[(-100, 100)]",30,1000,100,F142017,584306.9273521638,18.74825096130371
Sobol,45,"[(-100, 100)]",100,1000,100,F132017,48005926.788872935,24.866159677505493
Sobol,45,"[(-100, 100)]",50,1000,100,F142017,6709189.26916671,19.55424118041992
Sobol,45,"[(-100, 100)]",100,1000,100,F142017,230988389.2864191,19.20555710792541
Sobol,45,"[(-100, 100)]",10,1000,100,F152017,1338.146023463658,15.98254895210266
Sobol,44,"[(-100, 100)]",100,1000,100,F282017,12412926188.89395,256.63320112228394
HDS,45,"[(-100, 100)]",30,1000,100,F152017,1870.611362809964,32.954663038253784
HDS,45,"[(-100, 100)]",50,1000,100,F152017,13605.58341144886,38.81824588775635
HDS,45,"[(-100, 100)]",10,1000,100,F172017,,21.2680561542511
HDS,45,"[(-100, 100)]",10,1000,100,F162017,1857.9675225099031,44.7138991355896
HDS,45,"[(-100, 100)]",100,1000,100,F152017,94207.60253084212,53.50006818771362
Sobol,45,"[(-100, 100)]",30,1000,100,F152017,3535.4290319087886,32.893595933914185
Sobol,45,"[(-100, 100)]",10,1000,100,F172017,,20.653829097747803
Sobol,45,"[(-100, 100)]",50,1000,100,F152017,8911.814790392176,38.3974928855896
HDS,45,"[(-100, 100)]",30,1000,100,F172017,111597.88532296671,21.04208612442017
HDS,45,"[(-100, 100)]",50,1000,100,F172017,1092110.3252061848,22.05561590194702
HDS,45,"[(-100, 100)]",30,1000,100,F162017,41350.806060135605,84.10726284980774
Sobol,45,"[(-100, 100)]",10,1000,100,F162017,1475.3173381692427,45.43854117393494
HDS,45,"[(-100, 100)]",100,1000,100,F172017,23296695.7821644,23.91681694984436
Sobol,45,"[(-100, 100)]",30,1000,100,F172017,135822.779988578,21.951820135116577
Sobol,45,"[(-100, 100)]",50,1000,100,F172017,706119.0672666553,21.154072999954224
Sobol,45,"[(-100, 100)]",100,1000,100,F152017,93053.68870914428,52.87591218948364
HDS,45,"[(-100, 100)]",10,1000,100,F182017,1807.0380839514569,21.920860052108765
Sobol,45,"[(-100, 100)]",100,1000,100,F172017,19080041.42037523,21.577234029769897
HDS,45,"[(-100, 100)]",50,1000,100,F162017,174456676.85292852,121.06713604927064
Sobol,45,"[(-100, 100)]",10,1000,100,F182017,1808.4011635329623,21.79314112663269
HDS,45,"[(-100, 100)]",30,1000,100,F182017,110669.18313369136,46.25934791564941
HDS,45,"[(-100, 100)]",10,1000,100,F192017,1824.8766819517143,43.88221716880798
HDS,45,"[(-100, 100)]",50,1000,100,F182017,18345992.458721653,62.64024019241333
Sobol,45,"[(-100, 100)]",30,1000,100,F162017,87760.75250079617,83.02732682228088
Sobol,45,"[(-100, 100)]",30,1000,100,F182017,543835.5905674684,47.03057599067688
Sobol,45,"[(-100, 100)]",10,1000,100,F192017,1832.9529784478316,44.76061105728149
HDS,45,"[(-100, 100)]",100,1000,100,F182017,849428114.6944458,102.54393291473389
HDS,45,"[(-100, 100)]",10,1000,100,F202017,2130.9863582985204,9.558115005493164
HDS,45,"[(-100, 100)]",30,1000,100,F192017,3150.725957877042,81.66273427009583
Sobol,45,"[(-100, 100)]",10,1000,100,F202017,2153.155121487453,9.07156467437744
HDS,45,"[(-100, 100)]",100,1000,100,F162017,70027061465.475,214.01696300506592
Sobol,45,"[(-100, 100)]",50,1000,100,F182017,9835933.249606686,61.40237593650818
HDS,45,"[(-100, 100)]",30,1000,100,F202017,2307.4598824912227,23.102619886398315
Sobol,45,"[(-100, 100)]",50,1000,100,F162017,70084046.3053279,116.671302318573
HDS,45,"[(-100, 100)]",50,1000,100,F202017,4008.604015193088,23.723459005355835
Sobol,45,"[(-100, 100)]",30,1000,100,F202017,2360.76907309033,23.17669010162353
HDS,45,"[(-100, 100)]",100,1000,100,F202017,52158.67882522334,25.936607122421265
HDS,45,"[(-100, 100)]",10,1000,100,F212017,2212.510943169903,3.309791088104248
Sobol,45,"[(-100, 100)]",50,1000,100,F202017,4206.699442765438,23.35395884513855
Sobol,45,"[(-100, 100)]",10,1000,100,F212017,2216.6608037419887,3.4063310623168945
HDS,45,"[(-100, 100)]",50,1000,100,F192017,2702.3806639013173,119.69759392738342
Sobol,45,"[(-100, 100)]",100,1000,100,F202017,20171.885874891497,24.62058711051941
Sobol,45,"[(-100, 100)]",30,1000,100,F192017,3008.430512773245,79.98709511756897
HDS,45,"[(-100, 100)]",30,1000,100,F212017,2310.30458577782,24.35236096382141
HDS,45,"[(-100, 100)]",50,1000,100,F212017,2478.42902969498,28.81344199180603
Sobol,45,"[(-100, 100)]",100,1000,100,F182017,495148060.6861168,99.23542785644533
HDS,45,"[(-100, 100)]",10,1000,100,F22017,200.7380816504241,14.623799085617064
HDS,45,"[(-100, 100)]",30,1000,100,F22017,15438.486170390606,14.875929832458496
Sobol,45,"[(-100, 100)]",30,1000,100,F212017,2296.3102832879736,28.30702781677246
Sobol,45,"[(-100, 100)]",10,1000,100,F22017,202.1568544625278,14.583101987838743
HDS,45,"[(-100, 100)]",100,1000,100,F212017,3101.978617851576,31.91232109069824
Sobol,45,"[(-100, 100)]",50,1000,100,F212017,2443.89515819626,29.225502967834476
Sobol,45,"[(-100, 100)]",30,1000,100,F22017,21178.54959245704,15.163713216781616
HDS,45,"[(-100, 100)]",50,1000,100,F22017,72154.4369499762,16.23460602760315
HDS,45,"[(-100, 100)]",100,1000,100,F22017,254771.4936965178,17.200191974639893
HDS,45,"[(-100, 100)]",10,1000,100,F222017,2357.6708125587693,12.00091791152954
Sobol,45,"[(-100, 100)]",10,1000,100,F222017,2342.7332485573684,12.079974889755247
Sobol,45,"[(-100, 100)]",50,1000,100,F22017,58780.26251064993,15.021230220794678
Sobol,45,"[(-100, 100)]",100,1000,100,F22017,265475.6966403309,15.615195751190186
Sobol,45,"[(-100, 100)]",100,1000,100,F212017,3314.741142537481,31.397279024124146
HDS,45,"[(-100, 100)]",30,1000,100,F222017,3305.5646211980475,31.34603786468506
HDS,45,"[(-100, 100)]",10,1000,100,F232017,2445.2748987505056,10.741505146026611
Sobol,45,"[(-100, 100)]",10,1000,100,F232017,2540.119875487359,11.41356372833252
HDS,45,"[(-100, 100)]",30,1000,100,F232017,2987.714487748545,25.7253737449646
HDS,45,"[(-100, 100)]",50,1000,100,F222017,9269.650243632015,31.83137607574463
HDS,45,"[(-100, 100)]",100,1000,100,F222017,21599.66877055224,34.67902731895447
Sobol,45,"[(-100, 100)]",30,1000,100,F222017,2885.2703186574427,31.192786931991577
HDS,45,"[(-100, 100)]",100,1000,100,F192017,6045.824560532845,218.53186774253845
HDS,45,"[(-100, 100)]",50,1000,100,F232017,6381.903197712365,28.49530601501465
Sobol,45,"[(-100, 100)]",30,1000,100,F232017,3339.008566999144,27.472370862960812
Sobol,45,"[(-100, 100)]",50,1000,100,F192017,2413.5560483853224,123.1414439678192
Sobol,45,"[(-100, 100)]",50,1000,100,F222017,10125.830751597276,32.989089012146
HDS,45,"[(-100, 100)]",10,1000,100,F242017,2890.424373157159,11.858582019805908
Sobol,45,"[(-100, 100)]",100,1000,100,F222017,28655.905690793574,35.23938703536987
HDS,45,"[(-100, 100)]",100,1000,100,F232017,42864.733312838034,30.76121616363525
Sobol,45,"[(-100, 100)]",10,1000,100,F242017,2892.8505458839663,9.028323888778688
Sobol,45,"[(-100, 100)]",100,1000,100,F162017,137863069653.9446,211.020231962204
Sobol,45,"[(-100, 100)]",50,1000,100,F232017,9650.693464619442,27.61665987968445
HDS,45,"[(-100, 100)]",30,1000,100,F242017,2884.5826923387576,31.15639019012451
HDS,45,"[(-100, 100)]",10,1000,100,F252017,2968.4891592891668,22.13437795639038
HDS,45,"[(-100, 100)]",50,1000,100,F242017,3882.6170946166817,34.514744997024536
Sobol,45,"[(-100, 100)]",100,1000,100,F232017,43045.69460381392,33.59437108039856
HDS,45,"[(-100, 100)]",100,1000,100,F242017,8204.002992409823,37.269181966781616
Sobol,45,"[(-100, 100)]",10,1000,100,F252017,2973.691508287656,13.705377101898192
Sobol,45,"[(-100, 100)]",30,1000,100,F242017,2876.8680234445856,27.79709506034851
HDS,45,"[(-100, 100)]",10,1000,100,F262017,2995.33745725841,12.836801052093506
Sobol,45,"[(-100, 100)]",50,1000,100,F242017,4012.853645409669,31.703011989593502
Sobol,45,"[(-100, 100)]",10,1000,100,F262017,3006.6656395683294,11.356284141540527
Sobol,45,"[(-100, 100)]",100,1000,100,F242017,7230.881581238182,33.96397590637207
HDS,45,"[(-100, 100)]",10,1000,100,F272017,2809.7106726416946,12.942731857299805
HDS,45,"[(-100, 100)]",30,1000,100,F252017,3393.639153881564,85.8076479434967
Sobol,45,"[(-100, 100)]",10,1000,100,F272017,2826.8910052392253,14.52383804321289
HDS,45,"[(-100, 100)]",50,1000,100,F252017,4720.341034813907,113.70649814605711
HDS,45,"[(-100, 100)]",30,1000,100,F262017,3189.324791959215,87.91808485984802
HDS,45,"[(-100, 100)]",30,1000,100,F272017,2880.67389248386,65.51827716827393
HDS,45,"[(-100, 100)]",50,1000,100,F262017,3556.233764347415,138.29260897636414
Sobol,45,"[(-100, 100)]",30,1000,100,F252017,3400.127484894743,107.42048621177672
Sobol,45,"[(-100, 100)]",30,1000,100,F272017,3190.270112104205,59.711369037628174
Sobol,45,"[(-100, 100)]",100,1000,100,F192017,7999.080171204486,266.7327001094818
Sobol,45,"[(-100, 100)]",30,1000,100,F262017,3212.600576192257,112.50145602226256
HDS,45,"[(-100, 100)]",100,1000,100,F252017,19680.860629981074,216.84162282943728
Sobol,45,"[(-100, 100)]",50,1000,100,F252017,4634.216207094116,143.15754890441897
HDS,45,"[(-100, 100)]",100,1000,100,F262017,5441.367420144994,216.5119240283966
HDS,45,"[(-100, 100)]",50,1000,100,F272017,3245.7905840857675,120.0826940536499
Sobol,45,"[(-100, 100)]",50,1000,100,F262017,3897.3187245114186,126.90018773078918
HDS,45,"[(-100, 100)]",10,1000,100,F282017,4005.432517481658,82.4605438709259
HDS,45,"[(-100, 100)]",30,1000,100,F282017,2896206.1805940727,141.80271005630493
Sobol,45,"[(-100, 100)]",10,1000,100,F282017,4217.078141095543,81.68366289138794
HDS,45,"[(-100, 100)]",100,1000,100,F272017,4585.0419191047895,217.04710578918457
Sobol,45,"[(-100, 100)]",50,1000,100,F272017,3204.8712048592806,142.82667303085327
HDS,45,"[(-100, 100)]",50,1000,100,F282017,312861942.91003805,225.48598718643188
Sobol,45,"[(-100, 100)]",100,1000,100,F252017,23992.50550563657,244.4350929260254
HDS,45,"[(-100, 100)]",10,1000,100,F292017,,91.07296204566956
Sobol,45,"[(-100, 100)]",100,1000,100,F262017,4743.55899722096,245.9625658988953
Sobol,45,"[(-100, 100)]",30,1000,100,F282017,18386824.752403334,155.46425890922546
HDS,45,"[(-100, 100)]",30,1000,100,F292017,7112240.670516785,81.11786890029907
Sobol,45,"[(-100, 100)]",10,1000,100,F292017,,49.72649121284485
HDS,45,"[(-100, 100)]",10,1000,100,F32017,309.7866347048697,6.671121120452881
Sobol,45,"[(-100, 100)]",10,1000,100,F32017,309.28886867307875,6.453617811203003
HDS,45,"[(-100, 100)]",30,1000,100,F32017,344.4938158454475,16.099976062774658
HDS,45,"[(-100, 100)]",50,1000,100,F32017,1147.6972637043832,16.79640293121338
HDS,45,"[(-100, 100)]",50,1000,100,F292017,1377965984.2628124,82.39732193946838
Sobol,45,"[(-100, 100)]",30,1000,100,F32017,366.5939559690148,15.412050008773804
Sobol,45,"[(-100, 100)]",50,1000,100,F32017,919.4774402015468,17.1665461063385
HDS,45,"[(-100, 100)]",100,1000,100,F32017,5345.801280008433,17.23012089729309
HDS,45,"[(-100, 100)]",10,1000,100,F42017,431.7310737337659,15.726675987243652
Sobol,45,"[(-100, 100)]",30,1000,100,F292017,15123325.264225138,63.33062410354614
Sobol,45,"[(-100, 100)]",100,1000,100,F32017,9398.785793500816,15.79200291633606
Sobol,45,"[(-100, 100)]",10,1000,100,F42017,438.9913718408998,15.359813928604126
HDS,45,"[(-100, 100)]",30,1000,100,F42017,799.7866516227053,15.383408308029177
HDS,45,"[(-100, 100)]",50,1000,100,F42017,2270.961697721526,15.535563945770264
Sobol,45,"[(-100, 100)]",100,1000,100,F272017,4575.983884591195,194.721253156662
HDS,45,"[(-100, 100)]",10,1000,100,F52017,500.006466278253,0.5186018943786621
Sobol,45,"[(-100, 100)]",10,1000,100,F52017,500.0039594593347,0.2098479270935058
HDS,45,"[(-100, 100)]",30,1000,100,F52017,500.0270776753232,0.7564249038696289
Sobol,45,"[(-100, 100)]",30,1000,100,F52017,500.0367039967096,0.4154400825500488
HDS,45,"[(-100, 100)]",50,1000,100,F52017,500.0590803236885,1.7341430187225342
Sobol,45,"[(-100, 100)]",50,1000,100,F52017,500.09712901645486,0.6652588844299316
Sobol,45,"[(-100, 100)]",30,1000,100,F42017,665.6103104309473,18.18278288841248
HDS,45,"[(-100, 100)]",100,1000,100,F52017,500.09798139534826,3.3970770835876465
HDS,45,"[(-100, 100)]",100,1000,100,F42017,36033.33813181617,20.222295999526978
Sobol,45,"[(-100, 100)]",100,1000,100,F52017,500.1402517138662,0.7516872882843018
Sobol,45,"[(-100, 100)]",50,1000,100,F282017,849033043.5630072,157.00148916244507
HDS,45,"[(-100, 100)]",100,1000,100,F282017,22101962380.879887,323.847736120224
Sobol,45,"[(-100, 100)]",50,1000,100,F42017,5107.089313374893,19.2847318649292
HDS,45,"[(-100, 100)]",100,1000,100,F292017,5995849627.344996,123.96281504631042
Sobol,45,"[(-100, 100)]",100,1000,100,F42017,39025.72205003232,16.065988302230835
HDS,45,"[(-100, 100)]",10,1000,100,F62017,639.708742569742,17.546093940734863
HDS,45,"[(-100, 100)]",30,1000,100,F62017,2316.477071476216,17.523802995681763
Sobol,45,"[(-100, 100)]",50,1000,100,F292017,735216877.972402,83.09760999679565
HDS,45,"[(-100, 100)]",50,1000,100,F62017,188490.0443810784,17.24526309967041
HDS,45,"[(-100, 100)]",100,1000,100,F62017,1131735.2852411224,18.737828969955444
Sobol,45,"[(-100, 100)]",10,1000,100,F62017,636.7841684289258,16.871927976608276
Sobol,45,"[(-100, 100)]",30,1000,100,F62017,1971.2271586053623,17.362817764282227
HDS,45,"[(-100, 100)]",10,1000,100,F72017,734.1725398617656,20.625046968460083
HDS,45,"[(-100, 100)]",30,1000,100,F72017,1169.7288102570174,21.1246120929718
Sobol,45,"[(-100, 100)]",50,1000,100,F62017,34416.83861745742,17.044595956802368
HDS,45,"[(-100, 100)]",10,1000,100,F82017,801.4273364318078,0.7463560104370117
Sobol,45,"[(-100, 100)]",10,1000,100,F82017,801.3492902669229,0.6010439395904541
Sobol,45,"[(-100, 100)]",100,1000,100,F62017,1217199.939140916,17.708760976791382
HDS,45,"[(-100, 100)]",30,1000,100,F82017,806.549067545924,5.608224868774414
Sobol,45,"[(-100, 100)]",30,1000,100,F82017,810.4440036135568,4.265729904174805
HDS,45,"[(-100, 100)]",50,1000,100,F72017,1746.1390257617118,22.07335114479065
Sobol,45,"[(-100, 100)]",10,1000,100,F72017,731.9166939216219,20.40203595161438
HDS,45,"[(-100, 100)]",50,1000,100,F82017,819.1754778188961,14.268506050109863
HDS,45,"[(-100, 100)]",100,1000,100,F72017,2904.8148360022915,22.962295055389404
Sobol,45,"[(-100, 100)]",30,1000,100,F72017,1151.9747912688413,21.43010187149048
HDS,45,"[(-100, 100)]",100,1000,100,F82017,878.4473599283723,18.946324825286865
Sobol,45,"[(-100, 100)]",50,1000,100,F82017,816.9215761598982,12.756461143493652
Sobol,45,"[(-100, 100)]",50,1000,100,F72017,1617.2852556797773,20.961446285247803
HDS,45,"[(-100, 100)]",10,1000,100,F92017,-1344.384319423153,20.443768978118896
Sobol,45,"[(-100, 100)]",100,1000,100,F72017,3127.8226735705,22.28000807762146
HDS,45,"[(-100, 100)]",30,1000,100,F92017,4033.558776377229,21.71255707740784
Sobol,45,"[(-100, 100)]",100,1000,100,F82017,918.2906849611946,17.80133819580078
HDS,45,"[(-100, 100)]",50,1000,100,F92017,7245.773153380913,22.046661138534542
Sobol,45,"[(-100, 100)]",10,1000,100,F92017,-1280.9622948514134,20.406778812408447
HDS,46,"[(-100, 100)]",10,1000,100,F102017,1076.082894030541,17.750838041305542
HDS,45,"[(-100, 100)]",100,1000,100,F92017,25400.632288053326,24.50934910774231
Sobol,45,"[(-100, 100)]",30,1000,100,F92017,2623.179737091439,20.8433210849762
HDS,46,"[(-100, 100)]",30,1000,100,F102017,95525.512448542,17.97494101524353
Sobol,45,"[(-100, 100)]",50,1000,100,F92017,9254.54984917282,21.30027794837952
Sobol,46,"[(-100, 100)]",10,1000,100,F102017,1098.1719981183678,17.47356605529785
HDS,46,"[(-100, 100)]",50,1000,100,F102017,280156.7295902628,17.923248052597046
Sobol,45,"[(-100, 100)]",100,1000,100,F92017,25087.20083456184,21.773530960083008
HDS,46,"[(-100, 100)]",100,1000,100,F102017,1277403.1048910185,19.475159168243408
Sobol,46,"[(-100, 100)]",30,1000,100,F102017,81858.15606309922,17.36310076713562
Sobol,45,"[(-100, 100)]",100,1000,100,F292017,14053688808.64166,118.68475532531738
Sobol,46,"[(-100, 100)]",50,1000,100,F102017,261465.8921637632,17.78433585166931
HDS,46,"[(-100, 100)]",10,1000,100,F112017,50460.51968904112,21.75656008720398
HDS,46,"[(-100, 100)]",30,1000,100,F112017,36767904.89319974,22.33793878555298
Sobol,46,"[(-100, 100)]",100,1000,100,F102017,731620.328924971,18.30575108528137
HDS,46,"[(-100, 100)]",10,1000,100,F12017,16798.411357137982,14.057277917861938
HDS,46,"[(-100, 100)]",50,1000,100,F112017,227858776.98734984,23.29825592041016
HDS,46,"[(-100, 100)]",100,1000,100,F112017,7405160122.472538,24.880416870117188
HDS,46,"[(-100, 100)]",30,1000,100,F12017,45525656.34626858,15.088021039962769
Sobol,46,"[(-100, 100)]",10,1000,100,F12017,40041.4610706073,15.659169912338257
HDS,46,"[(-100, 100)]",50,1000,100,F12017,875041540.5929475,16.428624153137207
Sobol,46,"[(-100, 100)]",10,1000,100,F112017,95382.66314589365,23.97745680809021
Sobol,46,"[(-100, 100)]",30,1000,100,F112017,28473634.274733648,24.654412031173703
Sobol,46,"[(-100, 100)]",30,1000,100,F12017,81497153.05582817,16.19536280632019
Sobol,46,"[(-100, 100)]",50,1000,100,F112017,181029432.36584464,26.00579309463501
Sobol,46,"[(-100, 100)]",50,1000,100,F12017,2056138500.3057249,16.38930583000183
Sobol,46,"[(-100, 100)]",100,1000,100,F112017,4043935008.4512224,26.211037397384644
HDS,46,"[(-100, 100)]",100,1000,100,F12017,37697209997.18335,18.486060857772827
HDS,46,"[(-100, 100)]",10,1000,100,F122017,1417.4464735444897,21.147804260253903
HDS,46,"[(-100, 100)]",30,1000,100,F122017,136496.02975911374,21.357741832733154
HDS,46,"[(-100, 100)]",50,1000,100,F122017,20734522.398463182,21.122761964797974
Sobol,46,"[(-100, 100)]",100,1000,100,F12017,32880162926.40184,15.122241735458374
HDS,46,"[(-100, 100)]",10,1000,100,F132017,1363.064763031281,20.03675007820129
HDS,46,"[(-100, 100)]",100,1000,100,F122017,1023051431.6960238,21.99173402786255
HDS,46,"[(-100, 100)]",30,1000,100,F132017,375285.9186211407,21.36851978302002
Sobol,46,"[(-100, 100)]",10,1000,100,F122017,1337.201031549056,19.125712156295776
Sobol,46,"[(-100, 100)]",30,1000,100,F122017,1632879.4648832404,19.55024719238281
Sobol,46,"[(-100, 100)]",50,1000,100,F122017,25280718.79081562,19.726485013961792
Sobol,46,"[(-100, 100)]",10,1000,100,F132017,1412.355109144333,19.249558687210083
HDS,46,"[(-100, 100)]",50,1000,100,F132017,1625641.993623361,23.07060194015503
Sobol,46,"[(-100, 100)]",100,1000,100,F122017,2422349810.016773,20.354188919067383
Sobol,46,"[(-100, 100)]",30,1000,100,F132017,163256.28872391523,21.034013986587524
HDS,46,"[(-100, 100)]",10,1000,100,F142017,1654.327520785141,19.631807327270508
HDS,46,"[(-100, 100)]",30,1000,100,F142017,3315186.6830456955,20.232594966888428
HDS,46,"[(-100, 100)]",100,1000,100,F132017,32127350.88264571,27.507686853408813
HDS,46,"[(-100, 100)]",50,1000,100,F142017,8623668.171590686,20.52250504493713
HDS,46,"[(-100, 100)]",100,1000,100,F142017,1069419280.049096,21.6769700050354
Sobol,46,"[(-100, 100)]",50,1000,100,F132017,1813525.588744024,22.727635145187374
HDS,46,"[(-100, 100)]",10,1000,100,F152017,1337.8544129402703,20.706732749938965
Sobol,46,"[(-100, 100)]",10,1000,100,F142017,1900.6192649403831,19.233636140823364
Sobol,46,"[(-100, 100)]",30,1000,100,F142017,7848217.6892762035,19.25101327896118
Sobol,46,"[(-100, 100)]",100,1000,100,F132017,32679761.47450389,25.326338052749637
Sobol,46,"[(-100, 100)]",50,1000,100,F142017,21986885.14306885,19.746551990509037
Sobol,46,"[(-100, 100)]",10,1000,100,F152017,1337.3195845897178,16.59765124320984
Sobol,46,"[(-100, 100)]",100,1000,100,F142017,335824409.3661671,20.56742286682129
HDS,46,"[(-100, 100)]",30,1000,100,F152017,1986.4611212787752,33.9891300201416
Sobol,45,"[(-100, 100)]",100,1000,100,F282017,26313026598.9669,266.23633003234863
HDS,46,"[(-100, 100)]",50,1000,100,F152017,7740.700696912414,39.47076416015625
HDS,46,"[(-100, 100)]",10,1000,100,F172017,,21.46369981765747
HDS,46,"[(-100, 100)]",10,1000,100,F162017,1511.6560209796191,45.76886224746704
HDS,46,"[(-100, 100)]",100,1000,100,F152017,467596.2914599832,54.83621025085449
Sobol,46,"[(-100, 100)]",30,1000,100,F152017,4527.142968766307,33.3365330696106
Sobol,46,"[(-100, 100)]",10,1000,100,F172017,,20.90318298339844
Sobol,46,"[(-100, 100)]",50,1000,100,F152017,13244.955900486106,38.98651695251465
HDS,46,"[(-100, 100)]",30,1000,100,F172017,133757.9988479404,21.54882287979126
HDS,46,"[(-100, 100)]",50,1000,100,F172017,1865678.670937252,22.323401927948
HDS,46,"[(-100, 100)]",30,1000,100,F162017,101475.98610173118,84.86410689353943
Sobol,46,"[(-100, 100)]",10,1000,100,F162017,1663.1715955876186,45.24042177200317
HDS,46,"[(-100, 100)]",100,1000,100,F172017,8633097.255625311,23.528839826583862
Sobol,46,"[(-100, 100)]",30,1000,100,F172017,159875.10861888228,21.231333017349243
Sobol,46,"[(-100, 100)]",100,1000,100,F152017,276411.54526137566,54.132993936538696
Sobol,46,"[(-100, 100)]",50,1000,100,F172017,991454.404103848,21.42259693145752
HDS,46,"[(-100, 100)]",10,1000,100,F182017,1809.971585398647,21.70967197418213
Sobol,46,"[(-100, 100)]",100,1000,100,F172017,7796426.579506892,22.084338903427124
HDS,46,"[(-100, 100)]",50,1000,100,F162017,409040576.7024702,122.94279909133913
Sobol,46,"[(-100, 100)]",10,1000,100,F182017,1810.004756430599,21.205988883972168
HDS,46,"[(-100, 100)]",30,1000,100,F182017,126330.96059303371,48.20654678344727
HDS,46,"[(-100, 100)]",10,1000,100,F192017,1841.410725395188,46.06743597984314
HDS,46,"[(-100, 100)]",50,1000,100,F182017,1774882.1439028597,64.3411660194397
Sobol,46,"[(-100, 100)]",30,1000,100,F162017,69929.01016338242,83.8259949684143
Sobol,46,"[(-100, 100)]",30,1000,100,F182017,900655.8299236522,47.731404066085815
Sobol,46,"[(-100, 100)]",10,1000,100,F192017,1840.7189761740365,45.600021839141846
HDS,46,"[(-100, 100)]",100,1000,100,F182017,956677613.91018,106.24025821685792
HDS,46,"[(-100, 100)]",10,1000,100,F202017,2130.051294821224,8.417458772659302
HDS,46,"[(-100, 100)]",30,1000,100,F192017,2412.1182694253266,86.36403107643127
Sobol,46,"[(-100, 100)]",10,1000,100,F202017,2134.7546926635823,8.710986137390137
HDS,46,"[(-100, 100)]",100,1000,100,F162017,298099230596.0192,219.7134931087494
Sobol,46,"[(-100, 100)]",50,1000,100,F182017,14383081.048575437,64.48180389404297
Sobol,46,"[(-100, 100)]",50,1000,100,F162017,64280467.182392746,122.58684492111206
HDS,46,"[(-100, 100)]",30,1000,100,F202017,2474.661397941796,24.88614106178284
HDS,46,"[(-100, 100)]",50,1000,100,F202017,3827.059266007167,25.991729974746704
Sobol,46,"[(-100, 100)]",30,1000,100,F202017,2296.407473764977,24.18853998184204
HDS,46,"[(-100, 100)]",10,1000,100,F212017,2213.1774700212213,2.38961124420166
HDS,46,"[(-100, 100)]",100,1000,100,F202017,42582.2243386038,27.97273015975952
Sobol,46,"[(-100, 100)]",50,1000,100,F202017,4334.322462549178,25.31523895263672
HDS,46,"[(-100, 100)]",50,1000,100,F192017,2676.954185337629,124.6157410144806
Sobol,46,"[(-100, 100)]",100,1000,100,F202017,42135.68949308109,26.2120418548584
Sobol,46,"[(-100, 100)]",10,1000,100,F212017,813.4380358465864,29.17853879928589
Sobol,46,"[(-100, 100)]",30,1000,100,F192017,2672.8735652463206,87.01209592819214
HDS,46,"[(-100, 100)]",30,1000,100,F212017,2326.077344279519,29.500903367996216
Sobol,46,"[(-100, 100)]",100,1000,100,F182017,1020674158.7099384,104.93511700630188
HDS,46,"[(-100, 100)]",10,1000,100,F22017,200.29477253685025,14.382572174072266
HDS,46,"[(-100, 100)]",50,1000,100,F212017,2536.9654056945865,30.43572211265564
HDS,46,"[(-100, 100)]",30,1000,100,F22017,18180.21523634186,15.97847819328308
HDS,46,"[(-100, 100)]",100,1000,100,F212017,3421.339144634266,33.27748394012451
Sobol,46,"[(-100, 100)]",10,1000,100,F22017,200.72647244836529,15.339725017547607
Sobol,46,"[(-100, 100)]",30,1000,100,F212017,2304.89696019884,29.68090224266052
Sobol,46,"[(-100, 100)]",30,1000,100,F22017,23263.10120846797,15.43336820602417
HDS,46,"[(-100, 100)]",50,1000,100,F22017,65763.1087185684,16.08539915084839
HDS,46,"[(-100, 100)]",100,1000,100,F22017,228347.11427566965,17.351243019104004
HDS,46,"[(-100, 100)]",10,1000,100,F222017,2359.26996994585,11.940923929214478
Sobol,46,"[(-100, 100)]",50,1000,100,F212017,2534.945032945723,30.320838928222656
Sobol,46,"[(-100, 100)]",100,1000,100,F212017,3332.2506101917243,32.967045068740845
Sobol,46,"[(-100, 100)]",50,1000,100,F22017,89397.97329691895,16.83826994895935
Sobol,46,"[(-100, 100)]",100,1000,100,F22017,308543.9111301748,17.98980712890625
Sobol,46,"[(-100, 100)]",10,1000,100,F222017,2374.192364160644,17.178898096084595
HDS,46,"[(-100, 100)]",10,1000,100,F232017,2550.6304463777487,11.899086713790894
HDS,46,"[(-100, 100)]",30,1000,100,F222017,3236.679462685094,39.6187789440155
Sobol,46,"[(-100, 100)]",10,1000,100,F232017,2537.274099110752,16.843627214431763
HDS,46,"[(-100, 100)]",50,1000,100,F222017,10565.045946233464,41.07709884643555
HDS,46,"[(-100, 100)]",30,1000,100,F232017,3264.308672296965,34.81614089012146
HDS,46,"[(-100, 100)]",100,1000,100,F222017,25004.67204159575,44.84550404548645
HDS,46,"[(-100, 100)]",100,1000,100,F192017,6174.224880706414,235.7940359115601
Sobol,46,"[(-100, 100)]",50,1000,100,F192017,2667.49455468286,135.9607491493225
HDS,46,"[(-100, 100)]",50,1000,100,F232017,8744.945195924563,31.74714088439941
Sobol,46,"[(-100, 100)]",30,1000,100,F222017,3740.2810437334574,36.99214196205139
Sobol,46,"[(-100, 100)]",30,1000,100,F232017,2849.1390734278766,30.401344060897827
Sobol,46,"[(-100, 100)]",50,1000,100,F222017,8040.345997891298,36.64808011054993
Sobol,46,"[(-100, 100)]",100,1000,100,F222017,32710.993266861013,38.65112113952637
HDS,46,"[(-100, 100)]",10,1000,100,F242017,2887.5034921915453,15.279461860656738
Sobol,46,"[(-100, 100)]",100,1000,100,F162017,15394732780.5213,233.4975910186768
HDS,46,"[(-100, 100)]",100,1000,100,F232017,35419.52157209483,34.77786588668823
Sobol,46,"[(-100, 100)]",10,1000,100,F242017,2890.8815833158774,13.3146550655365
Sobol,46,"[(-100, 100)]",50,1000,100,F232017,7283.955350653975,30.7814199924469
HDS,46,"[(-100, 100)]",30,1000,100,F242017,2871.879286177161,31.235301971435547
HDS,46,"[(-100, 100)]",10,1000,100,F252017,2965.230950660391,18.03706908226013
HDS,46,"[(-100, 100)]",50,1000,100,F242017,4248.649986774535,32.932157039642334
HDS,46,"[(-100, 100)]",100,1000,100,F242017,6653.986375060415,36.59928798675537
Sobol,46,"[(-100, 100)]",100,1000,100,F232017,51961.83555741635,32.82327079772949
Sobol,46,"[(-100, 100)]",10,1000,100,F252017,2501.607199573125,26.677589178085327
Sobol,46,"[(-100, 100)]",30,1000,100,F242017,2867.0912719821254,30.683581113815308
Sobol,46,"[(-100, 100)]",50,1000,100,F242017,3846.4190198347296,31.386146068573
Sobol,46,"[(-100, 100)]",100,1000,100,F242017,8488.229297393838,33.094099044799805
HDS,46,"[(-100, 100)]",10,1000,100,F262017,2967.758002670236,29.47295498847961
HDS,46,"[(-100, 100)]",30,1000,100,F252017,3388.7521146343224,65.36221385002136
Sobol,46,"[(-100, 100)]",10,1000,100,F262017,2997.3872759314854,13.882747888565063
HDS,46,"[(-100, 100)]",10,1000,100,F272017,2839.870277641588,11.47152304649353
Sobol,46,"[(-100, 100)]",10,1000,100,F272017,2812.152195610491,11.039576053619385
HDS,46,"[(-100, 100)]",50,1000,100,F252017,4638.920629076555,111.67015194892883
HDS,46,"[(-100, 100)]",30,1000,100,F262017,3177.120434806595,83.09815096855164
Sobol,46,"[(-100, 100)]",30,1000,100,F252017,3378.407128038153,80.7329568862915
HDS,46,"[(-100, 100)]",50,1000,100,F262017,3771.9704483369455,111.8352198600769
HDS,46,"[(-100, 100)]",30,1000,100,F272017,2863.179287015323,77.47947311401367
Sobol,46,"[(-100, 100)]",100,1000,100,F192017,4204.091979239857,233.2912940979004
Sobol,46,"[(-100, 100)]",30,1000,100,F262017,3226.1615126697598,82.51154088973999
HDS,46,"[(-100, 100)]",100,1000,100,F252017,17141.321600394644,183.17343401908877
Sobol,46,"[(-100, 100)]",50,1000,100,F252017,5078.781355326378,109.61127209663393
HDS,46,"[(-100, 100)]",100,1000,100,F262017,5398.716437922415,186.1400580406189
Sobol,46,"[(-100, 100)]",30,1000,100,F272017,2859.7367375320373,69.74137902259827
HDS,46,"[(-100, 100)]",50,1000,100,F272017,3262.0724140638144,105.44253301620483
Sobol,46,"[(-100, 100)]",50,1000,100,F262017,3737.901954728901,111.66711282730104
HDS,46,"[(-100, 100)]",10,1000,100,F282017,4253.624608253282,71.15592288970947
HDS,46,"[(-100, 100)]",30,1000,100,F282017,7919963.437084214,117.89016604423524
Sobol,46,"[(-100, 100)]",10,1000,100,F282017,4225.605768782577,70.28302311897278
Sobol,46,"[(-100, 100)]",50,1000,100,F272017,3251.4629827872755,98.8660490512848
HDS,46,"[(-100, 100)]",100,1000,100,F272017,4471.7406424795545,177.26910614967346
HDS,46,"[(-100, 100)]",10,1000,100,F292017,,50.83363103866577
Sobol,46,"[(-100, 100)]",100,1000,100,F252017,24102.51249133484,181.42470026016235
HDS,46,"[(-100, 100)]",50,1000,100,F282017,502535807.3183909,164.97283816337583
HDS,46,"[(-100, 100)]",30,1000,100,F292017,28795043.54160268,68.30503511428833
Sobol,46,"[(-100, 100)]",100,1000,100,F262017,5278.335874960356,185.8430459499359
Sobol,46,"[(-100, 100)]",10,1000,100,F292017,,51.651833295822144
HDS,46,"[(-100, 100)]",10,1000,100,F32017,309.2702700649103,5.287545204162598
Sobol,46,"[(-100, 100)]",30,1000,100,F282017,7144020.60112059,118.93549418449402
Sobol,46,"[(-100, 100)]",10,1000,100,F32017,308.23431587967315,6.499940872192383
HDS,46,"[(-100, 100)]",30,1000,100,F32017,381.5350988071797,17.19569993019104
HDS,46,"[(-100, 100)]",50,1000,100,F32017,1129.5912476771095,17.5253849029541
HDS,46,"[(-100, 100)]",50,1000,100,F292017,143167433.66174415,86.9258828163147
Sobol,46,"[(-100, 100)]",30,1000,100,F292017,18535415.619781803,68.29595589637756
Sobol,46,"[(-100, 100)]",30,1000,100,F32017,357.813056318245,17.017728090286255
Sobol,46,"[(-100, 100)]",50,1000,100,F32017,1193.063674258441,16.996299028396606
HDS,46,"[(-100, 100)]",100,1000,100,F32017,8884.58304554462,19.087756156921387
HDS,46,"[(-100, 100)]",10,1000,100,F42017,426.68534857187393,16.48934507369995
HDS,46,"[(-100, 100)]",30,1000,100,F42017,708.0998397533417,16.7959041595459
Sobol,46,"[(-100, 100)]",100,1000,100,F32017,8644.58656420861,17.6863911151886
Sobol,46,"[(-100, 100)]",10,1000,100,F42017,427.63807044192765,15.997920036315918
Sobol,46,"[(-100, 100)]",30,1000,100,F42017,769.3277255846846,16.316016912460327
HDS,46,"[(-100, 100)]",10,1000,100,F52017,500.0041980631779,0.4269239902496338
Sobol,46,"[(-100, 100)]",10,1000,100,F52017,500.0035928735333,0.2603311538696289
HDS,46,"[(-100, 100)]",30,1000,100,F52017,500.0522968625497,0.8943390846252441
Sobol,46,"[(-100, 100)]",30,1000,100,F52017,500.05816079201327,0.4389481544494629
HDS,46,"[(-100, 100)]",50,1000,100,F52017,500.0699833060183,1.093864917755127
Sobol,46,"[(-100, 100)]",50,1000,100,F52017,500.08966344232266,0.464257001876831
HDS,46,"[(-100, 100)]",100,1000,100,F52017,500.1030754286131,2.189150094985962
Sobol,46,"[(-100, 100)]",100,1000,100,F52017,500.13345138279095,0.7595641613006592
HDS,46,"[(-100, 100)]",50,1000,100,F42017,3466.889049608892,16.73745632171631
HDS,46,"[(-100, 100)]",100,1000,100,F42017,32133.378482198663,19.650893926620483
HDS,46,"[(-100, 100)]",100,1000,100,F282017,5696145020.623508,281.0250680446625
Sobol,46,"[(-100, 100)]",100,1000,100,F272017,4921.457464818584,180.798623085022
HDS,46,"[(-100, 100)]",10,1000,100,F62017,653.5034278914698,18.706153869628903
Sobol,46,"[(-100, 100)]",50,1000,100,F42017,3957.671704967705,16.79350519180298
HDS,46,"[(-100, 100)]",100,1000,100,F292017,3034101081.964646,131.13100004196167
Sobol,46,"[(-100, 100)]",100,1000,100,F42017,45973.81718495727,18.320167064666748
HDS,46,"[(-100, 100)]",30,1000,100,F62017,2743.0087178892404,18.98609685897827
Sobol,46,"[(-100, 100)]",50,1000,100,F292017,2334780071.406259,87.05299997329712
Sobol,46,"[(-100, 100)]",10,1000,100,F62017,645.5487523089841,18.170727968215942
HDS,46,"[(-100, 100)]",50,1000,100,F62017,71447.58152466502,19.30482530593872
Sobol,46,"[(-100, 100)]",50,1000,100,F282017,209436336.6909893,167.22896790504456
HDS,46,"[(-100, 100)]",100,1000,100,F62017,1395188.8260287945,21.255619049072266
Sobol,46,"[(-100, 100)]",30,1000,100,F62017,4836.831248764782,19.258743047714237
HDS,46,"[(-100, 100)]",10,1000,100,F72017,738.8682931586363,23.80522394180298
HDS,46,"[(-100, 100)]",30,1000,100,F72017,1189.3068871849914,24.393124103546143
Sobol,46,"[(-100, 100)]",50,1000,100,F62017,48113.083905158586,19.397443771362305
HDS,46,"[(-100, 100)]",10,1000,100,F82017,801.6696634162674,0.960740089416504
Sobol,46,"[(-100, 100)]",10,1000,100,F82017,801.7859313589339,0.9592819213867188
HDS,46,"[(-100, 100)]",30,1000,100,F82017,809.8324347176764,5.286033153533936
Sobol,46,"[(-100, 100)]",100,1000,100,F62017,1312655.08359262,19.27535891532898
HDS,46,"[(-100, 100)]",50,1000,100,F72017,1575.810659685755,24.270430088043213
Sobol,46,"[(-100, 100)]",30,1000,100,F82017,809.444918477014,4.164555788040161
HDS,46,"[(-100, 100)]",100,1000,100,F72017,3248.8344323053857,25.818434715271
HDS,46,"[(-100, 100)]",50,1000,100,F82017,814.4604955262696,10.727231979370115
Sobol,46,"[(-100, 100)]",10,1000,100,F72017,738.0,22.902250051498413
Sobol,46,"[(-100, 100)]",30,1000,100,F72017,1137.2706768041876,23.015002012252808
Sobol,46,"[(-100, 100)]",50,1000,100,F82017,812.6235083560372,13.27864909172058
HDS,46,"[(-100, 100)]",100,1000,100,F82017,903.7624680719218,20.74759602546692
Sobol,46,"[(-100, 100)]",50,1000,100,F72017,1623.5173818475562,23.76060390472412
Sobol,46,"[(-100, 100)]",100,1000,100,F72017,3096.0326252644654,24.029970169067383
HDS,46,"[(-100, 100)]",10,1000,100,F92017,-441.0382518165016,22.2269299030304
HDS,46,"[(-100, 100)]",30,1000,100,F92017,3647.413852819427,23.4470648765564
Sobol,46,"[(-100, 100)]",100,1000,100,F82017,933.7777944635214,19.37921929359436
HDS,46,"[(-100, 100)]",50,1000,100,F92017,9454.480115603912,24.69081115722656
HDS,46,"[(-100, 100)]",100,1000,100,F92017,24546.70124722003,26.25896406173706
HDS,47,"[(-100, 100)]",10,1000,100,F102017,1043.570333566072,19.886019945144653
Sobol,46,"[(-100, 100)]",10,1000,100,F92017,-889.5589113991473,22.56939697265625
Sobol,46,"[(-100, 100)]",30,1000,100,F92017,4096.925822247746,23.05722427368164
HDS,47,"[(-100, 100)]",30,1000,100,F102017,101872.67929525903,20.09571099281311
Sobol,46,"[(-100, 100)]",50,1000,100,F92017,9804.069746872225,24.369457006454468
Sobol,47,"[(-100, 100)]",10,1000,100,F102017,1045.1573263779055,20.011556148529053
Sobol,46,"[(-100, 100)]",100,1000,100,F92017,23427.03745954183,25.140362977981567
HDS,47,"[(-100, 100)]",50,1000,100,F102017,201529.8244584748,21.43370795249939
HDS,47,"[(-100, 100)]",100,1000,100,F102017,933987.4716983492,22.49518704414368
Sobol,47,"[(-100, 100)]",30,1000,100,F102017,143155.52046581364,20.671990156173703
Sobol,46,"[(-100, 100)]",100,1000,100,F292017,1814842012.60545,133.20206308364868
Sobol,47,"[(-100, 100)]",50,1000,100,F102017,292375.3894295185,20.851433277130127
HDS,47,"[(-100, 100)]",10,1000,100,F112017,131133.32198554714,26.6070408821106
HDS,47,"[(-100, 100)]",30,1000,100,F112017,75263356.67345412,26.755999088287357
HDS,47,"[(-100, 100)]",50,1000,100,F112017,329255475.82650834,27.554606914520264
Sobol,47,"[(-100, 100)]",100,1000,100,F102017,1429585.53953986,22.074193000793457
HDS,47,"[(-100, 100)]",10,1000,100,F12017,36417.57092750053,16.52347183227539
HDS,47,"[(-100, 100)]",100,1000,100,F112017,4285156882.169251,28.136860847473145
HDS,47,"[(-100, 100)]",30,1000,100,F12017,75776586.82527065,17.377344131469727
Sobol,47,"[(-100, 100)]",10,1000,100,F12017,3207.263372344262,16.342689990997314
HDS,47,"[(-100, 100)]",50,1000,100,F12017,775775271.6589276,17.31860876083374
Sobol,47,"[(-100, 100)]",10,1000,100,F112017,84409.86888135059,25.682265758514404
Sobol,47,"[(-100, 100)]",30,1000,100,F112017,66230636.85204154,25.83108711242676
Sobol,47,"[(-100, 100)]",50,1000,100,F112017,271256210.4242202,26.09895610809326
Sobol,47,"[(-100, 100)]",30,1000,100,F12017,82181579.09690946,16.608669996261597
Sobol,47,"[(-100, 100)]",50,1000,100,F12017,4447566139.73423,16.693951845169067
Sobol,47,"[(-100, 100)]",100,1000,100,F112017,5291006602.157427,27.131723880767822
HDS,47,"[(-100, 100)]",100,1000,100,F12017,47920563004.75707,18.73438787460327
HDS,47,"[(-100, 100)]",10,1000,100,F122017,1408.7417683133394,22.1506769657135
HDS,47,"[(-100, 100)]",30,1000,100,F122017,246820.599081401,23.21530103683472
HDS,47,"[(-100, 100)]",50,1000,100,F122017,57439105.71149449,23.62810516357422
HDS,47,"[(-100, 100)]",100,1000,100,F122017,7439826467.27935,25.02116823196411
Sobol,47,"[(-100, 100)]",100,1000,100,F12017,52172323012.08066,18.0306339263916
HDS,47,"[(-100, 100)]",10,1000,100,F132017,1374.1429110752858,23.310652017593384
HDS,47,"[(-100, 100)]",30,1000,100,F132017,352817.41271969955,24.685444831848145
Sobol,47,"[(-100, 100)]",10,1000,100,F122017,1556.6016178230009,22.0654411315918
Sobol,47,"[(-100, 100)]",30,1000,100,F122017,135404.33407116382,22.40026092529297
Sobol,47,"[(-100, 100)]",50,1000,100,F122017,34484651.01859526,22.470134019851685
Sobol,47,"[(-100, 100)]",100,1000,100,F122017,7801887587.734382,23.762916088104248
Sobol,47,"[(-100, 100)]",10,1000,100,F132017,1399.2588370143822,22.73599100112915
HDS,47,"[(-100, 100)]",50,1000,100,F132017,2130470.1590631776,26.67207908630371
Sobol,47,"[(-100, 100)]",30,1000,100,F132017,352916.9198337145,24.511091947555546
HDS,47,"[(-100, 100)]",10,1000,100,F142017,1885.205728028648,22.90833306312561
HDS,47,"[(-100, 100)]",30,1000,100,F142017,2239863.16070479,23.76392388343811
HDS,47,"[(-100, 100)]",100,1000,100,F132017,26587861.94914304,32.41223978996277
HDS,47,"[(-100, 100)]",50,1000,100,F142017,6731888.18105777,23.25369501113892
HDS,47,"[(-100, 100)]",100,1000,100,F142017,326890653.89511,24.38814878463745
Sobol,47,"[(-100, 100)]",50,1000,100,F132017,2942458.5183883747,25.341928958892822
HDS,47,"[(-100, 100)]",10,1000,100,F152017,1336.9033350573693,23.4181809425354
Sobol,47,"[(-100, 100)]",10,1000,100,F142017,1656.8786581860372,22.11579203605652
Sobol,47,"[(-100, 100)]",30,1000,100,F142017,1883476.417871843,22.315623998641968
Sobol,47,"[(-100, 100)]",50,1000,100,F142017,4772819.396708166,22.60496711730957
Sobol,47,"[(-100, 100)]",100,1000,100,F142017,1063217127.3237214,22.85498309135437
Sobol,47,"[(-100, 100)]",100,1000,100,F132017,23727111.703473125,30.228626251220703
Sobol,47,"[(-100, 100)]",10,1000,100,F152017,1361.2650743852707,28.11865997314453
Sobol,46,"[(-100, 100)]",100,1000,100,F282017,12809679220.817804,296.541475057602
HDS,47,"[(-100, 100)]",30,1000,100,F152017,1475.730394378669,39.027610063552856
HDS,47,"[(-100, 100)]",50,1000,100,F152017,16717.271583558188,46.36840605735779
HDS,47,"[(-100, 100)]",10,1000,100,F172017,,25.95233583450317
HDS,47,"[(-100, 100)]",10,1000,100,F162017,1504.215178955687,54.438873291015625
HDS,47,"[(-100, 100)]",100,1000,100,F152017,48559.97812401365,64.6265299320221
Sobol,47,"[(-100, 100)]",30,1000,100,F152017,8365.704771547158,39.80558896064758
Sobol,47,"[(-100, 100)]",10,1000,100,F172017,,25.514797925949097
Sobol,47,"[(-100, 100)]",50,1000,100,F152017,13688.131833329571,46.38062906265259
HDS,47,"[(-100, 100)]",30,1000,100,F172017,112377.98678163158,25.57572102546692
HDS,47,"[(-100, 100)]",50,1000,100,F172017,919090.3007947488,26.359992027282715
HDS,47,"[(-100, 100)]",30,1000,100,F162017,34137.14304877233,100.10922503471376
Sobol,47,"[(-100, 100)]",10,1000,100,F162017,1516.0110502700145,55.56368899345398
HDS,47,"[(-100, 100)]",100,1000,100,F172017,11220320.784094786,28.5362286567688
Sobol,47,"[(-100, 100)]",30,1000,100,F172017,125462.94609025418,26.314667224884037
Sobol,47,"[(-100, 100)]",50,1000,100,F172017,824472.4681371588,26.13983392715454
Sobol,47,"[(-100, 100)]",100,1000,100,F152017,145281.79597159135,64.17309308052063
HDS,47,"[(-100, 100)]",10,1000,100,F182017,1807.8880165747291,26.50547790527344
Sobol,47,"[(-100, 100)]",100,1000,100,F172017,17470266.545813497,26.713982105255127
HDS,47,"[(-100, 100)]",50,1000,100,F162017,1023128.2673018402,147.67999410629272
Sobol,47,"[(-100, 100)]",10,1000,100,F182017,1808.9371199508516,24.49082398414612
HDS,47,"[(-100, 100)]",30,1000,100,F182017,262545.00465667003,55.36728191375733
HDS,47,"[(-100, 100)]",10,1000,100,F192017,1830.659760088262,50.99221110343933
HDS,47,"[(-100, 100)]",50,1000,100,F182017,2570670.882434556,73.08561587333679
Sobol,47,"[(-100, 100)]",30,1000,100,F162017,103715.06978419352,96.11709690093994
Sobol,47,"[(-100, 100)]",30,1000,100,F182017,136363.72931082133,53.84377026557922
Sobol,47,"[(-100, 100)]",10,1000,100,F192017,1859.0970465291248,52.41082692146301
HDS,47,"[(-100, 100)]",100,1000,100,F182017,690728490.3680682,120.85341119766235
HDS,47,"[(-100, 100)]",10,1000,100,F202017,2125.758859210955,8.826107740402222
Sobol,47,"[(-100, 100)]",10,1000,100,F202017,2131.4812420571216,8.776909112930298
HDS,47,"[(-100, 100)]",30,1000,100,F192017,2065.9039782161203,98.08311295509338
HDS,47,"[(-100, 100)]",100,1000,100,F162017,133785739590.78757,251.05356812477112
Sobol,47,"[(-100, 100)]",50,1000,100,F182017,5082670.578364837,73.88188529014587
HDS,47,"[(-100, 100)]",30,1000,100,F202017,2491.584416307016,26.179883003234863
Sobol,47,"[(-100, 100)]",50,1000,100,F162017,2562107.925032027,138.17726516723633
HDS,47,"[(-100, 100)]",50,1000,100,F202017,4882.8939011774855,27.66926884651184
Sobol,47,"[(-100, 100)]",30,1000,100,F202017,2396.6148761928416,28.815423011779785
HDS,47,"[(-100, 100)]",10,1000,100,F212017,2218.17179815203,3.022758960723877
Sobol,47,"[(-100, 100)]",10,1000,100,F212017,2216.065750056709,4.082066059112549
Sobol,47,"[(-100, 100)]",50,1000,100,F202017,4018.1196954513616,28.625790119171143
HDS,47,"[(-100, 100)]",100,1000,100,F202017,19394.71122807894,31.978121995925903
HDS,47,"[(-100, 100)]",50,1000,100,F192017,2742.336825107945,141.4988248348236
HDS,47,"[(-100, 100)]",30,1000,100,F212017,2290.1072385805105,32.194374084472656
Sobol,47,"[(-100, 100)]",100,1000,100,F202017,35153.79538983315,31.93716025352478
Sobol,47,"[(-100, 100)]",30,1000,100,F192017,2274.937483336771,96.74785804748537
HDS,47,"[(-100, 100)]",50,1000,100,F212017,2511.1584918670405,36.31052899360657
Sobol,47,"[(-100, 100)]",100,1000,100,F182017,902582771.8914164,120.47997999191284
HDS,47,"[(-100, 100)]",10,1000,100,F22017,200.86149295762985,16.874285221099854
HDS,47,"[(-100, 100)]",30,1000,100,F22017,10735.869063585593,19.4616961479187
Sobol,47,"[(-100, 100)]",30,1000,100,F212017,2294.0852703561063,35.52775192260742
Sobol,47,"[(-100, 100)]",10,1000,100,F22017,201.87619892579983,18.904947996139526
Sobol,47,"[(-100, 100)]",50,1000,100,F212017,2517.0873372569104,36.68067789077759
HDS,47,"[(-100, 100)]",100,1000,100,F212017,3047.6809852164274,40.16424107551575
Sobol,47,"[(-100, 100)]",30,1000,100,F22017,25517.114787238377,19.27170205116272
HDS,47,"[(-100, 100)]",50,1000,100,F22017,85551.54392481924,19.223238945007324
HDS,47,"[(-100, 100)]",10,1000,100,F222017,2360.961888389052,14.035974740982056
HDS,47,"[(-100, 100)]",100,1000,100,F22017,274734.33205732616,19.856281042099
Sobol,47,"[(-100, 100)]",10,1000,100,F222017,2370.2253529816558,12.743903875350952
Sobol,47,"[(-100, 100)]",50,1000,100,F22017,66824.40748027797,17.144088745117188
Sobol,47,"[(-100, 100)]",100,1000,100,F22017,246296.7262387609,18.173859119415283
Sobol,47,"[(-100, 100)]",100,1000,100,F212017,2833.3739727961683,36.533350706100464
HDS,47,"[(-100, 100)]",30,1000,100,F222017,3465.7623223858773,36.71250891685486
HDS,47,"[(-100, 100)]",10,1000,100,F232017,2542.3240247556378,12.799011945724487
Sobol,47,"[(-100, 100)]",10,1000,100,F232017,2541.904202695315,13.70080590248108
HDS,47,"[(-100, 100)]",50,1000,100,F222017,4642.777821445905,39.90844917297363
HDS,47,"[(-100, 100)]",30,1000,100,F232017,2735.4248459523988,32.01453495025635
HDS,47,"[(-100, 100)]",100,1000,100,F222017,43363.35978502092,42.67341828346253
Sobol,47,"[(-100, 100)]",30,1000,100,F222017,3042.1924302130906,37.04092812538147
HDS,47,"[(-100, 100)]",100,1000,100,F192017,5564.913482900506,257.35614800453186
Sobol,47,"[(-100, 100)]",50,1000,100,F192017,2609.5484866968163,145.27248668670654
HDS,47,"[(-100, 100)]",50,1000,100,F232017,5376.025667709535,31.350280046463013
Sobol,47,"[(-100, 100)]",30,1000,100,F232017,3318.5217820403764,29.54156804084778
Sobol,47,"[(-100, 100)]",50,1000,100,F222017,12510.654938935304,36.1215660572052
HDS,47,"[(-100, 100)]",10,1000,100,F242017,2890.813050611622,12.242875814437866
Sobol,47,"[(-100, 100)]",100,1000,100,F222017,35539.28643645484,37.49097609519959
Sobol,47,"[(-100, 100)]",10,1000,100,F242017,2890.0558930091306,8.489931583404541
Sobol,47,"[(-100, 100)]",100,1000,100,F162017,31294271647.40628,245.5474138259888
HDS,47,"[(-100, 100)]",100,1000,100,F232017,47022.22936001653,32.729182958602905
Sobol,47,"[(-100, 100)]",50,1000,100,F232017,6854.072440402321,29.02986788749695
HDS,47,"[(-100, 100)]",30,1000,100,F242017,2866.5799749485177,28.834983825683597
HDS,47,"[(-100, 100)]",50,1000,100,F242017,4567.160601705929,31.439121961593628
HDS,47,"[(-100, 100)]",10,1000,100,F252017,2968.806728679005,21.82258415222168
HDS,47,"[(-100, 100)]",100,1000,100,F242017,7754.435837943943,34.33730483055115
Sobol,47,"[(-100, 100)]",100,1000,100,F232017,55619.75414306719,30.949928045272827
Sobol,47,"[(-100, 100)]",30,1000,100,F242017,2877.3661432437707,31.48845386505127
Sobol,47,"[(-100, 100)]",50,1000,100,F242017,4877.343090294116,31.09817385673523
HDS,47,"[(-100, 100)]",10,1000,100,F262017,3003.253879478604,11.455132961273192
Sobol,47,"[(-100, 100)]",10,1000,100,F252017,2501.3184443366063,38.52116084098816
Sobol,47,"[(-100, 100)]",100,1000,100,F242017,8112.817300298907,33.43457794189453
Sobol,47,"[(-100, 100)]",10,1000,100,F262017,2978.738941532813,13.998183965682983
HDS,47,"[(-100, 100)]",10,1000,100,F272017,2809.135898371692,9.227582216262816
HDS,47,"[(-100, 100)]",30,1000,100,F252017,3399.1611645907046,82.11804628372192
Sobol,47,"[(-100, 100)]",10,1000,100,F272017,2809.877119423988,12.84089183807373
HDS,47,"[(-100, 100)]",50,1000,100,F252017,5079.312998695174,110.88616228103638
HDS,47,"[(-100, 100)]",30,1000,100,F262017,3191.7981637876574,82.34429383277893
Sobol,47,"[(-100, 100)]",30,1000,100,F252017,3388.976687910634,72.09386396408081
HDS,47,"[(-100, 100)]",30,1000,100,F272017,2891.4116763602738,69.58873510360718
HDS,47,"[(-100, 100)]",50,1000,100,F262017,3696.1271384198712,111.86319994926453
Sobol,47,"[(-100, 100)]",100,1000,100,F192017,3885.499301867497,229.7444040775299
Sobol,47,"[(-100, 100)]",30,1000,100,F262017,3182.364402949972,70.92005181312561
Sobol,47,"[(-100, 100)]",30,1000,100,F272017,3189.4401789582785,46.70186400413513
HDS,47,"[(-100, 100)]",100,1000,100,F252017,18673.868721199942,185.3109118938446
Sobol,47,"[(-100, 100)]",50,1000,100,F252017,5668.229631637188,108.1528627872467
HDS,47,"[(-100, 100)]",100,1000,100,F262017,5332.625509694526,185.6715271472931
HDS,47,"[(-100, 100)]",50,1000,100,F272017,3254.229521409424,106.3262050151825
HDS,47,"[(-100, 100)]",10,1000,100,F282017,3978.983535887026,72.46955680847168
Sobol,47,"[(-100, 100)]",50,1000,100,F262017,3649.202962821824,113.31751799583436
HDS,47,"[(-100, 100)]",30,1000,100,F282017,3400233.8950548344,119.2404432296753
Sobol,47,"[(-100, 100)]",10,1000,100,F282017,4035.579131692558,70.79004216194153
Sobol,47,"[(-100, 100)]",50,1000,100,F272017,3257.97283083065,105.2454137802124
HDS,47,"[(-100, 100)]",100,1000,100,F272017,4700.35334448559,179.85291481018066
HDS,47,"[(-100, 100)]",50,1000,100,F282017,105954207.6184431,165.90642404556274
HDS,47,"[(-100, 100)]",10,1000,100,F292017,,50.20366287231445
Sobol,47,"[(-100, 100)]",100,1000,100,F252017,20831.33644841397,184.1072947978973
HDS,47,"[(-100, 100)]",30,1000,100,F292017,41100797.52951693,67.44922685623169
Sobol,47,"[(-100, 100)]",100,1000,100,F262017,5227.990004001467,184.9409930706024
Sobol,47,"[(-100, 100)]",30,1000,100,F282017,113494753.50295864,116.66289591789246
Sobol,47,"[(-100, 100)]",10,1000,100,F292017,,50.37144708633423
HDS,47,"[(-100, 100)]",10,1000,100,F32017,308.919680149069,5.429310083389282
Sobol,47,"[(-100, 100)]",10,1000,100,F32017,309.27521181747,6.132176876068115
HDS,47,"[(-100, 100)]",30,1000,100,F32017,348.542443433824,17.02280282974243
HDS,47,"[(-100, 100)]",50,1000,100,F32017,1084.7985238577353,17.00963306427002
Sobol,47,"[(-100, 100)]",30,1000,100,F32017,462.243524748922,16.285961866378784
HDS,47,"[(-100, 100)]",50,1000,100,F292017,1501891304.5778134,84.99108099937439
Sobol,47,"[(-100, 100)]",50,1000,100,F32017,751.6823688069661,16.58022713661194
HDS,47,"[(-100, 100)]",100,1000,100,F32017,7951.066658293806,18.17159485816956
Sobol,47,"[(-100, 100)]",30,1000,100,F292017,40172803.799635954,66.47696280479431
HDS,47,"[(-100, 100)]",10,1000,100,F42017,433.8752847739137,15.89157509803772
HDS,47,"[(-100, 100)]",30,1000,100,F42017,719.5582469886408,16.155627965927124
Sobol,47,"[(-100, 100)]",100,1000,100,F32017,9220.03542769122,17.172436952590942
Sobol,47,"[(-100, 100)]",10,1000,100,F42017,431.52134729950194,15.5554780960083
Sobol,47,"[(-100, 100)]",30,1000,100,F42017,705.036606924458,15.452903270721436
HDS,47,"[(-100, 100)]",10,1000,100,F52017,500.0018705099674,0.3968319892883301
Sobol,47,"[(-100, 100)]",10,1000,100,F52017,500.0013715492856,0.221668004989624
HDS,47,"[(-100, 100)]",30,1000,100,F52017,500.0440753761476,0.6699438095092773
HDS,47,"[(-100, 100)]",50,1000,100,F42017,8476.753564015744,16.32402515411377
Sobol,47,"[(-100, 100)]",30,1000,100,F52017,500.0535573722767,0.3438072204589844
HDS,47,"[(-100, 100)]",50,1000,100,F52017,500.0548599842167,0.9786851406097412
Sobol,47,"[(-100, 100)]",50,1000,100,F52017,500.08604659117344,0.4595279693603515
HDS,47,"[(-100, 100)]",100,1000,100,F52017,500.106664988091,1.9684197902679443
Sobol,47,"[(-100, 100)]",100,1000,100,F52017,500.1339959576164,0.7520148754119873
HDS,47,"[(-100, 100)]",100,1000,100,F42017,12847.135837392709,17.95813798904419
Sobol,47,"[(-100, 100)]",50,1000,100,F42017,2059.009815792926,16.123761892318726
Sobol,47,"[(-100, 100)]",50,1000,100,F282017,187445141.9776195,161.799134016037
Sobol,47,"[(-100, 100)]",100,1000,100,F42017,42801.31504187894,16.430959939956665
HDS,47,"[(-100, 100)]",10,1000,100,F62017,648.1584982580464,17.788332223892212
Sobol,47,"[(-100, 100)]",100,1000,100,F272017,4272.773908496821,177.76175212860107
HDS,47,"[(-100, 100)]",100,1000,100,F282017,7814936558.144439,275.6424698829651
HDS,47,"[(-100, 100)]",100,1000,100,F292017,26380168373.97049,126.00275015830994
HDS,47,"[(-100, 100)]",30,1000,100,F62017,2646.707849679574,18.151915788650516
Sobol,47,"[(-100, 100)]",50,1000,100,F292017,2015205483.4272816,83.05273604393005
Sobol,47,"[(-100, 100)]",10,1000,100,F62017,646.2704706775736,17.56879496574402
HDS,47,"[(-100, 100)]",50,1000,100,F62017,30578.00275326701,18.547137022018436
HDS,47,"[(-100, 100)]",100,1000,100,F62017,879875.7988598759,19.79727506637573
HDS,47,"[(-100, 100)]",10,1000,100,F72017,742.9026876653728,22.742137908935547
Sobol,47,"[(-100, 100)]",30,1000,100,F62017,1435.3238302411487,19.268059253692627
Sobol,47,"[(-100, 100)]",50,1000,100,F62017,98393.35296422124,19.65337085723877
HDS,47,"[(-100, 100)]",30,1000,100,F72017,1129.0194495776398,24.560131788253784
HDS,47,"[(-100, 100)]",10,1000,100,F82017,802.4631409255961,1.27225923538208
Sobol,47,"[(-100, 100)]",100,1000,100,F62017,1193987.14204581,20.504967212677
Sobol,47,"[(-100, 100)]",10,1000,100,F82017,802.2176413451978,1.2198138236999512
HDS,47,"[(-100, 100)]",50,1000,100,F72017,1681.3706525504938,25.34128999710083
HDS,47,"[(-100, 100)]",30,1000,100,F82017,808.066240713312,4.402011871337891
Sobol,47,"[(-100, 100)]",30,1000,100,F82017,810.374711650352,3.173933982849121
Sobol,47,"[(-100, 100)]",10,1000,100,F72017,731.6324297967503,23.9519202709198
HDS,47,"[(-100, 100)]",50,1000,100,F82017,815.755751321805,13.54623007774353
HDS,47,"[(-100, 100)]",100,1000,100,F72017,3165.1503863034923,26.357319831848145
Sobol,47,"[(-100, 100)]",30,1000,100,F72017,1079.1214131840538,23.89785408973694
Sobol,47,"[(-100, 100)]",50,1000,100,F72017,1570.894762819823,23.05428671836853
HDS,47,"[(-100, 100)]",100,1000,100,F82017,914.4389255686287,20.890082836151123
Sobol,47,"[(-100, 100)]",50,1000,100,F82017,816.9362341960301,15.722418785095217
HDS,47,"[(-100, 100)]",10,1000,100,F92017,-1272.8750679552877,22.944674730300903
Sobol,47,"[(-100, 100)]",100,1000,100,F72017,3061.185301777268,24.40225291252136
HDS,47,"[(-100, 100)]",30,1000,100,F92017,3085.4067236030933,24.098366260528564
Sobol,47,"[(-100, 100)]",100,1000,100,F82017,879.1335790094239,19.99582576751709
HDS,47,"[(-100, 100)]",50,1000,100,F92017,10108.50691087251,24.430665969848636
Sobol,47,"[(-100, 100)]",10,1000,100,F92017,-1432.235240267657,22.669967889785767
HDS,47,"[(-100, 100)]",100,1000,100,F92017,23686.36548129351,26.898907899856567
HDS,48,"[(-100, 100)]",10,1000,100,F102017,1050.702288437976,20.70475006103516
HDS,48,"[(-100, 100)]",30,1000,100,F102017,71601.02241049676,21.957995176315308
Sobol,47,"[(-100, 100)]",30,1000,100,F92017,2924.453984240339,25.023796796798703
Sobol,47,"[(-100, 100)]",50,1000,100,F92017,8709.5991303309,25.43347716331482
HDS,48,"[(-100, 100)]",50,1000,100,F102017,229875.4044205919,22.564200162887573
Sobol,47,"[(-100, 100)]",100,1000,100,F92017,24468.498285942915,26.700804710388184
Sobol,48,"[(-100, 100)]",10,1000,100,F102017,1082.8644080245576,21.820354223251343
Sobol,48,"[(-100, 100)]",30,1000,100,F102017,118751.65232989709,21.16830587387085
HDS,48,"[(-100, 100)]",100,1000,100,F102017,1080797.0712751,23.83363890647888
Sobol,48,"[(-100, 100)]",50,1000,100,F102017,254640.31930972976,21.691264867782596
Sobol,47,"[(-100, 100)]",100,1000,100,F292017,8669310759.162403,136.28446316719055
HDS,48,"[(-100, 100)]",10,1000,100,F112017,273073.7105346458,26.65815114974976
HDS,48,"[(-100, 100)]",30,1000,100,F112017,45336361.43601704,27.36003828048706
HDS,48,"[(-100, 100)]",50,1000,100,F112017,182672122.8402776,27.524575233459476
HDS,48,"[(-100, 100)]",10,1000,100,F12017,26329.28753175107,16.986791849136353
Sobol,48,"[(-100, 100)]",100,1000,100,F102017,1433627.579989569,22.52916407585144
HDS,48,"[(-100, 100)]",30,1000,100,F12017,40468650.12745888,17.07324504852295
HDS,48,"[(-100, 100)]",100,1000,100,F112017,6103394674.807767,30.303598165512085
Sobol,48,"[(-100, 100)]",10,1000,100,F112017,145862.98276103544,25.426589965820312
Sobol,48,"[(-100, 100)]",10,1000,100,F12017,15920.439998104925,16.474617958068848
HDS,48,"[(-100, 100)]",50,1000,100,F12017,5322360555.135661,17.260167121887207
Sobol,48,"[(-100, 100)]",30,1000,100,F12017,42959092.77065367,16.553618907928467
Sobol,48,"[(-100, 100)]",30,1000,100,F112017,46233784.32188746,25.909912109375
Sobol,48,"[(-100, 100)]",50,1000,100,F112017,184561182.45447528,25.944703817367557
HDS,48,"[(-100, 100)]",100,1000,100,F12017,45518725094.060455,18.801576137542725
Sobol,48,"[(-100, 100)]",100,1000,100,F112017,6061509378.701166,28.181690216064453
Sobol,48,"[(-100, 100)]",50,1000,100,F12017,3247687190.065681,16.73636794090271
HDS,48,"[(-100, 100)]",10,1000,100,F122017,1339.3323702024038,22.025907278060917
HDS,48,"[(-100, 100)]",30,1000,100,F122017,326964.4966717125,22.31373882293701
HDS,48,"[(-100, 100)]",50,1000,100,F122017,24087525.15909594,24.155368089675903
HDS,48,"[(-100, 100)]",100,1000,100,F122017,2778321338.185635,24.466654777526852
Sobol,48,"[(-100, 100)]",100,1000,100,F12017,32936305725.06053,17.174374103546143
HDS,48,"[(-100, 100)]",10,1000,100,F132017,1439.775610173716,22.95380401611328
HDS,48,"[(-100, 100)]",30,1000,100,F132017,234883.87753765617,23.27544593811035
Sobol,48,"[(-100, 100)]",10,1000,100,F122017,1554.3987114221682,21.21935510635376
Sobol,48,"[(-100, 100)]",30,1000,100,F122017,1985807.5493277544,21.414846897125244
Sobol,48,"[(-100, 100)]",50,1000,100,F122017,37105909.24752416,22.33072829246521
Sobol,48,"[(-100, 100)]",100,1000,100,F122017,1630736157.496746,21.545555114746094
HDS,48,"[(-100, 100)]",50,1000,100,F132017,2329713.983820704,24.471083879470825
Sobol,48,"[(-100, 100)]",10,1000,100,F132017,1363.2374566951216,21.95874691009521
Sobol,48,"[(-100, 100)]",30,1000,100,F132017,355133.3416236612,22.696556091308597
HDS,48,"[(-100, 100)]",10,1000,100,F142017,1932.9871472637024,20.84832787513733
HDS,48,"[(-100, 100)]",30,1000,100,F142017,1410477.9422364538,22.360485076904297
HDS,48,"[(-100, 100)]",100,1000,100,F132017,42766330.33568782,28.721105098724365
HDS,48,"[(-100, 100)]",50,1000,100,F142017,9385276.691223944,21.47696805000305
Sobol,48,"[(-100, 100)]",50,1000,100,F132017,4538532.909146463,23.83596992492676
HDS,48,"[(-100, 100)]",10,1000,100,F152017,1337.6428644269815,18.635709047317505
HDS,48,"[(-100, 100)]",100,1000,100,F142017,682141765.9840012,23.47982120513916
Sobol,48,"[(-100, 100)]",10,1000,100,F142017,1991.61218723166,20.532857179641724
Sobol,48,"[(-100, 100)]",50,1000,100,F142017,6127283.633183837,20.839282989501957
Sobol,48,"[(-100, 100)]",30,1000,100,F142017,2028054.1237013612,21.84360289573669
Sobol,48,"[(-100, 100)]",100,1000,100,F132017,49934596.14221663,27.193171977996823
Sobol,48,"[(-100, 100)]",10,1000,100,F152017,1337.665069939762,22.956549882888797
Sobol,48,"[(-100, 100)]",100,1000,100,F142017,1140151663.1312995,22.3634090423584
HDS,48,"[(-100, 100)]",30,1000,100,F152017,3040.4440450227994,35.571998834609985
Sobol,47,"[(-100, 100)]",100,1000,100,F282017,15046814461.104477,293.4872572422028
HDS,48,"[(-100, 100)]",50,1000,100,F152017,11946.883086017897,41.9471480846405
HDS,48,"[(-100, 100)]",10,1000,100,F162017,1652.7349026955335,49.516515254974365
HDS,48,"[(-100, 100)]",10,1000,100,F172017,,22.69579696655273
Sobol,48,"[(-100, 100)]",30,1000,100,F152017,1640.550841309615,35.11634111404419
HDS,48,"[(-100, 100)]",100,1000,100,F152017,172138.16219814954,57.746131896972656
Sobol,48,"[(-100, 100)]",10,1000,100,F172017,,22.3671932220459
Sobol,48,"[(-100, 100)]",50,1000,100,F152017,18843.10360669411,41.46638798713684
HDS,48,"[(-100, 100)]",30,1000,100,F172017,185382.04860098468,22.680912017822266
HDS,48,"[(-100, 100)]",30,1000,100,F162017,195186.15362748303,88.71712398529053
Sobol,48,"[(-100, 100)]",10,1000,100,F162017,1514.7562356796366,49.87113380432129
HDS,48,"[(-100, 100)]",50,1000,100,F172017,1398349.4719683155,23.0369930267334
Sobol,48,"[(-100, 100)]",30,1000,100,F172017,117372.48918551886,22.222690105438232
HDS,48,"[(-100, 100)]",100,1000,100,F172017,29831997.683542717,24.579295873641968
Sobol,48,"[(-100, 100)]",100,1000,100,F152017,612069.1388231887,56.28150177001953
Sobol,48,"[(-100, 100)]",50,1000,100,F172017,585513.5012836369,22.559194087982178
HDS,48,"[(-100, 100)]",10,1000,100,F182017,1806.5055190955288,23.568448781967163
Sobol,48,"[(-100, 100)]",100,1000,100,F172017,14208681.721137444,23.520031929016117
HDS,48,"[(-100, 100)]",50,1000,100,F162017,18208121.822808784,129.8708348274231
Sobol,48,"[(-100, 100)]",10,1000,100,F182017,1809.5111299182129,26.746309995651245
HDS,48,"[(-100, 100)]",30,1000,100,F182017,201285.7243675877,50.56343293190002
HDS,48,"[(-100, 100)]",10,1000,100,F192017,1832.1197502958896,47.61400604248047
HDS,48,"[(-100, 100)]",50,1000,100,F182017,18259645.502636064,67.6954460144043
Sobol,48,"[(-100, 100)]",30,1000,100,F162017,54731.62211214006,88.19384598731995
Sobol,48,"[(-100, 100)]",30,1000,100,F182017,252789.69309253027,50.06127190589905
Sobol,48,"[(-100, 100)]",10,1000,100,F192017,1862.7280180643693,47.98343205451965
HDS,48,"[(-100, 100)]",10,1000,100,F202017,2132.350982740786,9.157199144363403
HDS,48,"[(-100, 100)]",100,1000,100,F182017,97603540.2048434,111.56350994110107
Sobol,48,"[(-100, 100)]",10,1000,100,F202017,2128.31127496928,8.868226051330566
HDS,48,"[(-100, 100)]",30,1000,100,F192017,2839.7094062149754,91.2780101299286
HDS,48,"[(-100, 100)]",100,1000,100,F162017,12327046053.150633,229.10021996498108
Sobol,48,"[(-100, 100)]",50,1000,100,F182017,4121296.634245288,67.49392366409302
HDS,48,"[(-100, 100)]",30,1000,100,F202017,2452.444954062304,25.924005270004272
Sobol,48,"[(-100, 100)]",50,1000,100,F162017,229670964.8465105,129.0233232975006
HDS,48,"[(-100, 100)]",50,1000,100,F202017,3524.357046028432,26.88998818397522
Sobol,48,"[(-100, 100)]",30,1000,100,F202017,2311.1530473916314,25.76571202278137
HDS,48,"[(-100, 100)]",100,1000,100,F202017,25340.715478216887,29.019311904907227
Sobol,48,"[(-100, 100)]",50,1000,100,F202017,4160.585417016845,26.25496506690979
HDS,48,"[(-100, 100)]",50,1000,100,F192017,2485.3447522000097,132.242164850235
HDS,48,"[(-100, 100)]",10,1000,100,F212017,830.7365263882539,30.38525104522705
Sobol,48,"[(-100, 100)]",100,1000,100,F202017,25325.127000123237,27.91943883895874
HDS,48,"[(-100, 100)]",30,1000,100,F212017,2291.047313873398,27.76565980911255
Sobol,48,"[(-100, 100)]",30,1000,100,F192017,2470.173732070417,91.1835081577301
Sobol,48,"[(-100, 100)]",100,1000,100,F182017,1399932986.219231,110.59424424171448
Sobol,48,"[(-100, 100)]",10,1000,100,F212017,1022.1494550947432,31.31393003463745
Sobol,48,"[(-100, 100)]",30,1000,100,F212017,2281.6533437177604,24.821633100509644
HDS,48,"[(-100, 100)]",10,1000,100,F22017,200.35928597004747,14.669786214828491
HDS,48,"[(-100, 100)]",50,1000,100,F212017,2591.99872308219,33.043012857437134
HDS,48,"[(-100, 100)]",30,1000,100,F22017,18197.61278741926,16.53232979774475
HDS,48,"[(-100, 100)]",100,1000,100,F212017,3657.3937153309753,36.81177115440369
HDS,48,"[(-100, 100)]",50,1000,100,F22017,73105.61331259421,16.834566831588745
Sobol,48,"[(-100, 100)]",10,1000,100,F22017,201.87516444232912,16.272350072860718
Sobol,48,"[(-100, 100)]",30,1000,100,F22017,34681.32737795347,16.095860958099365
Sobol,48,"[(-100, 100)]",50,1000,100,F22017,69058.59692994309,16.43825888633728
Sobol,48,"[(-100, 100)]",50,1000,100,F212017,2497.8954165207856,31.93677973747253
HDS,48,"[(-100, 100)]",100,1000,100,F22017,264304.2936541049,18.042802810668945
HDS,48,"[(-100, 100)]",10,1000,100,F222017,2365.273145951416,12.713244199752808
Sobol,48,"[(-100, 100)]",100,1000,100,F212017,3015.238269807937,34.40157079696655
Sobol,48,"[(-100, 100)]",10,1000,100,F222017,2359.9311640368887,11.189372062683104
Sobol,48,"[(-100, 100)]",100,1000,100,F22017,283394.2220217577,16.927905797958374
HDS,48,"[(-100, 100)]",10,1000,100,F232017,2536.4411595227984,11.968873262405396
HDS,48,"[(-100, 100)]",30,1000,100,F222017,2801.1508879413223,34.49199891090393
HDS,48,"[(-100, 100)]",50,1000,100,F222017,6786.188674458107,35.52653193473816
Sobol,48,"[(-100, 100)]",10,1000,100,F232017,2547.240209566905,10.786069869995115
HDS,48,"[(-100, 100)]",100,1000,100,F192017,6069.685549366111,235.6156129837036
HDS,48,"[(-100, 100)]",30,1000,100,F232017,2962.674921274919,29.676964044570923
HDS,48,"[(-100, 100)]",100,1000,100,F222017,27506.32249694141,38.28095293045044
Sobol,48,"[(-100, 100)]",50,1000,100,F192017,3228.4400147995384,134.08024215698242
Sobol,48,"[(-100, 100)]",30,1000,100,F222017,2569.807808585646,33.81605887413025
HDS,48,"[(-100, 100)]",50,1000,100,F232017,6908.47808136248,30.846211910247803
Sobol,48,"[(-100, 100)]",50,1000,100,F222017,11372.692346797245,35.143558740615845
HDS,48,"[(-100, 100)]",10,1000,100,F242017,2891.459492413416,9.04575514793396
Sobol,48,"[(-100, 100)]",30,1000,100,F232017,2768.086171989537,29.699437856674194
Sobol,48,"[(-100, 100)]",100,1000,100,F162017,202904460071.7792,232.0907781124115
Sobol,48,"[(-100, 100)]",10,1000,100,F242017,2911.411327354259,10.821917057037354
Sobol,48,"[(-100, 100)]",100,1000,100,F222017,37568.82174377362,37.65661382675171
HDS,48,"[(-100, 100)]",100,1000,100,F232017,31043.88448863006,32.97735381126404
Sobol,48,"[(-100, 100)]",50,1000,100,F232017,6138.883626551649,30.64371991157532
HDS,48,"[(-100, 100)]",10,1000,100,F252017,2975.115460737294,17.920372009277344
HDS,48,"[(-100, 100)]",30,1000,100,F242017,2910.446268774383,31.66443109512329
HDS,48,"[(-100, 100)]",50,1000,100,F242017,4145.382323245271,32.25666570663452
HDS,48,"[(-100, 100)]",100,1000,100,F242017,6454.167245685791,35.99245572090149
Sobol,48,"[(-100, 100)]",100,1000,100,F232017,38509.28570574698,31.555063009262085
Sobol,48,"[(-100, 100)]",10,1000,100,F252017,2502.677034130879,22.81388282775879
Sobol,48,"[(-100, 100)]",30,1000,100,F242017,2880.045528618719,31.381191968917847
Sobol,48,"[(-100, 100)]",50,1000,100,F242017,4662.0666386660605,31.887967109680176
Sobol,48,"[(-100, 100)]",100,1000,100,F242017,8048.774281646617,34.440157890319824
HDS,48,"[(-100, 100)]",30,1000,100,F252017,3418.809758089984,83.96344494819641
HDS,48,"[(-100, 100)]",10,1000,100,F262017,2396.2571367522246,54.67007112503052
Sobol,48,"[(-100, 100)]",10,1000,100,F262017,2986.072089644271,14.455288887023926
HDS,48,"[(-100, 100)]",10,1000,100,F272017,2820.126394975477,9.838904857635498
HDS,48,"[(-100, 100)]",50,1000,100,F252017,4687.611600809768,113.03994703292848
Sobol,48,"[(-100, 100)]",10,1000,100,F272017,2853.6928277896363,11.193257331848145
HDS,48,"[(-100, 100)]",30,1000,100,F262017,3255.2627120756165,84.55769181251526
Sobol,48,"[(-100, 100)]",30,1000,100,F252017,3401.867155825232,83.00367379188538
HDS,48,"[(-100, 100)]",50,1000,100,F262017,3657.630048072369,115.31932806968688
HDS,48,"[(-100, 100)]",30,1000,100,F272017,2913.837744027373,47.46943998336792
Sobol,48,"[(-100, 100)]",100,1000,100,F192017,4572.606821886129,232.87921476364136
Sobol,48,"[(-100, 100)]",30,1000,100,F262017,3215.6587028713807,85.72363686561584
HDS,48,"[(-100, 100)]",100,1000,100,F252017,25922.96069762464,191.2989809513092
Sobol,48,"[(-100, 100)]",50,1000,100,F252017,4717.14654447779,112.8623549938202
Sobol,48,"[(-100, 100)]",30,1000,100,F272017,2893.02777962535,77.62532210350037
HDS,48,"[(-100, 100)]",100,1000,100,F262017,5401.773807229704,193.181725025177
HDS,48,"[(-100, 100)]",50,1000,100,F272017,3252.4097605589573,110.06218695640564
Sobol,48,"[(-100, 100)]",50,1000,100,F262017,3600.584929070455,115.75186514854433
HDS,48,"[(-100, 100)]",10,1000,100,F282017,4175.774272041851,73.31835865974426
HDS,48,"[(-100, 100)]",30,1000,100,F282017,29659635.08608233,119.36796379089355
Sobol,48,"[(-100, 100)]",10,1000,100,F282017,4317.610291850464,71.97733402252197
Sobol,48,"[(-100, 100)]",50,1000,100,F272017,3241.240397129241,89.22214484214783
HDS,48,"[(-100, 100)]",100,1000,100,F272017,4601.417886518422,182.9956538677216
Sobol,48,"[(-100, 100)]",100,1000,100,F252017,16327.497453310636,186.00366497039795
HDS,48,"[(-100, 100)]",10,1000,100,F292017,,52.35788702964783
HDS,48,"[(-100, 100)]",50,1000,100,F282017,721466296.9083117,165.78267812728882
HDS,48,"[(-100, 100)]",30,1000,100,F292017,18103091.68335236,68.1478157043457
Sobol,48,"[(-100, 100)]",100,1000,100,F262017,5451.570381553387,187.8611640930176
Sobol,48,"[(-100, 100)]",10,1000,100,F292017,,51.12026333808899
HDS,48,"[(-100, 100)]",10,1000,100,F32017,304.0580588853033,8.044283866882324
Sobol,48,"[(-100, 100)]",30,1000,100,F282017,18153708.772785347,118.68901777267456
Sobol,48,"[(-100, 100)]",10,1000,100,F32017,308.99209320939104,6.756706953048706
HDS,48,"[(-100, 100)]",30,1000,100,F32017,384.7688589955735,17.116811752319336
HDS,48,"[(-100, 100)]",50,1000,100,F292017,1057820340.112835,86.2019031047821
HDS,48,"[(-100, 100)]",50,1000,100,F32017,1326.365602363972,17.76113986968994
Sobol,48,"[(-100, 100)]",30,1000,100,F292017,68386656.57548441,68.4760251045227
Sobol,48,"[(-100, 100)]",30,1000,100,F32017,360.9133796565698,17.00198197364807
Sobol,48,"[(-100, 100)]",50,1000,100,F32017,1236.006801896942,17.263123035430908
HDS,48,"[(-100, 100)]",100,1000,100,F32017,5817.17307040694,19.18027687072754
HDS,48,"[(-100, 100)]",10,1000,100,F42017,428.3211207112585,16.45267415046692
HDS,48,"[(-100, 100)]",30,1000,100,F42017,757.6135694450921,16.714404106140137
Sobol,48,"[(-100, 100)]",100,1000,100,F32017,6077.300277997615,17.715354919433594
Sobol,48,"[(-100, 100)]",10,1000,100,F42017,433.26142116433294,16.316977977752686
Sobol,48,"[(-100, 100)]",30,1000,100,F42017,726.6770200542505,16.71592402458191
HDS,48,"[(-100, 100)]",10,1000,100,F52017,500.0023081893422,0.4479620456695556
Sobol,48,"[(-100, 100)]",10,1000,100,F52017,500.0059020054376,0.2229349613189697
HDS,48,"[(-100, 100)]",30,1000,100,F52017,500.0573629965709,0.7206058502197266
Sobol,48,"[(-100, 100)]",30,1000,100,F52017,500.0710035619137,0.3477041721343994
HDS,48,"[(-100, 100)]",50,1000,100,F52017,500.065503453298,1.0415587425231934
Sobol,48,"[(-100, 100)]",50,1000,100,F52017,500.0768197703502,0.4737780094146728
HDS,48,"[(-100, 100)]",100,1000,100,F52017,500.0856227702348,2.1847870349884038
Sobol,48,"[(-100, 100)]",100,1000,100,F272017,4404.575676489333,181.68688797950745
Sobol,48,"[(-100, 100)]",100,1000,100,F52017,500.1364523695355,0.815683126449585
HDS,48,"[(-100, 100)]",50,1000,100,F42017,1940.4442164375996,17.484036922454834
HDS,48,"[(-100, 100)]",100,1000,100,F42017,18414.77919615166,18.659398078918457
HDS,48,"[(-100, 100)]",100,1000,100,F282017,1522136587.8206923,281.34540128707886
HDS,48,"[(-100, 100)]",10,1000,100,F62017,647.4075364201008,18.708409786224365
Sobol,48,"[(-100, 100)]",50,1000,100,F42017,1602.1675620817864,16.71674084663391
HDS,48,"[(-100, 100)]",30,1000,100,F62017,958.2759593623936,20.04609084129333
HDS,48,"[(-100, 100)]",100,1000,100,F292017,26285396886.01289,131.0824911594391
Sobol,48,"[(-100, 100)]",100,1000,100,F42017,34277.958161158815,17.170883893966675
Sobol,48,"[(-100, 100)]",50,1000,100,F292017,970673881.9966452,86.5127592086792
Sobol,48,"[(-100, 100)]",50,1000,100,F282017,114431880.90413047,166.98735809326172
Sobol,48,"[(-100, 100)]",10,1000,100,F62017,639.0527402765139,18.14160990715027
HDS,48,"[(-100, 100)]",50,1000,100,F62017,18079.313648110263,19.1357421875
Sobol,48,"[(-100, 100)]",30,1000,100,F62017,2813.4899036555576,19.67156291007996
HDS,48,"[(-100, 100)]",100,1000,100,F62017,875614.2699595406,20.50578474998474
HDS,48,"[(-100, 100)]",10,1000,100,F72017,741.4777922732083,22.99194979667664
HDS,48,"[(-100, 100)]",30,1000,100,F72017,1107.74858744692,23.30783700942993
Sobol,48,"[(-100, 100)]",50,1000,100,F62017,79717.6284488588,18.72367215156555
HDS,48,"[(-100, 100)]",10,1000,100,F82017,800.7297478582415,1.032839059829712
Sobol,48,"[(-100, 100)]",10,1000,100,F82017,801.5349531798679,0.9601740837097168
HDS,48,"[(-100, 100)]",50,1000,100,F72017,1556.5188930036777,23.43261218070984
HDS,48,"[(-100, 100)]",30,1000,100,F82017,807.7876402755344,3.705844879150391
Sobol,48,"[(-100, 100)]",100,1000,100,F62017,1174005.0084902926,19.187418937683105
HDS,48,"[(-100, 100)]",100,1000,100,F72017,3259.7526331916024,25.43956208229065
Sobol,48,"[(-100, 100)]",30,1000,100,F82017,809.6370477015789,5.692281723022461
Sobol,48,"[(-100, 100)]",10,1000,100,F72017,732.0,22.37769198417664
Sobol,48,"[(-100, 100)]",30,1000,100,F72017,1076.5833311019474,22.835250854492188
HDS,48,"[(-100, 100)]",50,1000,100,F82017,815.9911301761371,15.549740076065063
Sobol,48,"[(-100, 100)]",50,1000,100,F72017,1674.9025273617713,22.94513726234436
HDS,48,"[(-100, 100)]",100,1000,100,F82017,892.2271073772185,20.675376892089844
Sobol,48,"[(-100, 100)]",100,1000,100,F72017,3076.1635088593284,24.162282943725582
Sobol,48,"[(-100, 100)]",50,1000,100,F82017,817.30670009643,12.029348850250244
HDS,48,"[(-100, 100)]",10,1000,100,F92017,-1040.1151905924437,22.34335994720459
HDS,48,"[(-100, 100)]",30,1000,100,F92017,2965.328425222964,23.29184103012085
HDS,48,"[(-100, 100)]",50,1000,100,F92017,9742.312812964785,23.715405225753784
Sobol,48,"[(-100, 100)]",100,1000,100,F82017,876.7545938105491,19.323790788650516
HDS,49,"[(-100, 100)]",10,1000,100,F102017,1072.867513374544,19.425436973571777
HDS,48,"[(-100, 100)]",100,1000,100,F92017,24485.984642407413,25.88505506515503
Sobol,48,"[(-100, 100)]",10,1000,100,F92017,-1260.3116855251546,22.02310013771057
Sobol,48,"[(-100, 100)]",30,1000,100,F92017,2797.812434711192,22.63915991783142
HDS,49,"[(-100, 100)]",30,1000,100,F102017,58663.04590578644,20.21800327301025
Sobol,48,"[(-100, 100)]",50,1000,100,F92017,8932.345198196603,23.1370689868927
Sobol,49,"[(-100, 100)]",10,1000,100,F102017,1109.4579511331283,19.604999780654907
HDS,49,"[(-100, 100)]",50,1000,100,F102017,228556.41016015835,20.454500913619995
Sobol,48,"[(-100, 100)]",100,1000,100,F92017,26159.957697402016,24.595456838607788
HDS,49,"[(-100, 100)]",100,1000,100,F102017,1128722.2611649802,21.979366302490234
Sobol,49,"[(-100, 100)]",30,1000,100,F102017,89956.79476629684,20.10019612312317
Sobol,48,"[(-100, 100)]",100,1000,100,F292017,26497217428.39544,130.19242811203003
HDS,49,"[(-100, 100)]",10,1000,100,F112017,77274.68553579022,24.656272888183597
HDS,49,"[(-100, 100)]",30,1000,100,F112017,62286785.9928036,25.163345098495483
Sobol,49,"[(-100, 100)]",50,1000,100,F102017,182420.27812920645,20.054166078567505
Sobol,49,"[(-100, 100)]",100,1000,100,F102017,1933107.2472959813,20.95981001853943
HDS,49,"[(-100, 100)]",50,1000,100,F112017,128716015.42335646,26.08987188339233
HDS,49,"[(-100, 100)]",10,1000,100,F12017,32237.35828977218,16.30587100982666
HDS,49,"[(-100, 100)]",30,1000,100,F12017,12954463.031010292,16.375669956207275
HDS,49,"[(-100, 100)]",100,1000,100,F112017,4955197033.031125,27.476841926574707
Sobol,49,"[(-100, 100)]",10,1000,100,F112017,92379.2273786024,24.77939987182617
HDS,49,"[(-100, 100)]",50,1000,100,F12017,899419714.1574725,16.45295214653015
Sobol,49,"[(-100, 100)]",30,1000,100,F112017,70136372.2719962,25.253859043121334
Sobol,49,"[(-100, 100)]",10,1000,100,F12017,44508.90293779421,15.755579948425291
Sobol,49,"[(-100, 100)]",30,1000,100,F12017,54341002.587338105,15.781872272491457
Sobol,49,"[(-100, 100)]",50,1000,100,F112017,298737342.9681465,25.12985396385193
HDS,49,"[(-100, 100)]",100,1000,100,F12017,22536432283.073383,17.7223219871521
Sobol,49,"[(-100, 100)]",50,1000,100,F12017,1960079372.0645432,16.068486213684082
Sobol,49,"[(-100, 100)]",100,1000,100,F112017,3509773574.6037207,26.05562925338745
HDS,49,"[(-100, 100)]",10,1000,100,F122017,1285.292626974839,20.811656951904297
HDS,49,"[(-100, 100)]",30,1000,100,F122017,462591.621110539,21.435858964920044
HDS,49,"[(-100, 100)]",50,1000,100,F122017,44709183.30301043,21.799293994903564
Sobol,49,"[(-100, 100)]",100,1000,100,F12017,33577279080.453995,16.593091249465942
HDS,49,"[(-100, 100)]",100,1000,100,F122017,3386285398.5713,23.5290470123291
HDS,49,"[(-100, 100)]",10,1000,100,F132017,1382.8484665732258,21.186829090118408
Sobol,49,"[(-100, 100)]",10,1000,100,F122017,1523.727086517317,20.542298078536987
HDS,49,"[(-100, 100)]",30,1000,100,F132017,229373.35439574168,22.83765196800232
Sobol,49,"[(-100, 100)]",30,1000,100,F122017,133914.47270040654,20.75120782852173
Sobol,49,"[(-100, 100)]",50,1000,100,F122017,653713140.4094696,20.960091829299927
Sobol,49,"[(-100, 100)]",100,1000,100,F122017,4755389838.893272,21.78775191307068
HDS,49,"[(-100, 100)]",50,1000,100,F132017,5786128.199786505,24.15958595275879
Sobol,49,"[(-100, 100)]",10,1000,100,F132017,1369.8418470868091,20.833751916885376
Sobol,49,"[(-100, 100)]",30,1000,100,F132017,578693.3772656404,22.29865026473999
HDS,49,"[(-100, 100)]",10,1000,100,F142017,1560.912227989004,20.897032737731934
HDS,49,"[(-100, 100)]",100,1000,100,F132017,25698266.33380006,28.642396926879883
HDS,49,"[(-100, 100)]",30,1000,100,F142017,717271.232615646,21.2594530582428
HDS,49,"[(-100, 100)]",50,1000,100,F142017,19216398.698410444,21.777244091033936
Sobol,49,"[(-100, 100)]",50,1000,100,F132017,3863553.520512786,23.346030950546265
HDS,49,"[(-100, 100)]",100,1000,100,F142017,206448695.06977648,22.70920705795288
Sobol,49,"[(-100, 100)]",10,1000,100,F142017,3173.01309046436,20.28947806358337
HDS,49,"[(-100, 100)]",10,1000,100,F152017,1336.894449798092,26.61819291114807
Sobol,49,"[(-100, 100)]",30,1000,100,F142017,2159908.037342443,20.80161690711975
Sobol,49,"[(-100, 100)]",100,1000,100,F132017,35520634.42818321,27.457375049591064
Sobol,49,"[(-100, 100)]",50,1000,100,F142017,19466026.108731505,20.8749577999115
Sobol,49,"[(-100, 100)]",100,1000,100,F142017,1085914547.191962,21.195003271102905
Sobol,49,"[(-100, 100)]",10,1000,100,F152017,1502.613380004353,14.203610181808472
Sobol,48,"[(-100, 100)]",100,1000,100,F282017,15125794104.704222,285.05711913108826
HDS,49,"[(-100, 100)]",30,1000,100,F152017,2057.1721389468958,35.62824296951294
HDS,49,"[(-100, 100)]",50,1000,100,F152017,7856.796835992019,41.51756691932678
HDS,49,"[(-100, 100)]",10,1000,100,F172017,,22.5433509349823
HDS,49,"[(-100, 100)]",10,1000,100,F162017,1483.1977685770078,48.384557008743286
Sobol,49,"[(-100, 100)]",30,1000,100,F152017,3547.072664290037,34.9395546913147
HDS,49,"[(-100, 100)]",100,1000,100,F152017,74924.46644552652,57.31876993179321
Sobol,49,"[(-100, 100)]",10,1000,100,F172017,,22.532734155654907
Sobol,49,"[(-100, 100)]",50,1000,100,F152017,28714.231533985447,40.633777141571045
HDS,49,"[(-100, 100)]",30,1000,100,F172017,119373.90127967544,23.069107055664062
HDS,49,"[(-100, 100)]",50,1000,100,F172017,1530087.066352439,23.08183193206787
HDS,49,"[(-100, 100)]",30,1000,100,F162017,50634.81837644997,89.97812986373901
Sobol,49,"[(-100, 100)]",10,1000,100,F162017,1875.765115801894,48.35356307029724
HDS,49,"[(-100, 100)]",100,1000,100,F172017,11074897.89414592,25.76617813110352
Sobol,49,"[(-100, 100)]",30,1000,100,F172017,153952.36782860724,22.40322494506836
Sobol,49,"[(-100, 100)]",50,1000,100,F172017,1045702.6772922664,22.838509798049927
Sobol,49,"[(-100, 100)]",100,1000,100,F152017,136987.05720052606,56.58134412765503
HDS,49,"[(-100, 100)]",10,1000,100,F182017,1808.1998715853083,21.155128002166748
Sobol,49,"[(-100, 100)]",100,1000,100,F172017,33402891.639998607,24.102510929107662
HDS,49,"[(-100, 100)]",50,1000,100,F162017,31511727.495577056,129.79944610595703
Sobol,49,"[(-100, 100)]",10,1000,100,F182017,1808.3932734732573,22.191408157348636
HDS,49,"[(-100, 100)]",30,1000,100,F182017,138818.88912060027,50.56244897842407
HDS,49,"[(-100, 100)]",10,1000,100,F192017,1822.7631511517027,49.03613066673279
HDS,49,"[(-100, 100)]",50,1000,100,F182017,6517290.324409842,68.09320092201233
Sobol,49,"[(-100, 100)]",30,1000,100,F162017,94934.37476394066,88.74214816093445
Sobol,49,"[(-100, 100)]",30,1000,100,F182017,340028.7882210521,50.51490306854248
Sobol,49,"[(-100, 100)]",10,1000,100,F192017,1830.875778101946,49.477853298187256
HDS,49,"[(-100, 100)]",100,1000,100,F182017,1131134114.3712523,111.9896240234375
HDS,49,"[(-100, 100)]",10,1000,100,F202017,2134.347332285613,8.836460828781128
HDS,49,"[(-100, 100)]",30,1000,100,F192017,2593.481991701296,90.48823308944702
HDS,49,"[(-100, 100)]",100,1000,100,F162017,708461288442.657,228.67141604423523
Sobol,49,"[(-100, 100)]",10,1000,100,F202017,2125.084666846191,11.50467300415039
Sobol,49,"[(-100, 100)]",50,1000,100,F182017,9512884.974047946,68.20719003677368
Sobol,49,"[(-100, 100)]",50,1000,100,F162017,11146732.735080505,129.09844994544983
HDS,49,"[(-100, 100)]",30,1000,100,F202017,2518.5729291336133,26.31185007095337
HDS,49,"[(-100, 100)]",50,1000,100,F202017,4063.7186849412633,27.259455919265747
Sobol,49,"[(-100, 100)]",30,1000,100,F202017,2418.487821568913,25.728331089019772
HDS,49,"[(-100, 100)]",100,1000,100,F202017,24100.534052259954,29.124663829803467
HDS,49,"[(-100, 100)]",10,1000,100,F212017,2214.531940028419,3.4322879314422607
Sobol,49,"[(-100, 100)]",50,1000,100,F202017,3934.825401685996,26.51710200309753
HDS,49,"[(-100, 100)]",50,1000,100,F192017,2787.82959625182,134.37569785118103
Sobol,49,"[(-100, 100)]",100,1000,100,F202017,37735.57768882482,27.72411108016968
Sobol,49,"[(-100, 100)]",30,1000,100,F192017,2469.872555168213,90.1584119796753
Sobol,49,"[(-100, 100)]",10,1000,100,F212017,830.3533092737557,30.249815702438354
HDS,49,"[(-100, 100)]",30,1000,100,F212017,2312.678970739232,31.281474113464355
Sobol,49,"[(-100, 100)]",100,1000,100,F182017,1023031320.8553886,111.27933692932127
HDS,49,"[(-100, 100)]",10,1000,100,F22017,200.3762500846492,14.55097198486328
HDS,49,"[(-100, 100)]",30,1000,100,F22017,13112.578404290638,16.3472318649292
HDS,49,"[(-100, 100)]",50,1000,100,F212017,2550.9542009516863,32.275169134140015
HDS,49,"[(-100, 100)]",100,1000,100,F212017,3906.326143686328,34.94339203834534
Sobol,49,"[(-100, 100)]",10,1000,100,F22017,201.2134960169141,15.817003965377808
Sobol,49,"[(-100, 100)]",30,1000,100,F212017,2280.5597090191386,31.197838306427
Sobol,49,"[(-100, 100)]",30,1000,100,F22017,10900.715169992203,16.493427753448486
HDS,49,"[(-100, 100)]",50,1000,100,F22017,73819.54966264543,18.28922700881958
HDS,49,"[(-100, 100)]",100,1000,100,F22017,284863.1815354167,18.21996808052063
HDS,49,"[(-100, 100)]",10,1000,100,F222017,2344.2418501047923,13.882496118545532
Sobol,49,"[(-100, 100)]",50,1000,100,F212017,2539.257937348285,32.22507309913635
Sobol,49,"[(-100, 100)]",100,1000,100,F212017,3814.369411262039,34.017619371414185
Sobol,49,"[(-100, 100)]",50,1000,100,F22017,80986.66788805359,17.54619598388672
Sobol,49,"[(-100, 100)]",10,1000,100,F222017,2378.1857804237898,11.932137966156006
Sobol,49,"[(-100, 100)]",100,1000,100,F22017,294759.4745208362,17.192718982696533
HDS,49,"[(-100, 100)]",10,1000,100,F232017,2528.127554727759,10.086124897003174
Sobol,49,"[(-100, 100)]",10,1000,100,F232017,2536.850203268016,12.085471868515016
HDS,49,"[(-100, 100)]",30,1000,100,F222017,2924.463950272333,35.216094970703125
HDS,49,"[(-100, 100)]",50,1000,100,F222017,4926.805258696844,36.062323331832886
HDS,49,"[(-100, 100)]",30,1000,100,F232017,3163.8092048724693,29.751461267471317
HDS,49,"[(-100, 100)]",100,1000,100,F222017,24450.353153146963,39.00426816940308
HDS,49,"[(-100, 100)]",100,1000,100,F192017,5434.320598324319,235.9871733188629
HDS,49,"[(-100, 100)]",50,1000,100,F232017,8980.501461975444,30.671433925628666
Sobol,49,"[(-100, 100)]",50,1000,100,F192017,2668.522035591288,133.98785018920898
Sobol,49,"[(-100, 100)]",30,1000,100,F222017,3967.0355429657543,34.288596868515015
Sobol,49,"[(-100, 100)]",30,1000,100,F232017,2726.7764995846,29.71576237678528
Sobol,49,"[(-100, 100)]",50,1000,100,F222017,12156.781990395672,35.313167095184326
HDS,49,"[(-100, 100)]",10,1000,100,F242017,2890.827323448835,10.60861587524414
Sobol,49,"[(-100, 100)]",100,1000,100,F222017,27047.448339900824,37.38096880912781
Sobol,49,"[(-100, 100)]",100,1000,100,F162017,67435280818.17782,231.84301495552063
Sobol,49,"[(-100, 100)]",10,1000,100,F242017,2889.0511181405604,9.668043851852415
Sobol,49,"[(-100, 100)]",50,1000,100,F232017,6982.976405580428,30.5378839969635
HDS,49,"[(-100, 100)]",100,1000,100,F232017,35221.2045474785,33.67119574546814
HDS,49,"[(-100, 100)]",30,1000,100,F242017,2882.1286582140056,30.286700010299683
HDS,49,"[(-100, 100)]",10,1000,100,F252017,2980.616789154578,17.769486904144287
HDS,49,"[(-100, 100)]",50,1000,100,F242017,4181.952766411079,32.71606397628784
HDS,49,"[(-100, 100)]",100,1000,100,F242017,7005.997599445192,36.23946404457092
Sobol,49,"[(-100, 100)]",100,1000,100,F232017,59356.52202005132,31.94621419906616
Sobol,49,"[(-100, 100)]",30,1000,100,F242017,2864.2044078077643,29.55769920349121
Sobol,49,"[(-100, 100)]",50,1000,100,F242017,4772.374888112004,32.04214096069336
Sobol,49,"[(-100, 100)]",10,1000,100,F252017,2500.427387628944,43.8253607749939
Sobol,49,"[(-100, 100)]",100,1000,100,F242017,7082.654995219872,35.027809143066406
HDS,49,"[(-100, 100)]",10,1000,100,F262017,2943.157177203254,28.281853199005127
HDS,49,"[(-100, 100)]",30,1000,100,F252017,3377.259266399885,84.3243248462677
Sobol,49,"[(-100, 100)]",10,1000,100,F262017,2987.445894554388,15.1896710395813
HDS,49,"[(-100, 100)]",10,1000,100,F272017,2842.2217025813743,11.357041358947754
Sobol,49,"[(-100, 100)]",10,1000,100,F272017,2834.539299376469,9.698729991912842
HDS,49,"[(-100, 100)]",50,1000,100,F252017,4933.039008562506,114.81938791275024
HDS,49,"[(-100, 100)]",30,1000,100,F262017,3200.734326313777,85.54516100883484
HDS,49,"[(-100, 100)]",30,1000,100,F272017,2906.2943390641462,51.36725401878357
Sobol,49,"[(-100, 100)]",30,1000,100,F252017,3390.212609902309,80.85746479034424
HDS,49,"[(-100, 100)]",50,1000,100,F262017,3751.522962954448,116.43773818016052
Sobol,49,"[(-100, 100)]",100,1000,100,F192017,4584.871368493008,234.37456679344177
Sobol,49,"[(-100, 100)]",30,1000,100,F262017,3201.77366053322,84.8562650680542
Sobol,49,"[(-100, 100)]",30,1000,100,F272017,2905.6797837952467,65.21802306175232
Sobol,49,"[(-100, 100)]",50,1000,100,F252017,5556.039761498543,113.3014678955078
HDS,49,"[(-100, 100)]",100,1000,100,F252017,18617.634966195983,192.2962031364441
HDS,49,"[(-100, 100)]",100,1000,100,F262017,4978.97172035595,192.9038851261139
HDS,49,"[(-100, 100)]",50,1000,100,F272017,3237.956470996668,106.89630603790285
Sobol,49,"[(-100, 100)]",50,1000,100,F262017,3765.937345025264,114.83396315574646
HDS,49,"[(-100, 100)]",10,1000,100,F282017,3996.0881900536583,73.76748180389404
HDS,49,"[(-100, 100)]",30,1000,100,F282017,1652821.8352619773,123.3441710472107
Sobol,49,"[(-100, 100)]",10,1000,100,F282017,4141.483647085407,73.90524697303772
HDS,49,"[(-100, 100)]",100,1000,100,F272017,4325.564851068953,185.6755759716034
Sobol,49,"[(-100, 100)]",50,1000,100,F272017,3042.9247353874,109.11994886398315
HDS,49,"[(-100, 100)]",50,1000,100,F282017,588116532.2748247,170.24123191833496
Sobol,49,"[(-100, 100)]",100,1000,100,F252017,18086.15372578641,189.11943697929385
HDS,49,"[(-100, 100)]",10,1000,100,F292017,,51.64753007888794
Sobol,49,"[(-100, 100)]",100,1000,100,F262017,5559.4245563506165,189.81134629249573
HDS,49,"[(-100, 100)]",30,1000,100,F292017,11250497.836995952,68.66990685462952
Sobol,49,"[(-100, 100)]",30,1000,100,F282017,37303554.46520437,120.94824814796448
Sobol,49,"[(-100, 100)]",10,1000,100,F292017,,50.65243983268738
HDS,49,"[(-100, 100)]",10,1000,100,F32017,307.4087710082777,6.216328859329224
Sobol,49,"[(-100, 100)]",10,1000,100,F32017,308.21093110774115,7.869387865066528
HDS,49,"[(-100, 100)]",30,1000,100,F32017,389.71918710002495,17.05974292755127
HDS,49,"[(-100, 100)]",50,1000,100,F32017,1645.0325144362516,17.35564613342285
Sobol,49,"[(-100, 100)]",30,1000,100,F32017,354.1061119425399,16.78648018836975
HDS,49,"[(-100, 100)]",50,1000,100,F292017,1210354990.8470902,85.82783913612366
Sobol,49,"[(-100, 100)]",50,1000,100,F32017,1244.4683108215731,16.83233094215393
Sobol,49,"[(-100, 100)]",30,1000,100,F292017,9621603.62074748,67.29913997650146
HDS,49,"[(-100, 100)]",100,1000,100,F32017,3961.6647141132735,18.91854739189148
HDS,49,"[(-100, 100)]",10,1000,100,F42017,434.2806083446797,16.177088975906372
HDS,49,"[(-100, 100)]",30,1000,100,F42017,680.3562569804155,16.486618041992188
Sobol,49,"[(-100, 100)]",100,1000,100,F32017,3962.152101912124,17.343651056289673
Sobol,49,"[(-100, 100)]",10,1000,100,F42017,442.10138190282055,15.901899099349976
Sobol,49,"[(-100, 100)]",30,1000,100,F42017,634.528790542153,16.279885053634644
HDS,49,"[(-100, 100)]",10,1000,100,F52017,500.0064002096037,0.4444417953491211
Sobol,49,"[(-100, 100)]",10,1000,100,F52017,500.0043459675739,0.2096829414367675
HDS,49,"[(-100, 100)]",30,1000,100,F52017,500.0428498689167,0.6878321170806885
Sobol,49,"[(-100, 100)]",30,1000,100,F52017,500.0453959645991,0.3517830371856689
HDS,49,"[(-100, 100)]",50,1000,100,F52017,500.0674777487947,1.0209290981292725
Sobol,49,"[(-100, 100)]",50,1000,100,F52017,500.0751858966631,0.4786100387573242
HDS,49,"[(-100, 100)]",100,1000,100,F52017,500.09007463677455,2.121212959289551
Sobol,49,"[(-100, 100)]",100,1000,100,F52017,500.1323025701585,0.7616660594940186
HDS,49,"[(-100, 100)]",50,1000,100,F42017,4568.358117256221,18.321537256240845
Sobol,49,"[(-100, 100)]",100,1000,100,F272017,5023.24390474788,180.1191689968109
Sobol,49,"[(-100, 100)]",50,1000,100,F282017,3554696331.8572125,164.0030801296234
HDS,49,"[(-100, 100)]",100,1000,100,F42017,44447.300002431504,18.50786304473877
HDS,49,"[(-100, 100)]",100,1000,100,F282017,23081450705.772144,284.650918006897
HDS,49,"[(-100, 100)]",10,1000,100,F62017,641.3317801344958,18.175769805908203
HDS,49,"[(-100, 100)]",100,1000,100,F292017,6585727684.291533,129.29187893867493
Sobol,49,"[(-100, 100)]",50,1000,100,F42017,3278.505171300526,17.64460802078247
HDS,49,"[(-100, 100)]",30,1000,100,F62017,3297.023252760142,18.516515254974365
Sobol,49,"[(-100, 100)]",100,1000,100,F42017,38316.529028369776,17.140884160995483
HDS,49,"[(-100, 100)]",50,1000,100,F62017,189017.1270396844,20.1050922870636
Sobol,49,"[(-100, 100)]",50,1000,100,F292017,1294384131.0952148,86.27922296524048
Sobol,49,"[(-100, 100)]",10,1000,100,F62017,652.3609822583215,18.23512601852417
Sobol,49,"[(-100, 100)]",30,1000,100,F62017,4691.498300061639,18.20023798942566
HDS,49,"[(-100, 100)]",100,1000,100,F62017,847015.16638709,21.371059894561768
Sobol,49,"[(-100, 100)]",50,1000,100,F62017,88584.05608548256,19.426900148391724
HDS,49,"[(-100, 100)]",10,1000,100,F82017,801.5092158552056,0.8308873176574707
HDS,49,"[(-100, 100)]",10,1000,100,F72017,742.0,22.570185899734497
Sobol,49,"[(-100, 100)]",10,1000,100,F82017,801.2991589353,1.0130481719970703
HDS,49,"[(-100, 100)]",30,1000,100,F82017,811.9905904087186,4.779076099395752
Sobol,49,"[(-100, 100)]",30,1000,100,F82017,806.6080287571301,3.3494410514831543
HDS,49,"[(-100, 100)]",50,1000,100,F72017,1752.5425824624715,23.39534330368042
HDS,49,"[(-100, 100)]",30,1000,100,F72017,1157.6686261767804,23.459763050079346
Sobol,49,"[(-100, 100)]",100,1000,100,F62017,1140916.6202141356,20.36825489997864
HDS,49,"[(-100, 100)]",100,1000,100,F72017,3156.4712627128106,24.946930170059204
HDS,49,"[(-100, 100)]",50,1000,100,F82017,821.4892024420943,11.617599964141846
Sobol,49,"[(-100, 100)]",10,1000,100,F72017,728.427337980283,22.557981729507446
Sobol,49,"[(-100, 100)]",50,1000,100,F82017,817.3311106399343,10.917974948883057
Sobol,49,"[(-100, 100)]",50,1000,100,F72017,1643.8217404495404,22.767852067947388
Sobol,49,"[(-100, 100)]",30,1000,100,F72017,1103.0201928257495,23.31757497787476
HDS,49,"[(-100, 100)]",100,1000,100,F82017,945.5475195598112,20.76755928993225
Sobol,49,"[(-100, 100)]",100,1000,100,F72017,3053.360899112821,23.967621088027958
HDS,49,"[(-100, 100)]",10,1000,100,F92017,-521.0744810693932,22.089076042175293
Sobol,49,"[(-100, 100)]",100,1000,100,F82017,876.8978701506787,18.502562046051025
HDS,49,"[(-100, 100)]",30,1000,100,F92017,2920.1565520480435,23.561157703399655
HDS,49,"[(-100, 100)]",50,1000,100,F92017,9431.74760232789,22.70121192932129
HDS,49,"[(-100, 100)]",100,1000,100,F92017,24921.39501451973,24.983768939971924
Sobol,49,"[(-100, 100)]",10,1000,100,F92017,-695.6020224171025,19.686266899108887
Sobol,49,"[(-100, 100)]",30,1000,100,F92017,3592.0424823759604,19.65865182876587
Sobol,49,"[(-100, 100)]",50,1000,100,F92017,8443.15579990501,18.79489207267761
Sobol,49,"[(-100, 100)]",100,1000,100,F92017,23514.6003705211,19.16537404060364
Sobol,49,"[(-100, 100)]",100,1000,100,F292017,16540122790.162527,112.56576585769652
Sobol,49,"[(-100, 100)]",100,1000,100,F282017,8923188074.662802,178.88699507713318
